time,id,pos,sugar,age,vision,metabolism,sex,children,has_reproduced,total_inheritance_received,last_partner_id,last_credit_partner,last_combat_partner
0,1,"(2, 21)",9.0,0,6,2,male,Int64[],false,0.0,Int64[],Int64[],Int64[]
0,2,"(10, 47)",6.0,0,6,1,male,Int64[],false,0.0,Int64[],Int64[],Int64[]
0,3,"(30, 6)",14.0,0,1,4,female,Int64[],false,0.0,Int64[],Int64[],Int64[]
0,4,"(9, 13)",16.0,0,6,2,male,Int64[],false,0.0,Int64[],Int64[],Int64[]
0,5,"(3, 34)",22.0,0,6,1,female,Int64[],false,0.0,Int64[],Int64[],Int64[]
0,6,"(26, 27)",11.0,0,3,2,female,Int64[],false,0.0,Int64[],Int64[],Int64[]
0,7,"(9, 40)",8.0,0,1,1,male,Int64[],false,0.0,Int64[],Int64[],Int64[]
0,8,"(33, 22)",15.0,0,4,3,male,Int64[],false,0.0,Int64[],Int64[],Int64[]
0,9,"(13, 19)",13.0,0,2,4,male,Int64[],false,0.0,Int64[],Int64[],Int64[]
0,10,"(39, 45)",14.0,0,6,1,male,Int64[],false,0.0,Int64[],Int64[],Int64[]
0,11,"(35, 1)",8.0,0,2,2,male,Int64[],false,0.0,Int64[],Int64[],Int64[]
0,12,"(21, 9)",8.0,0,6,2,male,Int64[],false,0.0,Int64[],Int64[],Int64[]
0,13,"(17, 26)",14.0,0,6,4,male,Int64[],false,0.0,Int64[],Int64[],Int64[]
0,14,"(13, 40)",10.0,0,2,2,male,Int64[],false,0.0,Int64[],Int64[],Int64[]
0,15,"(28, 20)",5.0,0,4,2,female,Int64[],false,0.0,Int64[],Int64[],Int64[]
0,16,"(38, 38)",11.0,0,6,3,female,Int64[],false,0.0,Int64[],Int64[],Int64[]
0,17,"(13, 44)",22.0,0,1,2,male,Int64[],false,0.0,Int64[],Int64[],Int64[]
0,18,"(50, 21)",11.0,0,5,4,female,Int64[],false,0.0,Int64[],Int64[],Int64[]
0,19,"(48, 27)",22.0,0,4,2,female,Int64[],false,0.0,Int64[],Int64[],Int64[]
0,20,"(13, 9)",14.0,0,4,1,male,Int64[],false,0.0,Int64[],Int64[],Int64[]
0,21,"(6, 20)",24.0,0,4,1,female,Int64[],false,0.0,Int64[],Int64[],Int64[]
0,22,"(20, 18)",25.0,0,1,3,male,Int64[],false,0.0,Int64[],Int64[],Int64[]
0,23,"(31, 2)",23.0,0,2,1,male,Int64[],false,0.0,Int64[],Int64[],Int64[]
0,24,"(12, 50)",14.0,0,6,2,female,Int64[],false,0.0,Int64[],Int64[],Int64[]
0,25,"(10, 9)",18.0,0,2,3,female,Int64[],false,0.0,Int64[],Int64[],Int64[]
0,26,"(44, 18)",19.0,0,2,3,female,Int64[],false,0.0,Int64[],Int64[],Int64[]
0,27,"(37, 1)",25.0,0,1,3,male,Int64[],false,0.0,Int64[],Int64[],Int64[]
0,28,"(26, 19)",5.0,0,2,4,male,Int64[],false,0.0,Int64[],Int64[],Int64[]
0,29,"(43, 15)",14.0,0,5,4,male,Int64[],false,0.0,Int64[],Int64[],Int64[]
0,30,"(17, 36)",19.0,0,2,3,female,Int64[],false,0.0,Int64[],Int64[],Int64[]
0,31,"(19, 39)",20.0,0,5,2,female,Int64[],false,0.0,Int64[],Int64[],Int64[]
0,32,"(25, 41)",16.0,0,2,4,female,Int64[],false,0.0,Int64[],Int64[],Int64[]
0,33,"(26, 2)",7.0,0,2,4,female,Int64[],false,0.0,Int64[],Int64[],Int64[]
0,34,"(5, 33)",24.0,0,1,4,male,Int64[],false,0.0,Int64[],Int64[],Int64[]
0,35,"(31, 50)",13.0,0,4,2,male,Int64[],false,0.0,Int64[],Int64[],Int64[]
0,36,"(43, 42)",6.0,0,1,1,female,Int64[],false,0.0,Int64[],Int64[],Int64[]
0,37,"(24, 8)",5.0,0,6,3,female,Int64[],false,0.0,Int64[],Int64[],Int64[]
0,38,"(38, 17)",17.0,0,2,1,female,Int64[],false,0.0,Int64[],Int64[],Int64[]
0,39,"(9, 24)",15.0,0,1,1,female,Int64[],false,0.0,Int64[],Int64[],Int64[]
0,40,"(19, 35)",21.0,0,5,4,female,Int64[],false,0.0,Int64[],Int64[],Int64[]
0,41,"(2, 18)",6.0,0,1,3,female,Int64[],false,0.0,Int64[],Int64[],Int64[]
0,42,"(23, 13)",16.0,0,2,1,male,Int64[],false,0.0,Int64[],Int64[],Int64[]
0,43,"(48, 9)",10.0,0,3,4,male,Int64[],false,0.0,Int64[],Int64[],Int64[]
0,44,"(10, 1)",18.0,0,2,3,female,Int64[],false,0.0,Int64[],Int64[],Int64[]
0,45,"(44, 32)",14.0,0,6,3,male,Int64[],false,0.0,Int64[],Int64[],Int64[]
0,46,"(23, 40)",21.0,0,6,2,male,Int64[],false,0.0,Int64[],Int64[],Int64[]
0,47,"(5, 12)",11.0,0,2,4,female,Int64[],false,0.0,Int64[],Int64[],Int64[]
0,48,"(44, 33)",18.0,0,5,4,female,Int64[],false,0.0,Int64[],Int64[],Int64[]
0,49,"(6, 24)",13.0,0,1,1,female,Int64[],false,0.0,Int64[],Int64[],Int64[]
0,50,"(14, 21)",25.0,0,5,2,female,Int64[],false,0.0,Int64[],Int64[],Int64[]
1,2,"(11, 46)",8.0,1,6,1,male,Int64[],false,0.0,Int64[],Int64[],Int64[]
1,3,"(30, 6)",13.0,1,1,4,female,Int64[],false,0.0,Int64[],Int64[],Int64[]
1,4,"(5, 12)",25.0,1,6,2,male,Int64[],false,0.0,Int64[],Int64[],[47]
1,5,"(5, 35)",23.0,1,6,1,female,Int64[],false,0.0,Int64[],Int64[],Int64[]
1,6,"(24, 28)",10.0,1,3,2,female,Int64[],false,0.0,Int64[],Int64[],Int64[]
1,7,"(9, 40)",10.0,1,1,1,male,Int64[],false,0.0,Int64[],Int64[],Int64[]
1,8,"(33, 21)",14.0,1,4,3,male,Int64[],false,0.0,Int64[],Int64[],Int64[]
1,10,"(39, 45)",13.0,1,6,1,male,Int64[],false,0.0,Int64[],Int64[],Int64[]
1,11,"(35, 3)",9.0,1,2,2,male,Int64[],false,0.0,Int64[],Int64[],Int64[]
1,12,"(24, 9)",8.0,1,6,2,male,Int64[],false,0.0,Int64[],Int64[],Int64[]
1,13,"(17, 29)",12.0,1,6,4,male,Int64[],false,0.0,Int64[],Int64[],Int64[]
1,14,"(13, 40)",12.0,1,2,2,male,Int64[],false,0.0,Int64[],Int64[],Int64[]
1,15,"(27, 18)",6.0,1,4,2,female,Int64[],false,0.0,Int64[],Int64[],[28]
1,16,"(38, 38)",8.0,1,6,3,female,Int64[],false,0.0,Int64[],Int64[],Int64[]
1,17,"(13, 44)",23.0,1,1,2,male,Int64[],false,0.0,Int64[],Int64[],Int64[]
1,18,"(2, 21)",14.0,1,5,4,female,Int64[],false,0.0,Int64[],Int64[],[1]
1,19,"(48, 27)",20.0,1,4,2,female,Int64[],false,0.0,Int64[],Int64[],Int64[]
1,20,"(13, 9)",13.0,1,4,1,male,Int64[],false,0.0,Int64[],Int64[],Int64[]
1,21,"(6, 20)",23.0,1,4,1,female,Int64[],false,0.0,Int64[],Int64[],Int64[]
1,22,"(20, 18)",22.0,1,1,3,male,Int64[],false,0.0,Int64[],Int64[],Int64[]
1,23,"(31, 4)",25.0,1,2,1,male,Int64[],false,0.0,Int64[],Int64[],Int64[]
1,24,"(13, 47)",15.0,1,6,2,female,Int64[],false,0.0,Int64[],Int64[],Int64[]
1,25,"(10, 9)",15.0,1,2,3,female,Int64[],false,0.0,Int64[],Int64[],Int64[]
1,26,"(44, 17)",18.0,1,2,3,female,Int64[],false,0.0,Int64[],Int64[],Int64[]
1,27,"(37, 1)",24.0,1,1,3,male,Int64[],false,0.0,Int64[],Int64[],Int64[]
1,29,"(41, 14)",13.0,1,5,4,male,Int64[],false,0.0,Int64[],Int64[],Int64[]
1,31,"(18, 39)",22.0,1,5,2,female,Int64[],false,0.0,Int64[],Int64[],Int64[]
1,32,"(25, 41)",14.0,1,2,4,female,Int64[],false,0.0,Int64[],Int64[],Int64[]
1,33,"(27, 2)",5.0,1,2,4,female,Int64[],false,0.0,Int64[],Int64[],Int64[]
1,34,"(6, 33)",22.0,1,1,4,male,Int64[],false,0.0,Int64[],Int64[],Int64[]
1,35,"(31, 50)",11.0,1,4,2,male,Int64[],false,0.0,Int64[],Int64[],Int64[]
1,36,"(43, 42)",5.0,1,1,1,female,Int64[],false,0.0,Int64[],Int64[],Int64[]
1,37,"(28, 8)",5.0,1,6,3,female,Int64[],false,0.0,Int64[],Int64[],Int64[]
1,38,"(38, 16)",19.0,1,2,1,female,Int64[],false,0.0,Int64[],Int64[],Int64[]
1,39,"(9, 24)",14.0,1,1,1,female,Int64[],false,0.0,Int64[],Int64[],Int64[]
1,40,"(17, 36)",39.0,1,5,4,female,Int64[],false,0.0,Int64[],Int64[],[30]
1,41,"(2, 18)",3.0,1,1,3,female,Int64[],false,0.0,Int64[],Int64[],Int64[]
1,42,"(24, 13)",17.0,1,2,1,male,Int64[],false,0.0,Int64[],Int64[],Int64[]
1,43,"(46, 9)",8.0,1,3,4,male,Int64[],false,0.0,Int64[],Int64[],Int64[]
1,44,"(10, 1)",15.0,1,2,3,female,Int64[],false,0.0,Int64[],Int64[],Int64[]
1,46,"(22, 40)",22.0,1,6,2,male,Int64[],false,0.0,Int64[],Int64[],Int64[]
1,48,"(44, 32)",25.0,1,5,4,female,Int64[],false,0.0,Int64[],Int64[],[45]
1,49,"(6, 24)",12.0,1,1,1,female,Int64[],false,0.0,Int64[],Int64[],Int64[]
1,50,"(13, 19)",36.0,1,5,2,female,Int64[],false,0.0,Int64[],Int64[],[9]
2,2,"(13, 42)",11.0,2,6,1,male,Int64[],false,0.0,Int64[],Int64[],Int64[]
2,3,"(29, 6)",12.0,2,1,4,female,Int64[],false,0.0,Int64[],Int64[],Int64[]
2,4,"(5, 12)",23.0,2,6,2,male,Int64[],false,0.0,Int64[],Int64[],Int64[]
2,5,"(7, 33)",42.0,2,6,1,female,Int64[],false,0.0,Int64[],Int64[],[34]
2,6,"(24, 28)",9.0,2,3,2,female,Int64[],false,0.0,Int64[],Int64[],Int64[]
2,7,"(9, 39)",12.0,2,1,1,male,Int64[],false,0.0,Int64[],Int64[],Int64[]
2,8,"(33, 17)",14.0,2,4,3,male,Int64[],false,0.0,Int64[],Int64[],Int64[]
2,10,"(39, 45)",12.0,2,6,1,male,Int64[],false,0.0,Int64[],Int64[],Int64[]
2,11,"(34, 3)",10.0,2,2,2,male,Int64[],false,0.0,Int64[],Int64[],Int64[]
2,12,"(28, 9)",9.0,2,6,2,male,Int64[],false,0.0,Int64[],Int64[],Int64[]
2,13,"(17, 33)",11.0,2,6,4,male,Int64[],false,0.0,Int64[],Int64[],Int64[]
2,15,"(27, 17)",6.0,2,4,2,female,Int64[],false,0.0,Int64[],Int64[],Int64[]
2,16,"(38, 38)",5.0,2,6,3,female,Int64[],false,0.0,Int64[],Int64[],Int64[]
2,17,"(13, 43)",24.0,2,1,2,male,Int64[],false,0.0,Int64[],Int64[],Int64[]
2,18,"(2, 18)",13.0,2,5,4,female,Int64[],false,0.0,Int64[],Int64[],[41]
2,19,"(48, 27)",18.0,2,4,2,female,Int64[],false,0.0,Int64[],Int64[],Int64[]
2,20,"(13, 9)",12.0,2,4,1,male,Int64[],false,0.0,Int64[],Int64[],Int64[]
2,21,"(6, 20)",22.0,2,4,1,female,Int64[],false,0.0,Int64[],Int64[],Int64[]
2,22,"(20, 18)",19.0,2,1,3,male,Int64[],false,0.0,Int64[],Int64[],Int64[]
2,23,"(32, 4)",27.0,2,2,1,male,Int64[],false,0.0,Int64[],Int64[],Int64[]
2,24,"(14, 43)",17.0,2,6,2,female,Int64[],false,0.0,Int64[],Int64[],Int64[]
2,25,"(10, 9)",12.0,2,2,3,female,Int64[],false,0.0,Int64[],Int64[],Int64[]
2,26,"(44, 16)",17.0,2,2,3,female,Int64[],false,0.0,Int64[],Int64[],Int64[]
2,27,"(36, 1)",23.0,2,1,3,male,Int64[],false,0.0,Int64[],Int64[],Int64[]
2,29,"(41, 13)",12.0,2,5,4,male,Int64[],false,0.0,Int64[],Int64[],Int64[]
2,31,"(13, 39)",34.0,2,5,2,female,Int64[],false,0.0,Int64[],Int64[],[14]
2,32,"(25, 40)",12.0,2,2,4,female,Int64[],false,0.0,Int64[],Int64[],Int64[]
2,33,"(28, 2)",3.0,2,2,4,female,Int64[],false,0.0,Int64[],Int64[],Int64[]
2,35,"(31, 50)",9.0,2,4,2,male,Int64[],false,0.0,Int64[],Int64[],Int64[]
2,36,"(43, 42)",4.0,2,1,1,female,Int64[],false,0.0,Int64[],Int64[],Int64[]
2,37,"(32, 9)",6.0,2,6,3,female,Int64[],false,0.0,Int64[],Int64[],Int64[]
2,38,"(38, 15)",21.0,2,2,1,female,Int64[],false,0.0,Int64[],Int64[],Int64[]
2,39,"(9, 24)",13.0,2,1,1,female,Int64[],false,0.0,Int64[],Int64[],Int64[]
2,40,"(16, 37)",39.0,2,5,4,female,Int64[],false,0.0,Int64[],Int64[],Int64[]
2,42,"(24, 12)",18.0,2,2,1,male,Int64[],false,0.0,Int64[],Int64[],Int64[]
2,43,"(46, 8)",6.0,2,3,4,male,Int64[],false,0.0,Int64[],Int64[],Int64[]
2,44,"(10, 1)",12.0,2,2,3,female,Int64[],false,0.0,Int64[],Int64[],Int64[]
2,46,"(18, 40)",24.0,2,6,2,male,Int64[],false,0.0,Int64[],Int64[],Int64[]
2,48,"(44, 32)",21.0,2,5,4,female,Int64[],false,0.0,Int64[],Int64[],Int64[]
2,49,"(6, 24)",11.0,2,1,1,female,Int64[],false,0.0,Int64[],Int64[],Int64[]
2,50,"(13, 19)",34.0,2,5,2,female,Int64[],false,0.0,Int64[],Int64[],Int64[]
3,3,"(29, 7)",11.0,3,1,4,female,Int64[],false,0.0,Int64[],Int64[],Int64[]
3,4,"(5, 12)",21.0,3,6,2,male,Int64[],false,0.0,Int64[],Int64[],Int64[]
3,5,"(10, 35)",44.0,3,6,1,female,Int64[],false,0.0,Int64[],Int64[],Int64[]
3,6,"(24, 28)",8.0,3,3,2,female,Int64[],false,0.0,Int64[],Int64[],Int64[]
3,7,"(9, 38)",14.0,3,1,1,male,Int64[],false,0.0,Int64[],Int64[],Int64[]
3,8,"(33, 16)",14.0,3,4,3,male,Int64[],false,0.0,Int64[],Int64[],Int64[]
3,10,"(39, 45)",11.0,3,6,1,male,Int64[],false,0.0,Int64[],Int64[],Int64[]
3,12,"(32, 9)",14.0,3,6,2,male,Int64[],false,0.0,Int64[],Int64[],[37]
3,15,"(26, 17)",6.0,3,4,2,female,Int64[],false,0.0,Int64[],Int64[],Int64[]
3,16,"(38, 38)",2.0,3,6,3,female,Int64[],false,0.0,Int64[],Int64[],Int64[]
3,17,"(13, 42)",34.0,3,1,2,male,Int64[],false,0.0,Int64[],Int64[],[2]
3,18,"(2, 18)",9.0,3,5,4,female,Int64[],false,0.0,Int64[],Int64[],Int64[]
3,19,"(48, 27)",16.0,3,4,2,female,Int64[],false,0.0,Int64[],Int64[],Int64[]
3,20,"(13, 9)",11.0,3,4,1,male,Int64[],false,0.0,Int64[],Int64[],Int64[]
3,21,"(6, 20)",21.0,3,4,1,female,Int64[],false,0.0,Int64[],Int64[],Int64[]
3,22,"(20, 18)",16.0,3,1,3,male,Int64[],false,0.0,Int64[],Int64[],Int64[]
3,23,"(33, 3)",37.0,3,2,1,male,Int64[],false,0.0,Int64[],Int64[],[11]
3,24,"(14, 42)",19.0,3,6,2,female,Int64[],false,0.0,Int64[],Int64[],Int64[]
3,25,"(10, 9)",9.0,3,2,3,female,Int64[],false,0.0,Int64[],Int64[],Int64[]
3,26,"(44, 15)",16.0,3,2,3,female,Int64[],false,0.0,Int64[],Int64[],Int64[]
3,27,"(35, 1)",22.0,3,1,3,male,Int64[],false,0.0,Int64[],Int64[],Int64[]
3,29,"(38, 11)",12.0,3,5,4,male,Int64[],false,0.0,Int64[],Int64[],Int64[]
3,31,"(15, 37)",43.0,3,5,2,female,Int64[],false,0.0,Int64[],Int64[],[13]
3,32,"(25, 39)",10.0,3,2,4,female,Int64[],false,0.0,Int64[],Int64[],Int64[]
3,33,"(27, 2)",1.0,3,2,4,female,Int64[],false,0.0,Int64[],Int64[],Int64[]
3,35,"(31, 50)",7.0,3,4,2,male,Int64[],false,0.0,Int64[],Int64[],Int64[]
3,36,"(43, 42)",3.0,3,1,1,female,Int64[],false,0.0,Int64[],Int64[],Int64[]
3,38,"(38, 14)",23.0,3,2,1,female,Int64[],false,0.0,Int64[],Int64[],Int64[]
3,39,"(9, 24)",12.0,3,1,1,female,Int64[],false,0.0,Int64[],Int64[],Int64[]
3,40,"(18, 40)",60.0,3,5,4,female,Int64[],false,0.0,Int64[],Int64[],[46]
3,42,"(24, 11)",19.0,3,2,1,male,Int64[],false,0.0,Int64[],Int64[],Int64[]
3,43,"(46, 7)",4.0,3,3,4,male,Int64[],false,0.0,Int64[],Int64[],Int64[]
3,44,"(10, 1)",9.0,3,2,3,female,Int64[],false,0.0,Int64[],Int64[],Int64[]
3,48,"(44, 32)",17.0,3,5,4,female,Int64[],false,0.0,Int64[],Int64[],Int64[]
3,49,"(6, 24)",10.0,3,1,1,female,Int64[],false,0.0,Int64[],Int64[],Int64[]
3,50,"(13, 19)",32.0,3,5,2,female,Int64[],false,0.0,Int64[],Int64[],Int64[]
4,4,"(5, 12)",19.0,4,6,2,male,Int64[],false,0.0,Int64[],Int64[],Int64[]
4,5,"(13, 38)",47.0,4,6,1,female,Int64[],false,0.0,Int64[],Int64[],Int64[]
4,6,"(24, 28)",7.0,4,3,2,female,Int64[],false,0.0,Int64[],Int64[],Int64[]
4,7,"(9, 37)",16.0,4,1,1,male,Int64[],false,0.0,Int64[],Int64[],Int64[]
4,8,"(34, 13)",15.0,4,4,3,male,Int64[],false,0.0,Int64[],Int64[],Int64[]
4,10,"(39, 45)",10.0,4,6,1,male,Int64[],false,0.0,Int64[],Int64[],Int64[]
4,12,"(29, 7)",24.0,4,6,2,male,Int64[],false,0.0,Int64[],Int64[],[3]
4,15,"(26, 16)",6.0,4,4,2,female,Int64[],false,0.0,Int64[],Int64[],Int64[]
4,17,"(14, 42)",52.0,4,1,2,male,Int64[],false,0.0,Int64[],Int64[],[24]
4,18,"(2, 18)",5.0,4,5,4,female,Int64[],false,0.0,Int64[],Int64[],Int64[]
4,19,"(48, 27)",14.0,4,4,2,female,Int64[],false,0.0,Int64[],Int64[],Int64[]
4,20,"(13, 9)",10.0,4,4,1,male,Int64[],false,0.0,Int64[],Int64[],Int64[]
4,21,"(6, 20)",20.0,4,4,1,female,Int64[],false,0.0,Int64[],Int64[],Int64[]
4,22,"(20, 18)",13.0,4,1,3,male,Int64[],false,0.0,Int64[],Int64[],Int64[]
4,23,"(33, 4)",39.0,4,2,1,male,Int64[],false,0.0,Int64[],Int64[],Int64[]
4,25,"(10, 9)",6.0,4,2,3,female,Int64[],false,0.0,Int64[],Int64[],Int64[]
4,26,"(44, 14)",15.0,4,2,3,female,Int64[],false,0.0,Int64[],Int64[],Int64[]
4,27,"(34, 1)",21.0,4,1,3,male,Int64[],false,0.0,Int64[],Int64[],Int64[]
4,29,"(38, 10)",12.0,4,5,4,male,Int64[],false,0.0,Int64[],Int64[],Int64[]
4,31,"(14, 37)",45.0,4,5,2,female,Int64[],false,0.0,Int64[],Int64[],Int64[]
4,32,"(25, 38)",8.0,4,2,4,female,Int64[],false,0.0,Int64[],Int64[],Int64[]
4,35,"(31, 50)",5.0,4,4,2,male,Int64[],false,0.0,Int64[],Int64[],Int64[]
4,36,"(43, 42)",2.0,4,1,1,female,Int64[],false,0.0,Int64[],Int64[],Int64[]
4,38,"(38, 13)",25.0,4,2,1,female,Int64[],false,0.0,Int64[],Int64[],Int64[]
4,39,"(9, 24)",11.0,4,1,1,female,Int64[],false,0.0,Int64[],Int64[],Int64[]
4,40,"(17, 40)",60.0,4,5,4,female,Int64[],false,0.0,Int64[],Int64[],Int64[]
4,42,"(24, 10)",20.0,4,2,1,male,Int64[],false,0.0,Int64[],Int64[],Int64[]
4,43,"(45, 7)",2.0,4,3,4,male,Int64[],false,0.0,Int64[],Int64[],Int64[]
4,44,"(10, 1)",6.0,4,2,3,female,Int64[],false,0.0,Int64[],Int64[],Int64[]
4,48,"(44, 32)",13.0,4,5,4,female,Int64[],false,0.0,Int64[],Int64[],Int64[]
4,49,"(6, 24)",9.0,4,1,1,female,Int64[],false,0.0,Int64[],Int64[],Int64[]
4,50,"(13, 19)",30.0,4,5,2,female,Int64[],false,0.0,Int64[],Int64[],Int64[]
5,4,"(5, 12)",17.0,5,6,2,male,Int64[],false,0.0,Int64[],Int64[],Int64[]
5,5,"(14, 37)",92.0,5,6,1,female,Int64[],false,0.0,Int64[],Int64[],[31]
5,6,"(24, 28)",6.0,5,3,2,female,Int64[],false,0.0,Int64[],Int64[],Int64[]
5,7,"(9, 36)",18.0,5,1,1,male,Int64[],false,0.0,Int64[],Int64[],Int64[]
5,8,"(34, 12)",16.0,5,4,3,male,Int64[],false,0.0,Int64[],Int64[],Int64[]
5,10,"(39, 45)",9.0,5,6,1,male,Int64[],false,0.0,Int64[],Int64[],Int64[]
5,12,"(33, 8)",26.0,5,6,2,male,Int64[],false,0.0,Int64[],Int64[],Int64[]
5,15,"(26, 15)",6.0,5,4,2,female,Int64[],false,0.0,Int64[],Int64[],Int64[]
5,18,"(2, 18)",1.0,5,5,4,female,Int64[],false,0.0,Int64[],Int64[],Int64[]
5,19,"(48, 27)",12.0,5,4,2,female,Int64[],false,0.0,Int64[],Int64[],Int64[]
5,20,"(13, 9)",9.0,5,4,1,male,Int64[],false,0.0,Int64[],Int64[],Int64[]
5,21,"(6, 20)",19.0,5,4,1,female,Int64[],false,0.0,Int64[],Int64[],Int64[]
5,22,"(20, 18)",10.0,5,1,3,male,Int64[],false,0.0,Int64[],Int64[],Int64[]
5,23,"(32, 4)",41.0,5,2,1,male,Int64[],false,0.0,Int64[],Int64[],Int64[]
5,25,"(10, 9)",3.0,5,2,3,female,Int64[],false,0.0,Int64[],Int64[],Int64[]
5,26,"(44, 13)",14.0,5,2,3,female,Int64[],false,0.0,Int64[],Int64[],Int64[]
5,27,"(33, 1)",20.0,5,1,3,male,Int64[],false,0.0,Int64[],Int64[],Int64[]
5,29,"(38, 9)",12.0,5,5,4,male,Int64[],false,0.0,Int64[],Int64[],Int64[]
5,32,"(25, 37)",6.0,5,2,4,female,Int64[],false,0.0,Int64[],Int64[],Int64[]
5,35,"(31, 50)",3.0,5,4,2,male,Int64[],false,0.0,Int64[],Int64[],Int64[]
5,36,"(43, 42)",1.0,5,1,1,female,Int64[],false,0.0,Int64[],Int64[],Int64[]
5,38,"(37, 12)",28.0,5,2,1,female,Int64[],false,0.0,Int64[],Int64[],Int64[]
5,39,"(9, 24)",10.0,5,1,1,female,Int64[],false,0.0,Int64[],Int64[],Int64[]
5,40,"(14, 41)",106.0,5,5,4,female,Int64[],false,0.0,Int64[],Int64[],[17]
5,42,"(24, 9)",21.0,5,2,1,male,Int64[],false,0.0,Int64[],Int64[],Int64[]
5,44,"(10, 1)",3.0,5,2,3,female,Int64[],false,0.0,Int64[],Int64[],Int64[]
5,48,"(44, 32)",9.0,5,5,4,female,Int64[],false,0.0,Int64[],Int64[],Int64[]
5,49,"(6, 24)",8.0,5,1,1,female,Int64[],false,0.0,Int64[],Int64[],Int64[]
5,50,"(13, 19)",28.0,5,5,2,female,Int64[],false,0.0,Int64[],Int64[],Int64[]
6,4,"(5, 12)",15.0,6,6,2,male,Int64[],false,0.0,Int64[],Int64[],Int64[]
6,5,"(14, 38)",95.0,6,6,1,female,Int64[],false,0.0,Int64[],Int64[],Int64[]
6,6,"(24, 28)",5.0,6,3,2,female,Int64[],false,0.0,Int64[],Int64[],Int64[]
6,7,"(10, 36)",20.0,6,1,1,male,Int64[],false,0.0,Int64[],Int64[],Int64[]
6,10,"(39, 45)",8.0,6,6,1,male,Int64[],false,0.0,Int64[],Int64[],Int64[]
6,12,"(34, 12)",41.0,6,6,2,male,Int64[],false,0.0,Int64[],Int64[],[8]
6,15,"(29, 14)",7.0,6,4,2,female,Int64[],false,0.0,Int64[],Int64[],Int64[]
6,19,"(48, 27)",10.0,6,4,2,female,Int64[],false,0.0,Int64[],Int64[],Int64[]
6,20,"(13, 9)",8.0,6,4,1,male,Int64[],false,0.0,Int64[],Int64[],Int64[]
6,21,"(6, 20)",18.0,6,4,1,female,Int64[],false,0.0,Int64[],Int64[],Int64[]
6,22,"(20, 18)",7.0,6,1,3,male,Int64[],false,0.0,Int64[],Int64[],Int64[]
6,23,"(31, 4)",43.0,6,2,1,male,Int64[],false,0.0,Int64[],Int64[],Int64[]
6,26,"(44, 12)",13.0,6,2,3,female,Int64[],false,0.0,Int64[],Int64[],Int64[]
6,27,"(32, 1)",19.0,6,1,3,male,Int64[],false,0.0,Int64[],Int64[],Int64[]
6,29,"(37, 9)",12.0,6,5,4,male,Int64[],false,0.0,Int64[],Int64[],Int64[]
6,32,"(25, 36)",4.0,6,2,4,female,Int64[],false,0.0,Int64[],Int64[],Int64[]
6,35,"(31, 50)",1.0,6,4,2,male,Int64[],false,0.0,Int64[],Int64[],Int64[]
6,38,"(37, 11)",31.0,6,2,1,female,Int64[],false,0.0,Int64[],Int64[],Int64[]
6,39,"(9, 24)",9.0,6,1,1,female,Int64[],false,0.0,Int64[],Int64[],Int64[]
6,40,"(14, 40)",106.0,6,5,4,female,Int64[],false,0.0,Int64[],Int64[],Int64[]
6,42,"(24, 8)",22.0,6,2,1,male,Int64[],false,0.0,Int64[],Int64[],Int64[]
6,48,"(44, 32)",5.0,6,5,4,female,Int64[],false,0.0,Int64[],Int64[],Int64[]
6,49,"(6, 24)",7.0,6,1,1,female,Int64[],false,0.0,Int64[],Int64[],Int64[]
6,50,"(13, 19)",26.0,6,5,2,female,Int64[],false,0.0,Int64[],Int64[],Int64[]
7,4,"(5, 12)",13.0,7,6,2,male,Int64[],false,0.0,Int64[],Int64[],Int64[]
7,5,"(15, 38)",98.0,7,6,1,female,Int64[],false,0.0,Int64[],Int64[],Int64[]
7,6,"(24, 28)",4.0,7,3,2,female,Int64[],false,0.0,Int64[],Int64[],Int64[]
7,7,"(10, 35)",22.0,7,1,1,male,Int64[],false,0.0,Int64[],Int64[],Int64[]
7,10,"(39, 45)",7.0,7,6,1,male,Int64[],false,0.0,Int64[],Int64[],Int64[]
7,12,"(29, 13)",47.0,7,6,2,male,Int64[],false,0.0,Int64[],Int64[],[15]
7,19,"(48, 27)",8.0,7,4,2,female,Int64[],false,0.0,Int64[],Int64[],Int64[]
7,20,"(13, 9)",7.0,7,4,1,male,Int64[],false,0.0,Int64[],Int64[],Int64[]
7,21,"(6, 20)",17.0,7,4,1,female,Int64[],false,0.0,Int64[],Int64[],Int64[]
7,22,"(20, 18)",4.0,7,1,3,male,Int64[],false,0.0,Int64[],Int64[],Int64[]
7,23,"(31, 5)",45.0,7,2,1,male,Int64[],false,0.0,Int64[],Int64[],Int64[]
7,26,"(44, 11)",12.0,7,2,3,female,Int64[],false,0.0,Int64[],Int64[],Int64[]
7,27,"(31, 1)",18.0,7,1,3,male,Int64[],false,0.0,Int64[],Int64[],Int64[]
7,29,"(37, 8)",12.0,7,5,4,male,Int64[],false,0.0,Int64[],Int64[],Int64[]
7,32,"(25, 35)",2.0,7,2,4,female,Int64[],false,0.0,Int64[],Int64[],Int64[]
7,38,"(37, 10)",34.0,7,2,1,female,Int64[],false,0.0,Int64[],Int64[],Int64[]
7,39,"(9, 24)",8.0,7,1,1,female,Int64[],false,0.0,Int64[],Int64[],Int64[]
7,40,"(14, 39)",106.0,7,5,4,female,Int64[],false,0.0,Int64[],Int64[],Int64[]
7,42,"(24, 7)",23.0,7,2,1,male,Int64[],false,0.0,Int64[],Int64[],Int64[]
7,48,"(44, 32)",1.0,7,5,4,female,Int64[],false,0.0,Int64[],Int64[],Int64[]
7,49,"(6, 24)",6.0,7,1,1,female,Int64[],false,0.0,Int64[],Int64[],Int64[]
7,50,"(13, 19)",24.0,7,5,2,female,Int64[],false,0.0,Int64[],Int64[],Int64[]
8,4,"(5, 12)",11.0,8,6,2,male,Int64[],false,0.0,Int64[],Int64[],Int64[]
8,5,"(15, 37)",101.0,8,6,1,female,Int64[],false,0.0,Int64[],Int64[],Int64[]
8,6,"(24, 28)",3.0,8,3,2,female,Int64[],false,0.0,Int64[],Int64[],Int64[]
8,7,"(11, 35)",24.0,8,1,1,male,Int64[],false,0.0,Int64[],Int64[],Int64[]
8,10,"(39, 45)",6.0,8,6,1,male,Int64[],false,0.0,Int64[],Int64[],Int64[]
8,12,"(32, 11)",49.0,8,6,2,male,Int64[],false,0.0,Int64[],Int64[],Int64[]
8,19,"(48, 27)",6.0,8,4,2,female,Int64[],false,0.0,Int64[],Int64[],Int64[]
8,20,"(13, 9)",6.0,8,4,1,male,Int64[],false,0.0,Int64[],Int64[],Int64[]
8,21,"(6, 20)",16.0,8,4,1,female,Int64[],false,0.0,Int64[],Int64[],Int64[]
8,22,"(20, 18)",1.0,8,1,3,male,Int64[],false,0.0,Int64[],Int64[],Int64[]
8,23,"(30, 5)",47.0,8,2,1,male,Int64[],false,0.0,Int64[],Int64[],Int64[]
8,26,"(42, 11)",12.0,8,2,3,female,Int64[],false,0.0,Int64[],Int64[],Int64[]
8,27,"(30, 1)",17.0,8,1,3,male,Int64[],false,0.0,Int64[],Int64[],Int64[]
8,29,"(36, 8)",12.0,8,5,4,male,Int64[],false,0.0,Int64[],Int64[],Int64[]
8,38,"(36, 10)",37.0,8,2,1,female,Int64[],false,0.0,Int64[],Int64[],Int64[]
8,39,"(9, 24)",7.0,8,1,1,female,Int64[],false,0.0,Int64[],Int64[],Int64[]
8,40,"(13, 39)",106.0,8,5,4,female,Int64[],false,0.0,Int64[],Int64[],Int64[]
8,42,"(25, 7)",24.0,8,2,1,male,Int64[],false,0.0,Int64[],Int64[],Int64[]
8,49,"(6, 24)",5.0,8,1,1,female,Int64[],false,0.0,Int64[],Int64[],Int64[]
8,50,"(13, 19)",22.0,8,5,2,female,Int64[],false,0.0,Int64[],Int64[],Int64[]
9,4,"(5, 12)",9.0,9,6,2,male,Int64[],false,0.0,Int64[],Int64[],Int64[]
9,5,"(14, 37)",104.0,9,6,1,female,Int64[],false,0.0,Int64[],Int64[],Int64[]
9,6,"(24, 28)",2.0,9,3,2,female,Int64[],false,0.0,Int64[],Int64[],Int64[]
9,7,"(11, 34)",26.0,9,1,1,male,Int64[],false,0.0,Int64[],Int64[],Int64[]
9,10,"(39, 45)",5.0,9,6,1,male,Int64[],false,0.0,Int64[],Int64[],Int64[]
9,12,"(32, 10)",51.0,9,6,2,male,Int64[],false,0.0,Int64[],Int64[],Int64[]
9,19,"(48, 27)",4.0,9,4,2,female,Int64[],false,0.0,Int64[],Int64[],Int64[]
9,20,"(13, 9)",5.0,9,4,1,male,Int64[],false,0.0,Int64[],Int64[],Int64[]
9,21,"(6, 20)",15.0,9,4,1,female,Int64[],false,0.0,Int64[],Int64[],Int64[]
9,23,"(30, 6)",49.0,9,2,1,male,Int64[],false,0.0,Int64[],Int64[],Int64[]
9,26,"(42, 10)",12.0,9,2,3,female,Int64[],false,0.0,Int64[],Int64[],Int64[]
9,27,"(29, 1)",16.0,9,1,3,male,Int64[],false,0.0,Int64[],Int64[],Int64[]
9,29,"(36, 7)",12.0,9,5,4,male,Int64[],false,0.0,Int64[],Int64[],Int64[]
9,38,"(36, 9)",40.0,9,2,1,female,Int64[],false,0.0,Int64[],Int64[],Int64[]
9,39,"(9, 24)",6.0,9,1,1,female,Int64[],false,0.0,Int64[],Int64[],Int64[]
9,40,"(13, 38)",106.0,9,5,4,female,Int64[],false,0.0,Int64[],Int64[],Int64[]
9,42,"(25, 6)",25.0,9,2,1,male,Int64[],false,0.0,Int64[],Int64[],Int64[]
9,49,"(6, 24)",4.0,9,1,1,female,Int64[],false,0.0,Int64[],Int64[],Int64[]
9,50,"(13, 19)",20.0,9,5,2,female,Int64[],false,0.0,Int64[],Int64[],Int64[]
10,4,"(5, 12)",7.0,10,6,2,male,Int64[],false,0.0,Int64[],Int64[],Int64[]
10,5,"(16, 37)",107.0,10,6,1,female,Int64[],false,0.0,Int64[],Int64[],Int64[]
10,6,"(24, 28)",1.0,10,3,2,female,Int64[],false,0.0,Int64[],Int64[],Int64[]
10,7,"(12, 34)",28.0,10,1,1,male,Int64[],false,0.0,Int64[],Int64[],Int64[]
10,10,"(39, 45)",4.0,10,6,1,male,Int64[],false,0.0,Int64[],Int64[],Int64[]
10,12,"(32, 9)",53.0,10,6,2,male,Int64[],false,0.0,Int64[],Int64[],Int64[]
10,19,"(48, 27)",2.0,10,4,2,female,Int64[],false,0.0,Int64[],Int64[],Int64[]
10,20,"(13, 9)",4.0,10,4,1,male,Int64[],false,0.0,Int64[],Int64[],Int64[]
10,21,"(6, 20)",14.0,10,4,1,female,Int64[],false,0.0,Int64[],Int64[],Int64[]
10,23,"(29, 6)",51.0,10,2,1,male,Int64[],false,0.0,Int64[],Int64[],Int64[]
10,26,"(42, 9)",12.0,10,2,3,female,Int64[],false,0.0,Int64[],Int64[],Int64[]
10,27,"(28, 1)",15.0,10,1,3,male,Int64[],false,0.0,Int64[],Int64[],Int64[]
10,29,"(35, 7)",12.0,10,5,4,male,Int64[],false,0.0,Int64[],Int64[],Int64[]
10,38,"(35, 9)",43.0,10,2,1,female,Int64[],false,0.0,Int64[],Int64[],Int64[]
10,39,"(9, 24)",5.0,10,1,1,female,Int64[],false,0.0,Int64[],Int64[],Int64[]
10,40,"(14, 38)",106.0,10,5,4,female,Int64[],false,0.0,Int64[],Int64[],Int64[]
10,42,"(25, 5)",26.0,10,2,1,male,Int64[],false,0.0,Int64[],Int64[],Int64[]
10,49,"(6, 24)",3.0,10,1,1,female,Int64[],false,0.0,Int64[],Int64[],Int64[]
10,50,"(13, 19)",18.0,10,5,2,female,Int64[],false,0.0,Int64[],Int64[],Int64[]
11,4,"(5, 12)",5.0,11,6,2,male,Int64[],false,0.0,Int64[],Int64[],Int64[]
11,5,"(16, 38)",110.0,11,6,1,female,Int64[],false,0.0,Int64[],Int64[],Int64[]
11,7,"(13, 34)",30.0,11,1,1,male,Int64[],false,0.0,Int64[],Int64[],Int64[]
11,10,"(39, 45)",3.0,11,6,1,male,Int64[],false,0.0,Int64[],Int64[],Int64[]
11,12,"(33, 9)",55.0,11,6,2,male,Int64[],false,0.0,Int64[],Int64[],Int64[]
11,20,"(13, 9)",3.0,11,4,1,male,Int64[],false,0.0,Int64[],Int64[],Int64[]
11,21,"(6, 20)",13.0,11,4,1,female,Int64[],false,0.0,Int64[],Int64[],Int64[]
11,23,"(29, 7)",53.0,11,2,1,male,Int64[],false,0.0,Int64[],Int64[],Int64[]
11,26,"(42, 8)",12.0,11,2,3,female,Int64[],false,0.0,Int64[],Int64[],Int64[]
11,27,"(29, 1)",14.0,11,1,3,male,Int64[],false,0.0,Int64[],Int64[],Int64[]
11,29,"(34, 7)",12.0,11,5,4,male,Int64[],false,0.0,Int64[],Int64[],Int64[]
11,38,"(34, 9)",46.0,11,2,1,female,Int64[],false,0.0,Int64[],Int64[],Int64[]
11,39,"(9, 24)",4.0,11,1,1,female,Int64[],false,0.0,Int64[],Int64[],Int64[]
11,40,"(15, 38)",106.0,11,5,4,female,Int64[],false,0.0,Int64[],Int64[],Int64[]
11,42,"(26, 5)",27.0,11,2,1,male,Int64[],false,0.0,Int64[],Int64[],Int64[]
11,49,"(6, 24)",2.0,11,1,1,female,Int64[],false,0.0,Int64[],Int64[],Int64[]
11,50,"(13, 19)",16.0,11,5,2,female,Int64[],false,0.0,Int64[],Int64[],Int64[]
12,4,"(5, 12)",3.0,12,6,2,male,Int64[],false,0.0,Int64[],Int64[],Int64[]
12,5,"(17, 38)",113.0,12,6,1,female,Int64[],false,0.0,Int64[],Int64[],Int64[]
12,7,"(13, 33)",32.0,12,1,1,male,Int64[],false,0.0,Int64[],Int64[],Int64[]
12,10,"(39, 45)",2.0,12,6,1,male,Int64[],false,0.0,Int64[],Int64[],Int64[]
12,12,"(33, 10)",57.0,12,6,2,male,Int64[],false,0.0,Int64[],Int64[],Int64[]
12,20,"(13, 9)",2.0,12,4,1,male,Int64[],false,0.0,Int64[],Int64[],Int64[]
12,21,"(6, 20)",12.0,12,4,1,female,Int64[],false,0.0,Int64[],Int64[],Int64[]
12,23,"(30, 7)",55.0,12,2,1,male,Int64[],false,0.0,Int64[],Int64[],Int64[]
12,26,"(41, 8)",12.0,12,2,3,female,Int64[],false,0.0,Int64[],Int64[],Int64[]
12,27,"(28, 1)",13.0,12,1,3,male,Int64[],false,0.0,Int64[],Int64[],Int64[]
12,29,"(33, 8)",12.0,12,5,4,male,Int64[],false,0.0,Int64[],Int64[],Int64[]
12,38,"(34, 8)",49.0,12,2,1,female,Int64[],false,0.0,Int64[],Int64[],Int64[]
12,39,"(9, 24)",3.0,12,1,1,female,Int64[],false,0.0,Int64[],Int64[],Int64[]
12,40,"(15, 37)",106.0,12,5,4,female,Int64[],false,0.0,Int64[],Int64[],Int64[]
12,42,"(26, 4)",28.0,12,2,1,male,Int64[],false,0.0,Int64[],Int64[],Int64[]
12,49,"(6, 24)",1.0,12,1,1,female,Int64[],false,0.0,Int64[],Int64[],Int64[]
12,50,"(13, 19)",14.0,12,5,2,female,Int64[],false,0.0,Int64[],Int64[],Int64[]
13,4,"(5, 12)",1.0,13,6,2,male,Int64[],false,0.0,Int64[],Int64[],Int64[]
13,5,"(17, 39)",116.0,13,6,1,female,Int64[],false,0.0,Int64[],Int64[],Int64[]
13,7,"(14, 33)",34.0,13,1,1,male,Int64[],false,0.0,Int64[],Int64[],Int64[]
13,10,"(39, 45)",1.0,13,6,1,male,Int64[],false,0.0,Int64[],Int64[],Int64[]
13,12,"(32, 10)",59.0,13,6,2,male,Int64[],false,0.0,Int64[],Int64[],Int64[]
13,20,"(13, 9)",1.0,13,4,1,male,Int64[],false,0.0,Int64[],Int64[],Int64[]
13,21,"(6, 20)",11.0,13,4,1,female,Int64[],false,0.0,Int64[],Int64[],Int64[]
13,23,"(30, 6)",57.0,13,2,1,male,Int64[],false,0.0,Int64[],Int64[],Int64[]
13,26,"(41, 7)",12.0,13,2,3,female,Int64[],false,0.0,Int64[],Int64[],Int64[]
13,27,"(29, 1)",12.0,13,1,3,male,Int64[],false,0.0,Int64[],Int64[],Int64[]
13,29,"(34, 10)",12.0,13,5,4,male,Int64[],false,0.0,Int64[],Int64[],Int64[]
13,38,"(35, 8)",52.0,13,2,1,female,Int64[],false,0.0,Int64[],Int64[],Int64[]
13,39,"(9, 24)",2.0,13,1,1,female,Int64[],false,0.0,Int64[],Int64[],Int64[]
13,40,"(14, 37)",106.0,13,5,4,female,Int64[],false,0.0,Int64[],Int64[],Int64[]
13,42,"(26, 3)",29.0,13,2,1,male,Int64[],false,0.0,Int64[],Int64[],Int64[]
13,50,"(13, 19)",12.0,13,5,2,female,Int64[],false,0.0,Int64[],Int64[],Int64[]
14,5,"(16, 39)",119.0,14,6,1,female,Int64[],false,0.0,Int64[],Int64[],Int64[]
14,7,"(15, 33)",36.0,14,1,1,male,Int64[],false,0.0,Int64[],Int64[],Int64[]
14,12,"(32, 9)",61.0,14,6,2,male,Int64[],false,0.0,Int64[],Int64[],Int64[]
14,21,"(6, 20)",10.0,14,4,1,female,Int64[],false,0.0,Int64[],Int64[],Int64[]
14,23,"(29, 6)",59.0,14,2,1,male,Int64[],false,0.0,Int64[],Int64[],Int64[]
14,26,"(41, 6)",12.0,14,2,3,female,Int64[],false,0.0,Int64[],Int64[],Int64[]
14,27,"(28, 1)",11.0,14,1,3,male,Int64[],false,0.0,Int64[],Int64[],Int64[]
14,29,"(35, 10)",12.0,14,5,4,male,Int64[],false,0.0,Int64[],Int64[],Int64[]
14,38,"(35, 7)",55.0,14,2,1,female,Int64[],false,0.0,Int64[],Int64[],Int64[]
14,39,"(9, 24)",1.0,14,1,1,female,Int64[],false,0.0,Int64[],Int64[],Int64[]
14,40,"(14, 38)",106.0,14,5,4,female,Int64[],false,0.0,Int64[],Int64[],Int64[]
14,42,"(27, 3)",30.0,14,2,1,male,Int64[],false,0.0,Int64[],Int64[],Int64[]
14,50,"(13, 19)",10.0,14,5,2,female,Int64[],false,0.0,Int64[],Int64[],Int64[]
15,5,"(16, 38)",122.0,15,6,1,female,Int64[],false,0.0,Int64[],Int64[],Int64[]
15,7,"(16, 33)",38.0,15,1,1,male,Int64[],false,0.0,Int64[],Int64[],Int64[]
15,12,"(33, 9)",63.0,15,6,2,male,Int64[],false,0.0,Int64[],Int64[],Int64[]
15,21,"(6, 20)",9.0,15,4,1,female,Int64[],false,0.0,Int64[],Int64[],Int64[]
15,23,"(29, 7)",61.0,15,2,1,male,Int64[],false,0.0,Int64[],Int64[],Int64[]
15,26,"(40, 6)",12.0,15,2,3,female,Int64[],false,0.0,Int64[],Int64[],Int64[]
15,27,"(29, 1)",10.0,15,1,3,male,Int64[],false,0.0,Int64[],Int64[],Int64[]
15,29,"(35, 9)",12.0,15,5,4,male,Int64[],false,0.0,Int64[],Int64[],Int64[]
15,38,"(34, 7)",58.0,15,2,1,female,Int64[],false,0.0,Int64[],Int64[],Int64[]
15,40,"(13, 38)",106.0,15,5,4,female,Int64[],false,0.0,Int64[],Int64[],Int64[]
15,42,"(26, 3)",31.0,15,2,1,male,Int64[],false,0.0,Int64[],Int64[],Int64[]
15,50,"(13, 19)",8.0,15,5,2,female,Int64[],false,0.0,Int64[],Int64[],Int64[]
16,5,"(16, 37)",125.0,16,6,1,female,Int64[],false,0.0,Int64[],Int64[],Int64[]
16,7,"(17, 33)",40.0,16,1,1,male,Int64[],false,0.0,Int64[],Int64[],Int64[]
16,12,"(33, 8)",65.0,16,6,2,male,Int64[],false,0.0,Int64[],Int64[],Int64[]
16,21,"(6, 20)",8.0,16,4,1,female,Int64[],false,0.0,Int64[],Int64[],Int64[]
16,23,"(30, 7)",63.0,16,2,1,male,Int64[],false,0.0,Int64[],Int64[],Int64[]
16,26,"(40, 5)",12.0,16,2,3,female,Int64[],false,0.0,Int64[],Int64[],Int64[]
16,27,"(28, 1)",9.0,16,1,3,male,Int64[],false,0.0,Int64[],Int64[],Int64[]
16,29,"(34, 9)",12.0,16,5,4,male,Int64[],false,0.0,Int64[],Int64[],Int64[]
16,38,"(34, 8)",61.0,16,2,1,female,Int64[],false,0.0,Int64[],Int64[],Int64[]
16,40,"(13, 39)",106.0,16,5,4,female,Int64[],false,0.0,Int64[],Int64[],Int64[]
16,42,"(27, 3)",32.0,16,2,1,male,Int64[],false,0.0,Int64[],Int64[],Int64[]
16,50,"(13, 19)",6.0,16,5,2,female,Int64[],false,0.0,Int64[],Int64[],Int64[]
17,5,"(15, 37)",128.0,17,6,1,female,Int64[],false,0.0,Int64[],Int64[],Int64[]
17,7,"(17, 34)",42.0,17,1,1,male,Int64[],false,0.0,Int64[],Int64[],Int64[]
17,12,"(33, 10)",67.0,17,6,2,male,Int64[],false,0.0,Int64[],Int64[],Int64[]
17,21,"(6, 20)",7.0,17,4,1,female,Int64[],false,0.0,Int64[],Int64[],Int64[]
17,23,"(30, 6)",65.0,17,2,1,male,Int64[],false,0.0,Int64[],Int64[],Int64[]
17,26,"(39, 5)",12.0,17,2,3,female,Int64[],false,0.0,Int64[],Int64[],Int64[]
17,27,"(29, 1)",8.0,17,1,3,male,Int64[],false,0.0,Int64[],Int64[],Int64[]
17,29,"(34, 10)",12.0,17,5,4,male,Int64[],false,0.0,Int64[],Int64[],Int64[]
17,38,"(35, 8)",64.0,17,2,1,female,Int64[],false,0.0,Int64[],Int64[],Int64[]
17,40,"(12, 39)",106.0,17,5,4,female,Int64[],false,0.0,Int64[],Int64[],Int64[]
17,42,"(27, 2)",33.0,17,2,1,male,Int64[],false,0.0,Int64[],Int64[],Int64[]
17,50,"(13, 19)",4.0,17,5,2,female,Int64[],false,0.0,Int64[],Int64[],Int64[]
18,5,"(14, 37)",131.0,18,6,1,female,Int64[],false,0.0,Int64[],Int64[],Int64[]
18,7,"(16, 34)",44.0,18,1,1,male,Int64[],false,0.0,Int64[],Int64[],Int64[]
18,12,"(32, 10)",69.0,18,6,2,male,Int64[],false,0.0,Int64[],Int64[],Int64[]
18,21,"(6, 20)",6.0,18,4,1,female,Int64[],false,0.0,Int64[],Int64[],Int64[]
18,23,"(29, 6)",67.0,18,2,1,male,Int64[],false,0.0,Int64[],Int64[],Int64[]
18,26,"(38, 5)",12.0,18,2,3,female,Int64[],false,0.0,Int64[],Int64[],Int64[]
18,27,"(28, 1)",7.0,18,1,3,male,Int64[],false,0.0,Int64[],Int64[],Int64[]
18,29,"(35, 10)",12.0,18,5,4,male,Int64[],false,0.0,Int64[],Int64[],Int64[]
18,38,"(35, 7)",67.0,18,2,1,female,Int64[],false,0.0,Int64[],Int64[],Int64[]
18,40,"(12, 40)",106.0,18,5,4,female,Int64[],false,0.0,Int64[],Int64[],Int64[]
18,42,"(28, 2)",34.0,18,2,1,male,Int64[],false,0.0,Int64[],Int64[],Int64[]
18,50,"(13, 19)",2.0,18,5,2,female,Int64[],false,0.0,Int64[],Int64[],Int64[]
19,5,"(14, 38)",134.0,19,6,1,female,Int64[],false,0.0,Int64[],Int64[],Int64[]
19,7,"(16, 33)",46.0,19,1,1,male,Int64[],false,0.0,Int64[],Int64[],Int64[]
19,12,"(32, 9)",71.0,19,6,2,male,Int64[],false,0.0,Int64[],Int64[],Int64[]
19,21,"(6, 20)",5.0,19,4,1,female,Int64[],false,0.0,Int64[],Int64[],Int64[]
19,23,"(29, 7)",69.0,19,2,1,male,Int64[],false,0.0,Int64[],Int64[],Int64[]
19,26,"(38, 4)",12.0,19,2,3,female,Int64[],false,0.0,Int64[],Int64[],Int64[]
19,27,"(29, 1)",6.0,19,1,3,male,Int64[],false,0.0,Int64[],Int64[],Int64[]
19,29,"(35, 9)",12.0,19,5,4,male,Int64[],false,0.0,Int64[],Int64[],Int64[]
19,38,"(34, 7)",70.0,19,2,1,female,Int64[],false,0.0,Int64[],Int64[],Int64[]
19,40,"(13, 40)",106.0,19,5,4,female,Int64[],false,0.0,Int64[],Int64[],Int64[]
19,42,"(27, 2)",35.0,19,2,1,male,Int64[],false,0.0,Int64[],Int64[],Int64[]
20,5,"(13, 38)",137.0,20,6,1,female,Int64[],false,0.0,Int64[],Int64[],Int64[]
20,7,"(15, 33)",48.0,20,1,1,male,Int64[],false,0.0,Int64[],Int64[],Int64[]
20,12,"(33, 9)",73.0,20,6,2,male,Int64[],false,0.0,Int64[],Int64[],Int64[]
20,21,"(6, 20)",4.0,20,4,1,female,Int64[],false,0.0,Int64[],Int64[],Int64[]
20,23,"(30, 7)",71.0,20,2,1,male,Int64[],false,0.0,Int64[],Int64[],Int64[]
20,26,"(37, 4)",12.0,20,2,3,female,Int64[],false,0.0,Int64[],Int64[],Int64[]
20,27,"(28, 1)",5.0,20,1,3,male,Int64[],false,0.0,Int64[],Int64[],Int64[]
20,29,"(34, 9)",12.0,20,5,4,male,Int64[],false,0.0,Int64[],Int64[],Int64[]
20,38,"(34, 8)",73.0,20,2,1,female,Int64[],false,0.0,Int64[],Int64[],Int64[]
20,40,"(13, 39)",106.0,20,5,4,female,Int64[],false,0.0,Int64[],Int64[],Int64[]
20,42,"(28, 2)",36.0,20,2,1,male,Int64[],false,0.0,Int64[],Int64[],Int64[]
21,5,"(12, 39)",140.0,21,6,1,female,Int64[],false,0.0,Int64[],Int64[],Int64[]
21,7,"(14, 33)",50.0,21,1,1,male,Int64[],false,0.0,Int64[],Int64[],Int64[]
21,12,"(33, 11)",71.0,21,6,2,male,[51],false,0.0,Int64[],Int64[],Int64[]
21,21,"(6, 20)",3.0,21,4,1,female,Int64[],false,0.0,Int64[],Int64[],Int64[]
21,23,"(30, 6)",73.0,21,2,1,male,Int64[],false,0.0,Int64[],Int64[],Int64[]
21,26,"(37, 3)",12.0,21,2,3,female,Int64[],false,0.0,Int64[],Int64[],Int64[]
21,27,"(29, 1)",4.0,21,1,3,male,Int64[],false,0.0,Int64[],Int64[],Int64[]
21,29,"(34, 10)",12.0,21,5,4,male,Int64[],false,0.0,Int64[],Int64[],Int64[]
21,38,"(33, 8)",67.5,21,2,1,female,[51],true,0.0,[12],Int64[],Int64[]
21,40,"(14, 39)",106.0,21,5,4,female,Int64[],false,0.0,Int64[],Int64[],Int64[]
21,42,"(27, 2)",37.0,21,2,1,male,Int64[],false,0.0,Int64[],Int64[],Int64[]
21,51,"(33, 10)",12.5,0,6,1,male,Int64[],false,0.0,Int64[],Int64[],Int64[]
22,5,"(12, 40)",143.0,22,6,1,female,Int64[],false,0.0,Int64[],Int64[],Int64[]
22,7,"(13, 33)",52.0,22,1,1,male,Int64[],false,0.0,Int64[],Int64[],Int64[]
22,12,"(32, 11)",69.0,22,6,2,male,"[51, 52]",false,0.0,Int64[],Int64[],Int64[]
22,21,"(6, 20)",2.0,22,4,1,female,Int64[],false,0.0,Int64[],Int64[],Int64[]
22,23,"(29, 6)",75.0,22,2,1,male,Int64[],false,0.0,Int64[],Int64[],Int64[]
22,26,"(36, 3)",12.0,22,2,3,female,Int64[],false,0.0,Int64[],Int64[],Int64[]
22,27,"(28, 1)",3.0,22,1,3,male,Int64[],false,0.0,Int64[],Int64[],Int64[]
22,29,"(35, 10)",12.0,22,5,4,male,Int64[],false,0.0,Int64[],Int64[],Int64[]
22,38,"(33, 10)",62.0,22,2,1,female,"[51, 52]",true,0.0,[12],Int64[],Int64[]
22,40,"(15, 39)",106.0,22,5,4,female,Int64[],false,0.0,Int64[],Int64[],Int64[]
22,42,"(28, 2)",38.0,22,2,1,male,Int64[],false,0.0,Int64[],Int64[],Int64[]
22,51,"(32, 10)",15.5,1,6,1,male,Int64[],false,0.0,Int64[],Int64[],Int64[]
22,52,"(33, 12)",12.5,0,2,2,female,Int64[],false,0.0,Int64[],Int64[],Int64[]
23,5,"(13, 40)",146.0,23,6,1,female,Int64[],false,0.0,Int64[],Int64[],Int64[]
23,7,"(13, 34)",54.0,23,1,1,male,Int64[],false,0.0,Int64[],Int64[],Int64[]
23,12,"(33, 12)",71.0,23,6,2,male,"[51, 52]",false,0.0,Int64[],Int64[],Int64[]
23,21,"(6, 20)",1.0,23,4,1,female,Int64[],false,0.0,Int64[],Int64[],Int64[]
23,23,"(29, 7)",77.0,23,2,1,male,Int64[],false,0.0,Int64[],Int64[],Int64[]
23,26,"(35, 3)",12.0,23,2,3,female,Int64[],false,0.0,Int64[],Int64[],Int64[]
23,27,"(29, 1)",2.0,23,1,3,male,Int64[],false,0.0,Int64[],Int64[],Int64[]
23,29,"(35, 9)",12.0,23,5,4,male,Int64[],false,0.0,Int64[],Int64[],Int64[]
23,38,"(32, 9)",65.0,23,2,1,female,"[51, 52]",false,0.0,Int64[],Int64[],Int64[]
23,40,"(15, 38)",106.0,23,5,4,female,Int64[],false,0.0,Int64[],Int64[],Int64[]
23,42,"(27, 2)",39.0,23,2,1,male,Int64[],false,0.0,Int64[],Int64[],Int64[]
23,51,"(34, 11)",18.5,2,6,1,male,Int64[],false,0.0,Int64[],Int64[],Int64[]
23,52,"(34, 12)",14.5,1,2,2,female,Int64[],false,0.0,Int64[],Int64[],Int64[]
24,5,"(13, 39)",149.0,24,6,1,female,Int64[],false,0.0,Int64[],Int64[],Int64[]
24,7,"(12, 34)",56.0,24,1,1,male,Int64[],false,0.0,Int64[],Int64[],Int64[]
24,12,"(34, 13)",73.0,24,6,2,male,"[51, 52]",false,0.0,Int64[],Int64[],Int64[]
24,23,"(30, 7)",79.0,24,2,1,male,Int64[],false,0.0,Int64[],Int64[],Int64[]
24,26,"(34, 3)",12.0,24,2,3,female,Int64[],false,0.0,Int64[],Int64[],Int64[]
24,27,"(28, 1)",1.0,24,1,3,male,Int64[],false,0.0,Int64[],Int64[],Int64[]
24,29,"(34, 9)",12.0,24,5,4,male,Int64[],false,0.0,Int64[],Int64[],Int64[]
24,38,"(33, 9)",68.0,24,2,1,female,"[51, 52]",false,0.0,Int64[],Int64[],Int64[]
24,40,"(14, 38)",106.0,24,5,4,female,Int64[],false,0.0,Int64[],Int64[],Int64[]
24,42,"(28, 2)",40.0,24,2,1,male,Int64[],false,0.0,Int64[],Int64[],Int64[]
24,51,"(35, 11)",21.5,3,6,1,male,Int64[],false,0.0,Int64[],Int64[],Int64[]
24,52,"(35, 12)",16.5,2,2,2,female,Int64[],false,0.0,Int64[],Int64[],Int64[]
25,5,"(13, 38)",152.0,25,6,1,female,Int64[],false,0.0,Int64[],Int64[],Int64[]
25,7,"(11, 34)",58.0,25,1,1,male,Int64[],false,0.0,Int64[],Int64[],Int64[]
25,12,"(35, 13)",75.0,25,6,2,male,"[51, 52]",false,0.0,Int64[],Int64[],Int64[]
25,23,"(30, 6)",81.0,25,2,1,male,Int64[],false,0.0,Int64[],Int64[],Int64[]
25,26,"(33, 3)",12.0,25,2,3,female,Int64[],false,0.0,Int64[],Int64[],Int64[]
25,29,"(34, 8)",12.0,25,5,4,male,Int64[],false,0.0,Int64[],Int64[],Int64[]
25,38,"(33, 8)",71.0,25,2,1,female,"[51, 52]",false,0.0,Int64[],Int64[],Int64[]
25,40,"(14, 37)",106.0,25,5,4,female,Int64[],false,0.0,Int64[],Int64[],Int64[]
25,42,"(27, 2)",41.0,25,2,1,male,Int64[],false,0.0,Int64[],Int64[],Int64[]
25,51,"(36, 11)",24.5,4,6,1,male,Int64[],false,0.0,Int64[],Int64[],Int64[]
25,52,"(36, 12)",18.5,3,2,2,female,Int64[],false,0.0,Int64[],Int64[],Int64[]
26,5,"(12, 39)",155.0,26,6,1,female,Int64[],false,0.0,Int64[],Int64[],Int64[]
26,7,"(11, 35)",60.0,26,1,1,male,Int64[],false,0.0,Int64[],Int64[],Int64[]
26,12,"(36, 13)",77.0,26,6,2,male,"[51, 52]",false,0.0,Int64[],Int64[],Int64[]
26,23,"(30, 5)",83.0,26,2,1,male,Int64[],false,0.0,Int64[],Int64[],Int64[]
26,26,"(33, 4)",12.0,26,2,3,female,Int64[],false,0.0,Int64[],Int64[],Int64[]
26,29,"(34, 7)",12.0,26,5,4,male,Int64[],false,0.0,Int64[],Int64[],Int64[]
26,38,"(35, 8)",74.0,26,2,1,female,"[51, 52]",false,0.0,Int64[],Int64[],Int64[]
26,40,"(15, 37)",106.0,26,5,4,female,Int64[],false,0.0,Int64[],Int64[],Int64[]
26,42,"(28, 2)",42.0,26,2,1,male,Int64[],false,0.0,Int64[],Int64[],Int64[]
26,51,"(36, 10)",27.5,5,6,1,male,Int64[],false,0.0,Int64[],Int64[],Int64[]
26,52,"(37, 12)",20.5,4,2,2,female,Int64[],false,0.0,Int64[],Int64[],Int64[]
27,5,"(12, 40)",158.0,27,6,1,female,Int64[],false,0.0,Int64[],Int64[],Int64[]
27,7,"(10, 35)",62.0,27,1,1,male,Int64[],false,0.0,Int64[],Int64[],Int64[]
27,12,"(37, 11)",79.0,27,6,2,male,"[51, 52]",false,0.0,Int64[],Int64[],Int64[]
27,23,"(31, 5)",85.0,27,2,1,male,Int64[],false,0.0,Int64[],Int64[],Int64[]
27,26,"(32, 4)",12.0,27,2,3,female,Int64[],false,0.0,Int64[],Int64[],Int64[]
27,29,"(36, 7)",12.0,27,5,4,male,Int64[],false,0.0,Int64[],Int64[],Int64[]
27,38,"(35, 7)",77.0,27,2,1,female,"[51, 52]",false,0.0,Int64[],Int64[],Int64[]
27,40,"(16, 37)",106.0,27,5,4,female,Int64[],false,0.0,Int64[],Int64[],Int64[]
27,42,"(28, 1)",43.0,27,2,1,male,Int64[],false,0.0,Int64[],Int64[],Int64[]
27,51,"(36, 9)",30.5,6,6,1,male,Int64[],false,0.0,Int64[],Int64[],Int64[]
27,52,"(38, 11)",22.5,5,2,2,female,Int64[],false,0.0,Int64[],Int64[],Int64[]
28,5,"(13, 40)",161.0,28,6,1,female,Int64[],false,0.0,Int64[],Int64[],Int64[]
28,7,"(10, 36)",64.0,28,1,1,male,Int64[],false,0.0,Int64[],Int64[],Int64[]
28,12,"(37, 10)",81.0,28,6,2,male,"[51, 52]",false,0.0,Int64[],Int64[],Int64[]
28,23,"(31, 4)",96.0,28,2,1,male,Int64[],false,0.0,Int64[],Int64[],[26]
28,29,"(36, 8)",12.0,28,5,4,male,Int64[],false,0.0,Int64[],Int64[],Int64[]
28,38,"(35, 6)",79.0,28,2,1,female,"[51, 52]",false,0.0,Int64[],Int64[],Int64[]
28,40,"(16, 38)",106.0,28,5,4,female,Int64[],false,0.0,Int64[],Int64[],Int64[]
28,42,"(29, 1)",44.0,28,2,1,male,Int64[],false,0.0,Int64[],Int64[],Int64[]
28,51,"(35, 9)",33.5,7,6,1,male,Int64[],false,0.0,Int64[],Int64[],Int64[]
28,52,"(38, 10)",24.5,6,2,2,female,Int64[],false,0.0,Int64[],Int64[],Int64[]
29,5,"(13, 39)",164.0,29,6,1,female,Int64[],false,0.0,Int64[],Int64[],Int64[]
29,7,"(9, 36)",66.0,29,1,1,male,Int64[],false,0.0,Int64[],Int64[],Int64[]
29,12,"(37, 9)",83.0,29,6,2,male,"[51, 52]",false,0.0,Int64[],Int64[],Int64[]
29,23,"(30, 5)",98.0,29,2,1,male,Int64[],false,0.0,Int64[],Int64[],Int64[]
29,29,"(37, 8)",12.0,29,5,4,male,Int64[],false,0.0,Int64[],Int64[],Int64[]
29,38,"(35, 5)",81.0,29,2,1,female,"[51, 52]",false,0.0,Int64[],Int64[],Int64[]
29,40,"(15, 38)",106.0,29,5,4,female,Int64[],false,0.0,Int64[],Int64[],Int64[]
29,42,"(28, 1)",45.0,29,2,1,male,Int64[],false,0.0,Int64[],Int64[],Int64[]
29,51,"(34, 9)",36.5,8,6,1,male,Int64[],false,0.0,Int64[],Int64[],Int64[]
29,52,"(38, 9)",26.5,7,2,2,female,Int64[],false,0.0,Int64[],Int64[],Int64[]
30,5,"(13, 38)",167.0,30,6,1,female,Int64[],false,0.0,Int64[],Int64[],Int64[]
30,7,"(9, 37)",68.0,30,1,1,male,Int64[],false,0.0,Int64[],Int64[],Int64[]
30,12,"(36, 10)",85.0,30,6,2,male,"[51, 52]",false,0.0,Int64[],Int64[],Int64[]
30,23,"(31, 5)",100.0,30,2,1,male,Int64[],false,0.0,Int64[],Int64[],Int64[]
30,29,"(35, 8)",12.0,30,5,4,male,Int64[],false,0.0,Int64[],Int64[],Int64[]
30,38,"(35, 4)",83.0,30,2,1,female,"[51, 52]",false,0.0,Int64[],Int64[],Int64[]
30,40,"(15, 37)",106.0,30,5,4,female,Int64[],false,0.0,Int64[],Int64[],Int64[]
30,42,"(29, 1)",46.0,30,2,1,male,Int64[],false,0.0,Int64[],Int64[],Int64[]
30,51,"(34, 8)",39.5,9,6,1,male,Int64[],false,0.0,Int64[],Int64[],Int64[]
30,52,"(38, 8)",27.5,8,2,2,female,Int64[],false,0.0,Int64[],Int64[],Int64[]
31,5,"(14, 38)",170.0,31,6,1,female,Int64[],false,0.0,Int64[],Int64[],Int64[]
31,7,"(10, 37)",70.0,31,1,1,male,Int64[],false,0.0,Int64[],Int64[],Int64[]
31,12,"(36, 9)",87.0,31,6,2,male,"[51, 52]",false,0.0,Int64[],Int64[],Int64[]
31,23,"(31, 4)",102.0,31,2,1,male,Int64[],false,0.0,Int64[],Int64[],Int64[]
31,29,"(35, 7)",12.0,31,5,4,male,Int64[],false,0.0,Int64[],Int64[],Int64[]
31,38,"(35, 3)",85.0,31,2,1,female,"[51, 52]",false,0.0,Int64[],Int64[],Int64[]
31,40,"(14, 37)",106.0,31,5,4,female,Int64[],false,0.0,Int64[],Int64[],Int64[]
31,42,"(28, 1)",47.0,31,2,1,male,Int64[],false,0.0,Int64[],Int64[],Int64[]
31,51,"(34, 7)",42.5,10,6,1,male,Int64[],false,0.0,Int64[],Int64[],Int64[]
31,52,"(38, 7)",28.5,9,2,2,female,Int64[],false,0.0,Int64[],Int64[],Int64[]
32,5,"(14, 39)",173.0,32,6,1,female,Int64[],false,0.0,Int64[],Int64[],Int64[]
32,7,"(10, 36)",72.0,32,1,1,male,Int64[],false,0.0,Int64[],Int64[],Int64[]
32,12,"(36, 8)",89.0,32,6,2,male,"[51, 52]",false,0.0,Int64[],Int64[],Int64[]
32,23,"(32, 4)",104.0,32,2,1,male,Int64[],false,0.0,Int64[],Int64[],Int64[]
32,29,"(36, 7)",12.0,32,5,4,male,Int64[],false,0.0,Int64[],Int64[],Int64[]
32,38,"(34, 3)",87.0,32,2,1,female,"[51, 52]",false,0.0,Int64[],Int64[],Int64[]
32,40,"(16, 37)",106.0,32,5,4,female,Int64[],false,0.0,Int64[],Int64[],Int64[]
32,42,"(29, 1)",48.0,32,2,1,male,Int64[],false,0.0,Int64[],Int64[],Int64[]
32,51,"(33, 8)",45.5,11,6,1,male,Int64[],false,0.0,Int64[],Int64[],Int64[]
32,52,"(37, 7)",29.5,10,2,2,female,Int64[],false,0.0,Int64[],Int64[],Int64[]
33,5,"(13, 39)",176.0,33,6,1,female,Int64[],false,0.0,Int64[],Int64[],Int64[]
33,7,"(10, 35)",74.0,33,1,1,male,Int64[],false,0.0,Int64[],Int64[],Int64[]
33,12,"(35, 9)",91.0,33,6,2,male,"[51, 52]",false,0.0,Int64[],Int64[],Int64[]
33,23,"(33, 4)",94.5,33,2,1,male,[53],true,0.0,[38],Int64[],Int64[]
33,29,"(37, 8)",12.0,33,5,4,male,Int64[],false,0.0,Int64[],Int64[],Int64[]
33,38,"(33, 3)",80.5,33,2,1,female,"[51, 52, 53]",true,0.0,[23],Int64[],Int64[]
33,40,"(16, 38)",106.0,33,5,4,female,Int64[],false,0.0,Int64[],Int64[],Int64[]
33,42,"(28, 1)",49.0,33,2,1,male,Int64[],false,0.0,Int64[],Int64[],Int64[]
33,51,"(33, 9)",48.5,12,6,1,male,Int64[],false,0.0,Int64[],Int64[],Int64[]
33,52,"(37, 9)",31.5,11,2,2,female,Int64[],false,0.0,Int64[],Int64[],Int64[]
33,53,"(33, 5)",20.0,0,2,1,male,Int64[],false,0.0,Int64[],Int64[],Int64[]
34,5,"(13, 38)",179.0,34,6,1,female,Int64[],false,0.0,Int64[],Int64[],Int64[]
34,7,"(11, 35)",76.0,34,1,1,male,Int64[],false,0.0,Int64[],Int64[],Int64[]
34,12,"(35, 8)",93.0,34,6,2,male,"[51, 52]",false,0.0,Int64[],Int64[],Int64[]
34,23,"(34, 4)",96.5,34,2,1,male,[53],false,0.0,Int64[],Int64[],Int64[]
34,29,"(38, 9)",12.0,34,5,4,male,Int64[],false,0.0,Int64[],Int64[],Int64[]
34,38,"(35, 3)",82.5,34,2,1,female,"[51, 52, 53]",false,0.0,Int64[],Int64[],Int64[]
34,40,"(15, 38)",106.0,34,5,4,female,Int64[],false,0.0,Int64[],Int64[],Int64[]
34,42,"(29, 1)",50.0,34,2,1,male,Int64[],false,0.0,Int64[],Int64[],Int64[]
34,51,"(32, 9)",51.5,13,6,1,male,Int64[],false,0.0,Int64[],Int64[],Int64[]
34,52,"(37, 10)",33.5,12,2,2,female,Int64[],false,0.0,Int64[],Int64[],Int64[]
34,53,"(33, 5)",22.0,1,2,1,male,Int64[],false,0.0,Int64[],Int64[],Int64[]
35,5,"(14, 37)",182.0,35,6,1,female,Int64[],false,0.0,Int64[],Int64[],Int64[]
35,7,"(11, 34)",78.0,35,1,1,male,Int64[],false,0.0,Int64[],Int64[],Int64[]
35,12,"(35, 7)",95.0,35,6,2,male,"[51, 52]",false,0.0,Int64[],Int64[],Int64[]
35,23,"(34, 2)",94.5,35,2,1,male,"[53, 54, 55]",true,0.0,[38],Int64[],[54]
35,29,"(38, 10)",12.0,35,5,4,male,Int64[],false,0.0,Int64[],Int64[],Int64[]
35,38,"(34, 3)",67.5,35,2,1,female,"[51, 52, 53, 54, 55]",true,0.0,"[23, 23]",Int64[],Int64[]
35,40,"(14, 38)",106.0,35,5,4,female,Int64[],false,0.0,Int64[],Int64[],Int64[]
35,42,"(28, 1)",51.0,35,2,1,male,Int64[],false,0.0,Int64[],Int64[],Int64[]
35,51,"(32, 10)",54.5,14,6,1,male,Int64[],false,0.0,Int64[],Int64[],Int64[]
35,52,"(36, 10)",35.5,13,2,2,female,Int64[],false,0.0,Int64[],Int64[],Int64[]
35,53,"(32, 5)",24.0,2,2,1,male,Int64[],false,0.0,Int64[],Int64[],Int64[]
35,55,"(34, 1)",20.0,0,2,1,female,Int64[],false,0.0,Int64[],Int64[],Int64[]
36,5,"(15, 37)",185.0,36,6,1,female,Int64[],false,0.0,Int64[],Int64[],Int64[]
36,7,"(12, 34)",80.0,36,1,1,male,Int64[],false,0.0,Int64[],Int64[],Int64[]
36,12,"(34, 7)",97.0,36,6,2,male,"[51, 52]",false,0.0,Int64[],Int64[],Int64[]
36,23,"(33, 3)",85.0,36,2,1,male,"[53, 54, 55, 56]",true,0.0,[38],Int64[],Int64[]
36,29,"(38, 11)",12.0,36,5,4,male,Int64[],false,0.0,Int64[],Int64[],Int64[]
36,38,"(34, 4)",80.0,36,2,1,female,"[51, 52, 53, 54, 55, 56]",false,0.0,Int64[],Int64[],[56]
36,40,"(14, 39)",106.0,36,5,4,female,Int64[],false,0.0,Int64[],Int64[],Int64[]
36,42,"(29, 1)",52.0,36,2,1,male,Int64[],false,0.0,Int64[],Int64[],Int64[]
36,51,"(33, 10)",57.5,15,6,1,male,Int64[],false,0.0,Int64[],Int64[],Int64[]
36,52,"(35, 10)",37.5,14,2,2,female,Int64[],false,0.0,Int64[],Int64[],Int64[]
36,53,"(31, 5)",26.0,3,2,1,male,Int64[],false,0.0,Int64[],Int64[],Int64[]
36,55,"(34, 1)",21.0,1,2,1,female,Int64[],false,0.0,Int64[],Int64[],Int64[]
37,5,"(16, 37)",188.0,37,6,1,female,Int64[],false,0.0,Int64[],Int64[],Int64[]
37,7,"(13, 34)",82.0,37,1,1,male,Int64[],false,0.0,Int64[],Int64[],Int64[]
37,12,"(34, 8)",99.0,37,6,2,male,"[51, 52]",false,0.0,Int64[],Int64[],Int64[]
37,23,"(32, 4)",84.0,37,2,1,male,"[53, 54, 55, 56, 57, 58]",true,0.0,[38],Int64[],[57]
37,29,"(37, 11)",12.0,37,5,4,male,Int64[],false,0.0,Int64[],Int64[],Int64[]
37,38,"(33, 4)",65.0,37,2,1,female,"[51, 52, 53, 54, 55, 56, 57, 58]",true,0.0,"[23, 23]",Int64[],Int64[]
37,40,"(13, 39)",106.0,37,5,4,female,Int64[],false,0.0,Int64[],Int64[],Int64[]
37,42,"(28, 1)",53.0,37,2,1,male,Int64[],false,0.0,Int64[],Int64[],Int64[]
37,51,"(33, 9)",60.5,16,6,1,male,Int64[],false,0.0,Int64[],Int64[],Int64[]
37,52,"(35, 9)",39.5,15,2,2,female,Int64[],false,0.0,Int64[],Int64[],Int64[]
37,53,"(31, 4)",28.0,4,2,1,male,Int64[],false,0.0,Int64[],Int64[],Int64[]
37,55,"(33, 1)",22.0,2,2,1,female,Int64[],false,0.0,Int64[],Int64[],Int64[]
37,58,"(34, 4)",20.0,0,2,1,female,Int64[],false,0.0,Int64[],Int64[],Int64[]
38,5,"(16, 38)",191.0,38,6,1,female,Int64[],false,0.0,Int64[],Int64[],Int64[]
38,7,"(13, 33)",84.0,38,1,1,male,Int64[],false,0.0,Int64[],Int64[],Int64[]
38,12,"(33, 8)",101.0,38,6,2,male,"[51, 52]",false,0.0,Int64[],Int64[],Int64[]
38,23,"(32, 5)",74.5,38,2,1,male,"[53, 54, 55, 56, 57, 58, 59]",true,0.0,[38],Int64[],Int64[]
38,29,"(37, 10)",12.0,38,5,4,male,Int64[],false,0.0,Int64[],Int64[],Int64[]
38,38,"(33, 5)",58.5,38,2,1,female,"[51, 52, 53, 54, 55, 56, 57, 58, 59]",true,0.0,[23],Int64[],Int64[]
38,40,"(13, 38)",106.0,38,5,4,female,Int64[],false,0.0,Int64[],Int64[],Int64[]
38,42,"(29, 1)",54.0,38,2,1,male,Int64[],false,0.0,Int64[],Int64[],Int64[]
38,51,"(32, 9)",63.5,17,6,1,male,Int64[],false,0.0,Int64[],Int64[],Int64[]
38,52,"(35, 8)",41.5,16,2,2,female,Int64[],false,0.0,Int64[],Int64[],Int64[]
38,53,"(30, 5)",30.0,5,2,1,male,Int64[],false,0.0,Int64[],Int64[],Int64[]
38,55,"(32, 1)",23.0,3,2,1,female,Int64[],false,0.0,Int64[],Int64[],Int64[]
38,58,"(34, 3)",22.0,1,2,1,female,Int64[],false,0.0,Int64[],Int64[],Int64[]
38,59,"(33, 4)",20.0,0,2,1,female,Int64[],false,0.0,Int64[],Int64[],Int64[]
39,5,"(15, 38)",194.0,39,6,1,female,Int64[],false,0.0,Int64[],Int64[],Int64[]
39,7,"(14, 33)",86.0,39,1,1,male,Int64[],false,0.0,Int64[],Int64[],Int64[]
39,12,"(34, 9)",103.0,39,6,2,male,"[51, 52]",false,0.0,Int64[],Int64[],Int64[]
39,23,"(31, 5)",76.5,39,2,1,male,"[53, 54, 55, 56, 57, 58, 59]",false,0.0,Int64[],Int64[],Int64[]
39,29,"(36, 10)",12.0,39,5,4,male,Int64[],false,0.0,Int64[],Int64[],Int64[]
39,38,"(34, 5)",60.5,39,2,1,female,"[51, 52, 53, 54, 55, 56, 57, 58, 59]",false,0.0,Int64[],Int64[],Int64[]
39,40,"(14, 38)",106.0,39,5,4,female,Int64[],false,0.0,Int64[],Int64[],Int64[]
39,42,"(31, 1)",77.0,39,2,1,male,Int64[],false,0.0,Int64[],Int64[],[55]
39,51,"(32, 10)",66.5,18,6,1,male,Int64[],false,0.0,Int64[],Int64[],Int64[]
39,52,"(35, 7)",43.5,17,2,2,female,Int64[],false,0.0,Int64[],Int64[],Int64[]
39,53,"(30, 6)",32.0,6,2,1,male,Int64[],false,0.0,Int64[],Int64[],Int64[]
39,58,"(35, 3)",24.0,2,2,1,female,Int64[],false,0.0,Int64[],Int64[],Int64[]
39,59,"(33, 3)",22.0,1,2,1,female,Int64[],false,0.0,Int64[],Int64[],Int64[]
40,5,"(15, 37)",197.0,40,6,1,female,Int64[],false,0.0,Int64[],Int64[],Int64[]
40,7,"(15, 33)",88.0,40,1,1,male,Int64[],false,0.0,Int64[],Int64[],Int64[]
40,12,"(34, 10)",105.0,40,6,2,male,"[51, 52]",false,0.0,Int64[],Int64[],Int64[]
40,23,"(31, 4)",78.5,40,2,1,male,"[53, 54, 55, 56, 57, 58, 59]",false,0.0,Int64[],Int64[],Int64[]
40,29,"(35, 10)",12.0,40,5,4,male,Int64[],false,0.0,Int64[],Int64[],Int64[]
40,38,"(34, 4)",62.5,40,2,1,female,"[51, 52, 53, 54, 55, 56, 57, 58, 59]",false,0.0,Int64[],Int64[],Int64[]
40,40,"(14, 37)",106.0,40,5,4,female,Int64[],false,0.0,Int64[],Int64[],Int64[]
40,42,"(30, 1)",78.0,40,2,1,male,Int64[],false,0.0,Int64[],Int64[],Int64[]
40,51,"(33, 10)",69.5,19,6,1,male,Int64[],false,0.0,Int64[],Int64[],Int64[]
40,52,"(34, 7)",45.5,18,2,2,female,Int64[],false,0.0,Int64[],Int64[],Int64[]
40,53,"(29, 6)",34.0,7,2,1,male,Int64[],false,0.0,Int64[],Int64[],Int64[]
40,58,"(36, 3)",26.0,3,2,1,female,Int64[],false,0.0,Int64[],Int64[],Int64[]
40,59,"(33, 4)",24.0,2,2,1,female,Int64[],false,0.0,Int64[],Int64[],Int64[]
41,5,"(16, 37)",200.0,41,6,1,female,Int64[],false,0.0,Int64[],Int64[],Int64[]
41,7,"(16, 33)",90.0,41,1,1,male,Int64[],false,0.0,Int64[],Int64[],Int64[]
41,12,"(34, 11)",107.0,41,6,2,male,"[51, 52]",false,0.0,Int64[],Int64[],Int64[]
41,23,"(32, 4)",80.5,41,2,1,male,"[53, 54, 55, 56, 57, 58, 59]",false,0.0,Int64[],Int64[],Int64[]
41,29,"(35, 9)",12.0,41,5,4,male,Int64[],false,0.0,Int64[],Int64[],Int64[]
41,38,"(34, 3)",64.5,41,2,1,female,"[51, 52, 53, 54, 55, 56, 57, 58, 59]",false,0.0,Int64[],Int64[],Int64[]
41,40,"(14, 39)",106.0,41,5,4,female,Int64[],false,0.0,Int64[],Int64[],Int64[]
41,42,"(29, 1)",79.0,41,2,1,male,Int64[],false,0.0,Int64[],Int64[],Int64[]
41,51,"(33, 10)",69.5,20,6,1,male,Int64[],false,0.0,Int64[],Int64[],Int64[]
41,52,"(34, 8)",47.5,19,2,2,female,Int64[],false,0.0,Int64[],Int64[],Int64[]
41,53,"(29, 7)",36.0,8,2,1,male,Int64[],false,0.0,Int64[],Int64[],Int64[]
41,58,"(37, 3)",28.0,4,2,1,female,Int64[],false,0.0,Int64[],Int64[],Int64[]
41,59,"(33, 5)",26.0,3,2,1,female,Int64[],false,0.0,Int64[],Int64[],Int64[]
42,5,"(16, 38)",203.0,42,6,1,female,Int64[],false,0.0,Int64[],Int64[],Int64[]
42,7,"(17, 33)",92.0,42,1,1,male,Int64[],false,0.0,Int64[],Int64[],Int64[]
42,12,"(33, 11)",109.0,42,6,2,male,"[51, 52]",false,0.0,Int64[],Int64[],Int64[]
42,23,"(32, 5)",82.5,42,2,1,male,"[53, 54, 55, 56, 57, 58, 59]",false,0.0,Int64[],Int64[],Int64[]
42,29,"(35, 8)",12.0,42,5,4,male,Int64[],false,0.0,Int64[],Int64[],Int64[]
42,38,"(33, 3)",66.5,42,2,1,female,"[51, 52, 53, 54, 55, 56, 57, 58, 59]",false,0.0,Int64[],Int64[],Int64[]
42,40,"(13, 39)",106.0,42,5,4,female,Int64[],false,0.0,Int64[],Int64[],Int64[]
42,42,"(28, 1)",80.0,42,2,1,male,Int64[],false,0.0,Int64[],Int64[],Int64[]
42,51,"(33, 9)",66.25,21,6,1,male,[60],true,0.0,[52],Int64[],Int64[]
42,52,"(33, 8)",43.25,20,2,2,female,[60],true,0.0,[51],Int64[],Int64[]
42,53,"(30, 7)",38.0,9,2,1,male,Int64[],false,0.0,Int64[],Int64[],Int64[]
42,58,"(37, 4)",30.0,5,2,1,female,Int64[],false,0.0,Int64[],Int64[],Int64[]
42,59,"(34, 5)",28.0,4,2,1,female,Int64[],false,0.0,Int64[],Int64[],Int64[]
42,60,"(34, 9)",12.5,0,6,1,female,Int64[],false,0.0,Int64[],Int64[],Int64[]
43,5,"(15, 38)",206.0,43,6,1,female,Int64[],false,0.0,Int64[],Int64[],Int64[]
43,7,"(17, 34)",94.0,43,1,1,male,Int64[],false,0.0,Int64[],Int64[],Int64[]
43,12,"(32, 11)",111.0,43,6,2,male,"[51, 52]",false,0.0,Int64[],Int64[],Int64[]
43,23,"(31, 5)",84.5,43,2,1,male,"[53, 54, 55, 56, 57, 58, 59]",false,0.0,Int64[],Int64[],Int64[]
43,29,"(35, 7)",12.0,43,5,4,male,Int64[],false,0.0,Int64[],Int64[],Int64[]
43,38,"(33, 4)",68.5,43,2,1,female,"[51, 52, 53, 54, 55, 56, 57, 58, 59]",false,0.0,Int64[],Int64[],Int64[]
43,40,"(13, 38)",106.0,43,5,4,female,Int64[],false,0.0,Int64[],Int64[],Int64[]
43,42,"(29, 1)",81.0,43,2,1,male,Int64[],false,0.0,Int64[],Int64[],Int64[]
43,51,"(32, 9)",69.25,22,6,1,male,[60],false,0.0,Int64[],Int64[],Int64[]
43,52,"(33, 7)",44.25,21,2,2,female,[60],false,0.0,Int64[],Int64[],Int64[]
43,53,"(30, 6)",40.0,10,2,1,male,Int64[],false,0.0,Int64[],Int64[],Int64[]
43,58,"(36, 4)",32.0,6,2,1,female,Int64[],false,0.0,Int64[],Int64[],Int64[]
43,59,"(34, 4)",30.0,5,2,1,female,Int64[],false,0.0,Int64[],Int64[],Int64[]
43,60,"(36, 9)",15.5,1,6,1,female,Int64[],false,0.0,Int64[],Int64[],Int64[]
44,5,"(15, 37)",209.0,44,6,1,female,Int64[],false,0.0,Int64[],Int64[],Int64[]
44,7,"(16, 34)",96.0,44,1,1,male,Int64[],false,0.0,Int64[],Int64[],Int64[]
44,12,"(32, 10)",113.0,44,6,2,male,"[51, 52]",false,0.0,Int64[],Int64[],Int64[]
44,23,"(31, 4)",75.0,44,2,1,male,"[53, 54, 55, 56, 57, 58, 59, 61]",true,0.0,[38],Int64[],Int64[]
44,29,"(36, 7)",12.0,44,5,4,male,Int64[],false,0.0,Int64[],Int64[],Int64[]
44,38,"(32, 4)",62.0,44,2,1,female,"[51, 52, 53, 54, 55, 56, 57, 58, 59, 61]",true,0.0,[23],Int64[],Int64[]
44,40,"(14, 38)",106.0,44,5,4,female,Int64[],false,0.0,Int64[],Int64[],Int64[]
44,42,"(28, 1)",82.0,44,2,1,male,Int64[],false,0.0,Int64[],Int64[],Int64[]
44,51,"(34, 9)",72.25,23,6,1,male,[60],false,0.0,Int64[],Int64[],Int64[]
44,52,"(34, 7)",46.25,22,2,2,female,[60],false,0.0,Int64[],Int64[],Int64[]
44,53,"(29, 6)",42.0,11,2,1,male,Int64[],false,0.0,Int64[],Int64[],Int64[]
44,58,"(35, 4)",34.0,7,2,1,female,Int64[],false,0.0,Int64[],Int64[],Int64[]
44,59,"(34, 3)",32.0,6,2,1,female,Int64[],false,0.0,Int64[],Int64[],Int64[]
44,60,"(36, 8)",18.5,2,6,1,female,Int64[],false,0.0,Int64[],Int64[],Int64[]
44,61,"(32, 5)",20.0,0,2,1,female,Int64[],false,0.0,Int64[],Int64[],Int64[]
45,5,"(16, 37)",212.0,45,6,1,female,Int64[],false,0.0,Int64[],Int64[],Int64[]
45,7,"(16, 33)",98.0,45,1,1,male,Int64[],false,0.0,Int64[],Int64[],Int64[]
45,12,"(33, 10)",115.0,45,6,2,male,"[51, 52]",false,0.0,Int64[],Int64[],Int64[]
45,23,"(30, 5)",77.0,45,2,1,male,"[53, 54, 55, 56, 57, 58, 59, 61]",false,0.0,Int64[],Int64[],Int64[]
45,29,"(35, 9)",12.0,45,5,4,male,Int64[],false,0.0,Int64[],Int64[],Int64[]
45,38,"(33, 3)",64.0,45,2,1,female,"[51, 52, 53, 54, 55, 56, 57, 58, 59, 61]",false,0.0,Int64[],Int64[],Int64[]
45,40,"(14, 37)",106.0,45,5,4,female,Int64[],false,0.0,Int64[],Int64[],Int64[]
45,42,"(29, 1)",83.0,45,2,1,male,Int64[],false,0.0,Int64[],Int64[],Int64[]
45,51,"(34, 8)",62.75,24,6,1,male,"[60, 62, 63]",true,0.0,"[52, 52]",Int64[],Int64[]
45,52,"(34, 9)",45.25,23,2,2,female,"[60, 62, 63]",true,0.0,[51],Int64[],[62]
45,53,"(29, 7)",44.0,12,2,1,male,Int64[],false,0.0,Int64[],Int64[],Int64[]
45,58,"(35, 5)",36.0,8,2,1,female,Int64[],false,0.0,Int64[],Int64[],Int64[]
45,59,"(35, 3)",34.0,7,2,1,female,Int64[],false,0.0,Int64[],Int64[],Int64[]
45,60,"(37, 8)",21.5,3,6,1,female,Int64[],false,0.0,Int64[],Int64[],Int64[]
45,61,"(32, 5)",22.0,1,2,1,female,Int64[],false,0.0,Int64[],Int64[],Int64[]
45,63,"(34, 10)",12.5,0,6,2,male,Int64[],false,0.0,Int64[],Int64[],Int64[]
46,5,"(16, 38)",215.0,46,6,1,female,Int64[],false,0.0,Int64[],Int64[],Int64[]
46,7,"(15, 33)",100.0,46,1,1,male,Int64[],false,0.0,Int64[],Int64[],Int64[]
46,12,"(34, 10)",113.0,46,6,2,male,"[51, 52, 65]",false,0.0,Int64[],Int64[],Int64[]
46,23,"(30, 6)",79.0,46,2,1,male,"[53, 54, 55, 56, 57, 58, 59, 61]",false,0.0,Int64[],Int64[],Int64[]
46,29,"(35, 8)",12.0,46,5,4,male,Int64[],false,0.0,Int64[],Int64[],Int64[]
46,38,"(33, 4)",66.0,46,2,1,female,"[51, 52, 53, 54, 55, 56, 57, 58, 59, 61]",false,0.0,Int64[],Int64[],Int64[]
46,40,"(14, 39)",106.0,46,5,4,female,Int64[],false,0.0,Int64[],Int64[],Int64[]
46,42,"(28, 1)",84.0,46,2,1,male,Int64[],false,0.0,Int64[],Int64[],Int64[]
46,51,"(33, 8)",59.5,25,6,1,male,"[60, 62, 63, 64]",true,0.0,[52],Int64[],Int64[]
46,52,"(33, 9)",34.75,24,2,2,female,"[60, 62, 63, 64, 65]",true,0.0,"[51, 12]",Int64[],Int64[]
46,53,"(30, 7)",46.0,13,2,1,male,Int64[],false,0.0,Int64[],Int64[],Int64[]
46,58,"(34, 5)",38.0,9,2,1,female,Int64[],false,0.0,Int64[],Int64[],Int64[]
46,59,"(36, 3)",36.0,8,2,1,female,Int64[],false,0.0,Int64[],Int64[],Int64[]
46,60,"(37, 9)",24.5,4,6,1,female,Int64[],false,0.0,Int64[],Int64[],Int64[]
46,61,"(31, 5)",24.0,2,2,1,female,Int64[],false,0.0,Int64[],Int64[],Int64[]
46,63,"(35, 10)",14.5,1,6,2,male,Int64[],false,0.0,Int64[],Int64[],Int64[]
46,64,"(32, 8)",12.5,0,2,2,male,Int64[],false,0.0,Int64[],Int64[],Int64[]
46,65,"(32, 9)",10.25,0,6,2,male,Int64[],false,0.0,Int64[],Int64[],Int64[]
47,5,"(15, 38)",218.0,47,6,1,female,Int64[],false,0.0,Int64[],Int64[],Int64[]
47,7,"(14, 33)",102.0,47,1,1,male,Int64[],false,0.0,Int64[],Int64[],Int64[]
47,12,"(34, 11)",111.0,47,6,2,male,"[51, 52, 65, 66]",true,0.0,[52],Int64[],Int64[]
47,23,"(29, 6)",81.0,47,2,1,male,"[53, 54, 55, 56, 57, 58, 59, 61]",false,0.0,Int64[],Int64[],Int64[]
47,29,"(35, 7)",12.0,47,5,4,male,Int64[],false,0.0,Int64[],Int64[],Int64[]
47,38,"(32, 4)",68.0,47,2,1,female,"[51, 52, 53, 54, 55, 56, 57, 58, 59, 61]",false,0.0,Int64[],Int64[],Int64[]
47,40,"(13, 39)",106.0,47,5,4,female,Int64[],false,0.0,Int64[],Int64[],Int64[]
47,42,"(29, 1)",85.0,47,2,1,male,Int64[],false,0.0,Int64[],Int64[],Int64[]
47,51,"(35, 11)",62.5,26,6,1,male,"[60, 62, 63, 64]",false,0.0,Int64[],Int64[],Int64[]
47,52,"(33, 11)",30.5,25,2,2,female,"[60, 62, 63, 64, 65, 66]",true,0.0,[12],Int64[],Int64[]
47,53,"(31, 7)",48.0,14,2,1,male,Int64[],false,0.0,Int64[],Int64[],Int64[]
47,58,"(34, 4)",40.0,10,2,1,female,Int64[],false,0.0,Int64[],Int64[],Int64[]
47,59,"(37, 3)",38.0,9,2,1,female,Int64[],false,0.0,Int64[],Int64[],Int64[]
47,60,"(36, 9)",27.5,5,6,1,female,Int64[],false,0.0,Int64[],Int64[],Int64[]
47,61,"(31, 4)",26.0,3,2,1,female,Int64[],false,0.0,Int64[],Int64[],Int64[]
47,63,"(36, 10)",16.5,2,6,2,male,Int64[],false,0.0,Int64[],Int64[],Int64[]
47,64,"(32, 9)",14.5,1,2,2,male,Int64[],false,0.0,Int64[],Int64[],Int64[]
47,65,"(32, 11)",12.25,1,6,2,male,Int64[],false,0.0,Int64[],Int64[],Int64[]
47,66,"(34, 12)",10.25,0,6,2,male,Int64[],false,0.0,Int64[],Int64[],Int64[]
48,5,"(15, 37)",221.0,48,6,1,female,Int64[],false,0.0,Int64[],Int64[],Int64[]
48,7,"(13, 33)",104.0,48,1,1,male,Int64[],false,0.0,Int64[],Int64[],Int64[]
48,12,"(33, 12)",109.0,48,6,2,male,"[51, 52, 65, 66, 67]",true,0.0,[52],Int64[],Int64[]
48,23,"(29, 7)",83.0,48,2,1,male,"[53, 54, 55, 56, 57, 58, 59, 61]",false,0.0,Int64[],Int64[],Int64[]
48,29,"(34, 7)",12.0,48,5,4,male,Int64[],false,0.0,Int64[],Int64[],Int64[]
48,38,"(32, 5)",70.0,48,2,1,female,"[51, 52, 53, 54, 55, 56, 57, 58, 59, 61]",false,0.0,Int64[],Int64[],Int64[]
48,40,"(13, 38)",106.0,48,5,4,female,Int64[],false,0.0,Int64[],Int64[],Int64[]
48,42,"(28, 1)",86.0,48,2,1,male,Int64[],false,0.0,Int64[],Int64[],Int64[]
48,51,"(36, 11)",65.5,27,6,1,male,"[60, 62, 63, 64]",false,0.0,Int64[],Int64[],Int64[]
48,52,"(33, 10)",25.25,26,2,2,female,"[60, 62, 63, 64, 65, 66, 67]",false,0.0,Int64[],Int64[],Int64[]
48,53,"(31, 6)",50.0,15,2,1,male,Int64[],false,0.0,Int64[],Int64[],Int64[]
48,58,"(34, 3)",42.0,11,2,1,female,Int64[],false,0.0,Int64[],Int64[],Int64[]
48,59,"(37, 4)",40.0,10,2,1,female,Int64[],false,0.0,Int64[],Int64[],Int64[]
48,60,"(36, 8)",30.5,6,6,1,female,Int64[],false,0.0,Int64[],Int64[],Int64[]
48,61,"(30, 5)",28.0,4,2,1,female,Int64[],false,0.0,Int64[],Int64[],Int64[]
48,63,"(37, 10)",18.5,3,6,2,male,Int64[],false,0.0,Int64[],Int64[],Int64[]
48,64,"(32, 10)",16.5,2,2,2,male,Int64[],false,0.0,Int64[],Int64[],Int64[]
48,65,"(34, 13)",14.25,2,6,2,male,Int64[],false,0.0,Int64[],Int64[],Int64[]
48,66,"(35, 12)",12.25,1,6,2,male,Int64[],false,0.0,Int64[],Int64[],Int64[]
48,67,"(34, 11)",10.25,0,2,2,male,Int64[],false,0.0,Int64[],Int64[],Int64[]
49,5,"(14, 37)",224.0,49,6,1,female,Int64[],false,0.0,Int64[],Int64[],Int64[]
49,7,"(13, 34)",106.0,49,1,1,male,Int64[],false,0.0,Int64[],Int64[],Int64[]
49,12,"(36, 12)",111.0,49,6,2,male,"[51, 52, 65, 66, 67]",false,0.0,Int64[],Int64[],Int64[]
49,23,"(30, 7)",85.0,49,2,1,male,"[53, 54, 55, 56, 57, 58, 59, 61]",false,0.0,Int64[],Int64[],Int64[]
49,29,"(34, 8)",12.0,49,5,4,male,Int64[],false,0.0,Int64[],Int64[],Int64[]
49,38,"(33, 5)",72.0,49,2,1,female,"[51, 52, 53, 54, 55, 56, 57, 58, 59, 61]",false,0.0,Int64[],Int64[],Int64[]
49,40,"(14, 38)",106.0,49,5,4,female,Int64[],false,0.0,Int64[],Int64[],Int64[]
49,42,"(29, 1)",87.0,49,2,1,male,Int64[],false,0.0,Int64[],Int64[],Int64[]
49,51,"(37, 11)",68.5,28,6,1,male,"[60, 62, 63, 64]",false,0.0,Int64[],Int64[],Int64[]
49,52,"(34, 9)",27.25,27,2,2,female,"[60, 62, 63, 64, 65, 66, 67]",false,0.0,Int64[],Int64[],Int64[]
49,53,"(31, 5)",52.0,16,2,1,male,Int64[],false,0.0,Int64[],Int64[],Int64[]
49,58,"(33, 3)",44.0,12,2,1,female,Int64[],false,0.0,Int64[],Int64[],Int64[]
49,59,"(36, 4)",42.0,11,2,1,female,Int64[],false,0.0,Int64[],Int64[],Int64[]
49,60,"(36, 7)",33.5,7,6,1,female,Int64[],false,0.0,Int64[],Int64[],Int64[]
49,61,"(30, 6)",30.0,5,2,1,female,Int64[],false,0.0,Int64[],Int64[],Int64[]
49,63,"(38, 10)",20.5,4,6,2,male,Int64[],false,0.0,Int64[],Int64[],Int64[]
49,64,"(31, 10)",17.5,3,2,2,male,Int64[],false,0.0,Int64[],Int64[],Int64[]
49,65,"(35, 13)",16.25,3,6,2,male,Int64[],false,0.0,Int64[],Int64[],Int64[]
49,66,"(36, 13)",14.25,2,6,2,male,Int64[],false,0.0,Int64[],Int64[],Int64[]
49,67,"(34, 12)",12.25,1,2,2,male,Int64[],false,0.0,Int64[],Int64[],Int64[]
50,5,"(16, 37)",227.0,50,6,1,female,Int64[],false,0.0,Int64[],Int64[],Int64[]
50,7,"(12, 34)",108.0,50,1,1,male,Int64[],false,0.0,Int64[],Int64[],Int64[]
50,12,"(37, 12)",113.0,50,6,2,male,"[51, 52, 65, 66, 67]",false,0.0,Int64[],Int64[],Int64[]
50,23,"(31, 7)",87.0,50,2,1,male,"[53, 54, 55, 56, 57, 58, 59, 61]",false,0.0,Int64[],Int64[],Int64[]
50,29,"(33, 8)",12.0,50,5,4,male,Int64[],false,0.0,Int64[],Int64[],Int64[]
50,38,"(34, 5)",74.0,50,2,1,female,"[51, 52, 53, 54, 55, 56, 57, 58, 59, 61]",false,0.0,Int64[],Int64[],Int64[]
50,40,"(14, 39)",106.0,50,5,4,female,Int64[],false,0.0,Int64[],Int64[],Int64[]
50,42,"(28, 1)",88.0,50,2,1,male,Int64[],false,0.0,Int64[],Int64[],Int64[]
50,51,"(38, 11)",71.5,29,6,1,male,"[60, 62, 63, 64]",false,0.0,Int64[],Int64[],Int64[]
50,52,"(33, 9)",29.25,28,2,2,female,"[60, 62, 63, 64, 65, 66, 67]",false,0.0,Int64[],Int64[],Int64[]
50,53,"(31, 4)",54.0,17,2,1,male,Int64[],false,0.0,Int64[],Int64[],Int64[]
50,58,"(33, 4)",46.0,13,2,1,female,Int64[],false,0.0,Int64[],Int64[],Int64[]
50,59,"(36, 3)",44.0,12,2,1,female,Int64[],false,0.0,Int64[],Int64[],Int64[]
50,60,"(35, 8)",36.5,8,6,1,female,Int64[],false,0.0,Int64[],Int64[],Int64[]
50,61,"(29, 6)",32.0,6,2,1,female,Int64[],false,0.0,Int64[],Int64[],Int64[]
50,63,"(38, 9)",22.5,5,6,2,male,Int64[],false,0.0,Int64[],Int64[],Int64[]
50,64,"(31, 9)",18.5,4,2,2,male,Int64[],false,0.0,Int64[],Int64[],Int64[]
50,65,"(35, 10)",18.25,4,6,2,male,Int64[],false,0.0,Int64[],Int64[],Int64[]
50,66,"(35, 9)",16.25,3,6,2,male,Int64[],false,0.0,Int64[],Int64[],Int64[]
50,67,"(34, 10)",14.25,2,2,2,male,Int64[],false,0.0,Int64[],Int64[],Int64[]
51,5,"(16, 38)",230.0,51,6,1,female,Int64[],false,0.0,Int64[],Int64[],Int64[]
51,7,"(11, 34)",110.0,51,1,1,male,Int64[],false,0.0,Int64[],Int64[],Int64[]
51,12,"(37, 8)",115.0,51,6,2,male,"[51, 52, 65, 66, 67]",false,0.0,Int64[],Int64[],Int64[]
51,23,"(31, 6)",89.0,51,2,1,male,"[53, 54, 55, 56, 57, 58, 59, 61]",false,0.0,Int64[],Int64[],Int64[]
51,29,"(35, 7)",12.0,51,5,4,male,Int64[],false,0.0,Int64[],Int64[],Int64[]
51,38,"(34, 4)",76.0,51,2,1,female,"[51, 52, 53, 54, 55, 56, 57, 58, 59, 61]",false,0.0,Int64[],Int64[],Int64[]
51,40,"(13, 39)",106.0,51,5,4,female,Int64[],false,0.0,Int64[],Int64[],Int64[]
51,42,"(29, 1)",89.0,51,2,1,male,Int64[],false,0.0,Int64[],Int64[],Int64[]
51,51,"(36, 10)",74.5,30,6,1,male,"[60, 62, 63, 64]",false,0.0,Int64[],Int64[],Int64[]
51,52,"(33, 11)",31.25,29,2,2,female,"[60, 62, 63, 64, 65, 66, 67]",false,0.0,Int64[],Int64[],Int64[]
51,53,"(32, 4)",56.0,18,2,1,male,Int64[],false,0.0,Int64[],Int64[],Int64[]
51,58,"(34, 3)",48.0,14,2,1,female,Int64[],false,0.0,Int64[],Int64[],Int64[]
51,59,"(35, 3)",46.0,13,2,1,female,Int64[],false,0.0,Int64[],Int64[],Int64[]
51,60,"(32, 11)",39.5,9,6,1,female,Int64[],false,0.0,Int64[],Int64[],Int64[]
51,61,"(29, 7)",34.0,7,2,1,female,Int64[],false,0.0,Int64[],Int64[],Int64[]
51,63,"(37, 9)",24.5,6,6,2,male,Int64[],false,0.0,Int64[],Int64[],Int64[]
51,64,"(32, 9)",20.5,5,2,2,male,Int64[],false,0.0,Int64[],Int64[],Int64[]
51,65,"(35, 11)",20.25,5,6,2,male,Int64[],false,0.0,Int64[],Int64[],Int64[]
51,66,"(36, 9)",18.25,4,6,2,male,Int64[],false,0.0,Int64[],Int64[],Int64[]
51,67,"(34, 11)",16.25,3,2,2,male,Int64[],false,0.0,Int64[],Int64[],Int64[]
52,5,"(15, 38)",233.0,52,6,1,female,Int64[],false,0.0,Int64[],Int64[],Int64[]
52,7,"(11, 35)",112.0,52,1,1,male,Int64[],false,0.0,Int64[],Int64[],Int64[]
52,12,"(37, 7)",116.0,52,6,2,male,"[51, 52, 65, 66, 67]",false,0.0,Int64[],Int64[],Int64[]
52,23,"(31, 5)",91.0,52,2,1,male,"[53, 54, 55, 56, 57, 58, 59, 61]",false,0.0,Int64[],Int64[],Int64[]
52,29,"(34, 7)",12.0,52,5,4,male,Int64[],false,0.0,Int64[],Int64[],Int64[]
52,38,"(35, 4)",78.0,52,2,1,female,"[51, 52, 53, 54, 55, 56, 57, 58, 59, 61]",false,0.0,Int64[],Int64[],Int64[]
52,40,"(13, 38)",106.0,52,5,4,female,Int64[],false,0.0,Int64[],Int64[],Int64[]
52,42,"(28, 1)",90.0,52,2,1,male,Int64[],false,0.0,Int64[],Int64[],Int64[]
52,51,"(37, 10)",77.5,31,6,1,male,"[60, 62, 63, 64]",false,0.0,Int64[],Int64[],Int64[]
52,52,"(33, 10)",33.25,30,2,2,female,"[60, 62, 63, 64, 65, 66, 67]",false,0.0,Int64[],Int64[],Int64[]
52,53,"(32, 5)",58.0,19,2,1,male,Int64[],false,0.0,Int64[],Int64[],Int64[]
52,58,"(33, 3)",50.0,15,2,1,female,Int64[],false,0.0,Int64[],Int64[],Int64[]
52,59,"(36, 4)",48.0,14,2,1,female,Int64[],false,0.0,Int64[],Int64[],Int64[]
52,60,"(33, 12)",42.5,10,6,1,female,Int64[],false,0.0,Int64[],Int64[],Int64[]
52,61,"(30, 7)",36.0,8,2,1,female,Int64[],false,0.0,Int64[],Int64[],Int64[]
52,63,"(36, 8)",26.5,7,6,2,male,Int64[],false,0.0,Int64[],Int64[],Int64[]
52,64,"(32, 10)",22.5,6,2,2,male,Int64[],false,0.0,Int64[],Int64[],Int64[]
52,65,"(36, 11)",22.25,6,6,2,male,Int64[],false,0.0,Int64[],Int64[],Int64[]
52,66,"(34, 13)",20.25,5,6,2,male,Int64[],false,0.0,Int64[],Int64[],Int64[]
52,67,"(35, 12)",18.25,4,2,2,male,Int64[],false,0.0,Int64[],Int64[],Int64[]
53,5,"(15, 37)",236.0,53,6,1,female,Int64[],false,0.0,Int64[],Int64[],Int64[]
53,7,"(10, 35)",114.0,53,1,1,male,Int64[],false,0.0,Int64[],Int64[],Int64[]
53,12,"(36, 7)",118.0,53,6,2,male,"[51, 52, 65, 66, 67]",false,0.0,Int64[],Int64[],Int64[]
53,23,"(31, 4)",93.0,53,2,1,male,"[53, 54, 55, 56, 57, 58, 59, 61]",false,0.0,Int64[],Int64[],Int64[]
53,29,"(34, 8)",12.0,53,5,4,male,Int64[],false,0.0,Int64[],Int64[],Int64[]
53,38,"(35, 5)",80.0,53,2,1,female,"[51, 52, 53, 54, 55, 56, 57, 58, 59, 61]",false,0.0,Int64[],Int64[],Int64[]
53,40,"(14, 38)",106.0,53,5,4,female,Int64[],false,0.0,Int64[],Int64[],Int64[]
53,42,"(29, 1)",91.0,53,2,1,male,Int64[],false,0.0,Int64[],Int64[],Int64[]
53,51,"(38, 10)",80.5,32,6,1,male,"[60, 62, 63, 64]",false,0.0,Int64[],Int64[],Int64[]
53,52,"(34, 9)",35.25,31,2,2,female,"[60, 62, 63, 64, 65, 66, 67]",false,0.0,Int64[],Int64[],Int64[]
53,53,"(33, 5)",60.0,20,2,1,male,Int64[],false,0.0,Int64[],Int64[],Int64[]
53,58,"(33, 4)",52.0,16,2,1,female,Int64[],false,0.0,Int64[],Int64[],Int64[]
53,59,"(36, 3)",50.0,15,2,1,female,Int64[],false,0.0,Int64[],Int64[],Int64[]
53,60,"(35, 13)",45.5,11,6,1,female,Int64[],false,0.0,Int64[],Int64[],Int64[]
53,61,"(30, 6)",38.0,9,2,1,female,Int64[],false,0.0,Int64[],Int64[],Int64[]
53,63,"(36, 12)",28.5,8,6,2,male,Int64[],false,0.0,Int64[],Int64[],Int64[]
53,64,"(31, 10)",23.5,7,2,2,male,Int64[],false,0.0,Int64[],Int64[],Int64[]
53,65,"(37, 11)",24.25,7,6,2,male,Int64[],false,0.0,Int64[],Int64[],Int64[]
53,66,"(36, 13)",22.25,6,6,2,male,Int64[],false,0.0,Int64[],Int64[],Int64[]
53,67,"(34, 12)",20.25,5,2,2,male,Int64[],false,0.0,Int64[],Int64[],Int64[]
