id,pos_1,pos_2,vision,metabolism,sugar,age,max_age,sex,has_reproduced,initial_sugar,children,total_inheritance_received,culture,loans_given,loans_owed,diseases,immunity,last_partner_id,last_credit_partner,traits
5,3,34,6,1,22.0,0,89,female,false,22.0,Int64[],0.0,"Bool[1, 1, 0, 1, 1, 0, 0, 1, 0, 0, 0]","Dict{Int64, Vector{Sugarscape.Loan}}()","Dict{Int64, Vector{Sugarscape.Loan}}()",BitVector[],"Bool[0, 0, 0, 0, 0, 0, 0, 0, 0, 0, 0, 0, 0, 0, 0, 0, 0, 0, 0, 0, 0, 0, 0, 0, 0, 0, 0, 0, 0, 0, 0, 0]",Int64[],Int64[],"(openness = 4.68, conscientiousness = 3.55, extraversion = 2.68, agreeableness = 3.56, neuroticism = 3.0)"
35,31,50,4,2,13.0,0,76,male,false,13.0,Int64[],0.0,"Bool[0, 0, 0, 1, 0, 0, 0, 1, 0, 0, 0]","Dict{Int64, Vector{Sugarscape.Loan}}()","Dict{Int64, Vector{Sugarscape.Loan}}()",BitVector[],"Bool[0, 0, 0, 0, 0, 0, 0, 0, 0, 0, 0, 0, 0, 0, 0, 0, 0, 0, 0, 0, 0, 0, 0, 0, 0, 0, 0, 0, 0, 0, 0, 0]",Int64[],Int64[],"(openness = 3.87, conscientiousness = 4.35, extraversion = 3.77, agreeableness = 4.34, neuroticism = 3.1)"
30,17,36,2,3,19.0,0,91,female,false,19.0,Int64[],0.0,"Bool[0, 1, 1, 1, 0, 0, 1, 1, 1, 0, 0]","Dict{Int64, Vector{Sugarscape.Loan}}()","Dict{Int64, Vector{Sugarscape.Loan}}()",BitVector[],"Bool[0, 0, 0, 0, 0, 0, 0, 0, 0, 0, 0, 0, 0, 0, 0, 0, 0, 0, 0, 0, 0, 0, 0, 0, 0, 0, 0, 0, 0, 0, 0, 0]",Int64[],Int64[],"(openness = 3.69, conscientiousness = 2.34, extraversion = 2.94, agreeableness = 4.05, neuroticism = 2.75)"
32,25,41,2,4,16.0,0,74,female,false,16.0,Int64[],0.0,"Bool[1, 1, 1, 0, 1, 0, 0, 1, 1, 0, 1]","Dict{Int64, Vector{Sugarscape.Loan}}()","Dict{Int64, Vector{Sugarscape.Loan}}()",BitVector[],"Bool[0, 0, 0, 0, 0, 0, 0, 0, 0, 0, 0, 0, 0, 0, 0, 0, 0, 0, 0, 0, 0, 0, 0, 0, 0, 0, 0, 0, 0, 0, 0, 0]",Int64[],Int64[],"(openness = 3.53, conscientiousness = 3.99, extraversion = 3.36, agreeableness = 2.77, neuroticism = 2.64)"
6,26,27,3,2,11.0,0,92,female,false,11.0,Int64[],0.0,"Bool[0, 0, 0, 1, 0, 0, 0, 0, 1, 1, 0]","Dict{Int64, Vector{Sugarscape.Loan}}()","Dict{Int64, Vector{Sugarscape.Loan}}()",BitVector[],"Bool[0, 0, 0, 0, 0, 0, 0, 0, 0, 0, 0, 0, 0, 0, 0, 0, 0, 0, 0, 0, 0, 0, 0, 0, 0, 0, 0, 0, 0, 0, 0, 0]",Int64[],Int64[],"(openness = 3.75, conscientiousness = 3.85, extraversion = 2.7, agreeableness = 4.29, neuroticism = 3.16)"
45,44,32,6,3,14.0,0,92,male,false,14.0,Int64[],0.0,"Bool[0, 0, 1, 1, 1, 0, 0, 1, 0, 0, 1]","Dict{Int64, Vector{Sugarscape.Loan}}()","Dict{Int64, Vector{Sugarscape.Loan}}()",BitVector[],"Bool[0, 0, 0, 0, 0, 0, 0, 0, 0, 0, 0, 0, 0, 0, 0, 0, 0, 0, 0, 0, 0, 0, 0, 0, 0, 0, 0, 0, 0, 0, 0, 0]",Int64[],Int64[],"(openness = 4.74, conscientiousness = 3.67, extraversion = 3.34, agreeableness = 3.69, neuroticism = 2.87)"
4,9,13,6,2,16.0,0,86,male,false,16.0,Int64[],0.0,"Bool[1, 1, 1, 0, 0, 1, 1, 0, 1, 0, 0]","Dict{Int64, Vector{Sugarscape.Loan}}()","Dict{Int64, Vector{Sugarscape.Loan}}()",BitVector[],"Bool[0, 0, 0, 0, 0, 0, 0, 0, 0, 0, 0, 0, 0, 0, 0, 0, 0, 0, 0, 0, 0, 0, 0, 0, 0, 0, 0, 0, 0, 0, 0, 0]",Int64[],Int64[],"(openness = 3.66, conscientiousness = 2.71, extraversion = 3.26, agreeableness = 3.06, neuroticism = 2.17)"
13,17,26,6,4,14.0,0,65,male,false,14.0,Int64[],0.0,"Bool[0, 1, 0, 0, 0, 1, 1, 1, 1, 0, 0]","Dict{Int64, Vector{Sugarscape.Loan}}()","Dict{Int64, Vector{Sugarscape.Loan}}()",BitVector[],"Bool[0, 0, 0, 0, 0, 0, 0, 0, 0, 0, 0, 0, 0, 0, 0, 0, 0, 0, 0, 0, 0, 0, 0, 0, 0, 0, 0, 0, 0, 0, 0, 0]",Int64[],Int64[],"(openness = 4.46, conscientiousness = 3.56, extraversion = 3.46, agreeableness = 5.0, neuroticism = 4.37)"
12,21,9,6,2,8.0,0,88,male,false,8.0,Int64[],0.0,"Bool[1, 0, 0, 0, 0, 0, 0, 1, 0, 0, 1]","Dict{Int64, Vector{Sugarscape.Loan}}()","Dict{Int64, Vector{Sugarscape.Loan}}()",BitVector[],"Bool[0, 0, 0, 0, 0, 0, 0, 0, 0, 0, 0, 0, 0, 0, 0, 0, 0, 0, 0, 0, 0, 0, 0, 0, 0, 0, 0, 0, 0, 0, 0, 0]",Int64[],Int64[],"(openness = 4.91, conscientiousness = 4.38, extraversion = 2.57, agreeableness = 2.12, neuroticism = 2.72)"
28,26,19,2,4,5.0,0,91,male,false,5.0,Int64[],0.0,"Bool[0, 0, 1, 0, 1, 0, 0, 0, 0, 0, 1]","Dict{Int64, Vector{Sugarscape.Loan}}()","Dict{Int64, Vector{Sugarscape.Loan}}()",BitVector[],"Bool[0, 0, 0, 0, 0, 0, 0, 0, 0, 0, 0, 0, 0, 0, 0, 0, 0, 0, 0, 0, 0, 0, 0, 0, 0, 0, 0, 0, 0, 0, 0, 0]",Int64[],Int64[],"(openness = 3.69, conscientiousness = 2.32, extraversion = 3.68, agreeableness = 4.05, neuroticism = 2.36)"
23,31,2,2,1,23.0,0,60,male,false,23.0,Int64[],0.0,"Bool[1, 1, 0, 0, 1, 0, 0, 0, 1, 1, 0]","Dict{Int64, Vector{Sugarscape.Loan}}()","Dict{Int64, Vector{Sugarscape.Loan}}()",BitVector[],"Bool[0, 0, 0, 0, 0, 0, 0, 0, 0, 0, 0, 0, 0, 0, 0, 0, 0, 0, 0, 0, 0, 0, 0, 0, 0, 0, 0, 0, 0, 0, 0, 0]",Int64[],Int64[],"(openness = 3.69, conscientiousness = 3.2, extraversion = 4.35, agreeableness = 3.65, neuroticism = 3.77)"
41,2,18,1,3,6.0,0,72,female,false,6.0,Int64[],0.0,"Bool[0, 1, 0, 0, 0, 1, 0, 1, 0, 1, 0]","Dict{Int64, Vector{Sugarscape.Loan}}()","Dict{Int64, Vector{Sugarscape.Loan}}()",BitVector[],"Bool[0, 0, 0, 0, 0, 0, 0, 0, 0, 0, 0, 0, 0, 0, 0, 0, 0, 0, 0, 0, 0, 0, 0, 0, 0, 0, 0, 0, 0, 0, 0, 0]",Int64[],Int64[],"(openness = 3.62, conscientiousness = 4.25, extraversion = 3.39, agreeableness = 2.26, neuroticism = 4.1)"
43,48,9,3,4,10.0,0,63,male,false,10.0,Int64[],0.0,"Bool[1, 1, 1, 1, 0, 1, 1, 1, 0, 0, 0]","Dict{Int64, Vector{Sugarscape.Loan}}()","Dict{Int64, Vector{Sugarscape.Loan}}()",BitVector[],"Bool[0, 0, 0, 0, 0, 0, 0, 0, 0, 0, 0, 0, 0, 0, 0, 0, 0, 0, 0, 0, 0, 0, 0, 0, 0, 0, 0, 0, 0, 0, 0, 0]",Int64[],Int64[],"(openness = 3.17, conscientiousness = 4.68, extraversion = 2.11, agreeableness = 3.97, neuroticism = 3.8)"
11,35,1,2,2,8.0,0,92,male,false,8.0,Int64[],0.0,"Bool[1, 1, 0, 0, 0, 0, 1, 1, 1, 1, 0]","Dict{Int64, Vector{Sugarscape.Loan}}()","Dict{Int64, Vector{Sugarscape.Loan}}()",BitVector[],"Bool[0, 0, 0, 0, 0, 0, 0, 0, 0, 0, 0, 0, 0, 0, 0, 0, 0, 0, 0, 0, 0, 0, 0, 0, 0, 0, 0, 0, 0, 0, 0, 0]",Int64[],Int64[],"(openness = 5.0, conscientiousness = 2.65, extraversion = 3.71, agreeableness = 3.65, neuroticism = 2.03)"
36,43,42,1,1,6.0,0,64,female,false,6.0,Int64[],0.0,"Bool[1, 1, 1, 0, 1, 1, 0, 1, 1, 1, 1]","Dict{Int64, Vector{Sugarscape.Loan}}()","Dict{Int64, Vector{Sugarscape.Loan}}()",BitVector[],"Bool[0, 0, 0, 0, 0, 0, 0, 0, 0, 0, 0, 0, 0, 0, 0, 0, 0, 0, 0, 0, 0, 0, 0, 0, 0, 0, 0, 0, 0, 0, 0, 0]",Int64[],Int64[],"(openness = 4.16, conscientiousness = 2.92, extraversion = 3.99, agreeableness = 4.52, neuroticism = 3.74)"
39,9,24,1,1,15.0,0,99,female,false,15.0,Int64[],0.0,"Bool[0, 0, 0, 1, 1, 0, 1, 1, 1, 1, 1]","Dict{Int64, Vector{Sugarscape.Loan}}()","Dict{Int64, Vector{Sugarscape.Loan}}()",BitVector[],"Bool[0, 0, 0, 0, 0, 0, 0, 0, 0, 0, 0, 0, 0, 0, 0, 0, 0, 0, 0, 0, 0, 0, 0, 0, 0, 0, 0, 0, 0, 0, 0, 0]",Int64[],Int64[],"(openness = 4.79, conscientiousness = 4.22, extraversion = 4.87, agreeableness = 4.54, neuroticism = 1.26)"
7,9,40,1,1,8.0,0,76,male,false,8.0,Int64[],0.0,"Bool[1, 0, 0, 1, 0, 0, 1, 0, 0, 1, 0]","Dict{Int64, Vector{Sugarscape.Loan}}()","Dict{Int64, Vector{Sugarscape.Loan}}()",BitVector[],"Bool[0, 0, 0, 0, 0, 0, 0, 0, 0, 0, 0, 0, 0, 0, 0, 0, 0, 0, 0, 0, 0, 0, 0, 0, 0, 0, 0, 0, 0, 0, 0, 0]",Int64[],Int64[],"(openness = 3.79, conscientiousness = 3.2, extraversion = 1.88, agreeableness = 2.96, neuroticism = 4.79)"
25,10,9,2,3,18.0,0,89,female,false,18.0,Int64[],0.0,"Bool[1, 0, 1, 1, 0, 1, 1, 0, 1, 0, 0]","Dict{Int64, Vector{Sugarscape.Loan}}()","Dict{Int64, Vector{Sugarscape.Loan}}()",BitVector[],"Bool[0, 0, 0, 0, 0, 0, 0, 0, 0, 0, 0, 0, 0, 0, 0, 0, 0, 0, 0, 0, 0, 0, 0, 0, 0, 0, 0, 0, 0, 0, 0, 0]",Int64[],Int64[],"(openness = 3.34, conscientiousness = 3.11, extraversion = 5.0, agreeableness = 3.79, neuroticism = 2.32)"
34,5,33,1,4,24.0,0,69,male,false,24.0,Int64[],0.0,"Bool[1, 0, 1, 1, 1, 1, 1, 0, 1, 0, 0]","Dict{Int64, Vector{Sugarscape.Loan}}()","Dict{Int64, Vector{Sugarscape.Loan}}()",BitVector[],"Bool[0, 0, 0, 0, 0, 0, 0, 0, 0, 0, 0, 0, 0, 0, 0, 0, 0, 0, 0, 0, 0, 0, 0, 0, 0, 0, 0, 0, 0, 0, 0, 0]",Int64[],Int64[],"(openness = 3.81, conscientiousness = 2.74, extraversion = 2.06, agreeableness = 3.77, neuroticism = 3.25)"
50,14,21,5,2,25.0,0,62,female,false,25.0,Int64[],0.0,"Bool[1, 1, 1, 1, 1, 1, 0, 1, 1, 0, 1]","Dict{Int64, Vector{Sugarscape.Loan}}()","Dict{Int64, Vector{Sugarscape.Loan}}()",BitVector[],"Bool[0, 0, 0, 0, 0, 0, 0, 0, 0, 0, 0, 0, 0, 0, 0, 0, 0, 0, 0, 0, 0, 0, 0, 0, 0, 0, 0, 0, 0, 0, 0, 0]",Int64[],Int64[],"(openness = 3.52, conscientiousness = 4.14, extraversion = 2.54, agreeableness = 5.0, neuroticism = 4.05)"
2,10,47,6,1,6.0,0,93,male,false,6.0,Int64[],0.0,"Bool[0, 0, 1, 0, 0, 1, 1, 0, 0, 1, 1]","Dict{Int64, Vector{Sugarscape.Loan}}()","Dict{Int64, Vector{Sugarscape.Loan}}()",BitVector[],"Bool[0, 0, 0, 0, 0, 0, 0, 0, 0, 0, 0, 0, 0, 0, 0, 0, 0, 0, 0, 0, 0, 0, 0, 0, 0, 0, 0, 0, 0, 0, 0, 0]",Int64[],Int64[],"(openness = 3.63, conscientiousness = 2.43, extraversion = 2.21, agreeableness = 1.47, neuroticism = 5.0)"
10,39,45,6,1,14.0,0,71,male,false,14.0,Int64[],0.0,"Bool[0, 1, 0, 0, 0, 0, 1, 1, 0, 1, 0]","Dict{Int64, Vector{Sugarscape.Loan}}()","Dict{Int64, Vector{Sugarscape.Loan}}()",BitVector[],"Bool[0, 0, 0, 0, 0, 0, 0, 0, 0, 0, 0, 0, 0, 0, 0, 0, 0, 0, 0, 0, 0, 0, 0, 0, 0, 0, 0, 0, 0, 0, 0, 0]",Int64[],Int64[],"(openness = 4.07, conscientiousness = 3.89, extraversion = 1.79, agreeableness = 2.48, neuroticism = 2.96)"
18,50,21,5,4,11.0,0,61,female,false,11.0,Int64[],0.0,"Bool[1, 0, 1, 0, 1, 0, 1, 0, 1, 0, 1]","Dict{Int64, Vector{Sugarscape.Loan}}()","Dict{Int64, Vector{Sugarscape.Loan}}()",BitVector[],"Bool[0, 0, 0, 0, 0, 0, 0, 0, 0, 0, 0, 0, 0, 0, 0, 0, 0, 0, 0, 0, 0, 0, 0, 0, 0, 0, 0, 0, 0, 0, 0, 0]",Int64[],Int64[],"(openness = 4.86, conscientiousness = 3.64, extraversion = 1.5, agreeableness = 4.21, neuroticism = 4.02)"
26,44,18,2,3,19.0,0,61,female,false,19.0,Int64[],0.0,"Bool[1, 0, 1, 1, 0, 0, 1, 1, 1, 0, 1]","Dict{Int64, Vector{Sugarscape.Loan}}()","Dict{Int64, Vector{Sugarscape.Loan}}()",BitVector[],"Bool[0, 0, 0, 0, 0, 0, 0, 0, 0, 0, 0, 0, 0, 0, 0, 0, 0, 0, 0, 0, 0, 0, 0, 0, 0, 0, 0, 0, 0, 0, 0, 0]",Int64[],Int64[],"(openness = 4.88, conscientiousness = 4.63, extraversion = 1.03, agreeableness = 3.13, neuroticism = 3.04)"
27,37,1,1,3,25.0,0,76,male,false,25.0,Int64[],0.0,"Bool[0, 0, 1, 1, 0, 1, 1, 0, 0, 1, 1]","Dict{Int64, Vector{Sugarscape.Loan}}()","Dict{Int64, Vector{Sugarscape.Loan}}()",BitVector[],"Bool[0, 0, 0, 0, 0, 0, 0, 0, 0, 0, 0, 0, 0, 0, 0, 0, 0, 0, 0, 0, 0, 0, 0, 0, 0, 0, 0, 0, 0, 0, 0, 0]",Int64[],Int64[],"(openness = 4.64, conscientiousness = 1.44, extraversion = 1.0, agreeableness = 2.47, neuroticism = 3.99)"
42,23,13,2,1,16.0,0,67,male,false,16.0,Int64[],0.0,"Bool[1, 1, 1, 0, 1, 0, 1, 0, 1, 1, 0]","Dict{Int64, Vector{Sugarscape.Loan}}()","Dict{Int64, Vector{Sugarscape.Loan}}()",BitVector[],"Bool[0, 0, 0, 0, 0, 0, 0, 0, 0, 0, 0, 0, 0, 0, 0, 0, 0, 0, 0, 0, 0, 0, 0, 0, 0, 0, 0, 0, 0, 0, 0, 0]",Int64[],Int64[],"(openness = 2.28, conscientiousness = 3.67, extraversion = 3.55, agreeableness = 3.7, neuroticism = 3.74)"
16,38,38,6,3,11.0,0,91,female,false,11.0,Int64[],0.0,"Bool[1, 1, 0, 1, 1, 0, 0, 1, 1, 1, 1]","Dict{Int64, Vector{Sugarscape.Loan}}()","Dict{Int64, Vector{Sugarscape.Loan}}()",BitVector[],"Bool[0, 0, 0, 0, 0, 0, 0, 0, 0, 0, 0, 0, 0, 0, 0, 0, 0, 0, 0, 0, 0, 0, 0, 0, 0, 0, 0, 0, 0, 0, 0, 0]",Int64[],Int64[],"(openness = 4.23, conscientiousness = 3.66, extraversion = 1.71, agreeableness = 3.03, neuroticism = 3.04)"
20,13,9,4,1,14.0,0,87,male,false,14.0,Int64[],0.0,"Bool[0, 1, 1, 1, 0, 0, 1, 1, 0, 1, 0]","Dict{Int64, Vector{Sugarscape.Loan}}()","Dict{Int64, Vector{Sugarscape.Loan}}()",BitVector[],"Bool[0, 0, 0, 0, 0, 0, 0, 0, 0, 0, 0, 0, 0, 0, 0, 0, 0, 0, 0, 0, 0, 0, 0, 0, 0, 0, 0, 0, 0, 0, 0, 0]",Int64[],Int64[],"(openness = 3.36, conscientiousness = 3.96, extraversion = 4.23, agreeableness = 5.0, neuroticism = 2.14)"
19,48,27,4,2,22.0,0,98,female,false,22.0,Int64[],0.0,"Bool[0, 1, 1, 0, 0, 0, 1, 0, 1, 1, 1]","Dict{Int64, Vector{Sugarscape.Loan}}()","Dict{Int64, Vector{Sugarscape.Loan}}()",BitVector[],"Bool[0, 0, 0, 0, 0, 0, 0, 0, 0, 0, 0, 0, 0, 0, 0, 0, 0, 0, 0, 0, 0, 0, 0, 0, 0, 0, 0, 0, 0, 0, 0, 0]",Int64[],Int64[],"(openness = 3.48, conscientiousness = 2.09, extraversion = 3.13, agreeableness = 3.39, neuroticism = 2.55)"
49,6,24,1,1,13.0,0,82,female,false,13.0,Int64[],0.0,"Bool[1, 1, 1, 0, 1, 1, 0, 0, 0, 0, 1]","Dict{Int64, Vector{Sugarscape.Loan}}()","Dict{Int64, Vector{Sugarscape.Loan}}()",BitVector[],"Bool[0, 0, 0, 0, 0, 0, 0, 0, 0, 0, 0, 0, 0, 0, 0, 0, 0, 0, 0, 0, 0, 0, 0, 0, 0, 0, 0, 0, 0, 0, 0, 0]",Int64[],Int64[],"(openness = 4.8, conscientiousness = 3.41, extraversion = 1.79, agreeableness = 3.74, neuroticism = 2.57)"
44,10,1,2,3,18.0,0,100,female,false,18.0,Int64[],0.0,"Bool[1, 1, 1, 1, 0, 0, 1, 1, 0, 1, 1]","Dict{Int64, Vector{Sugarscape.Loan}}()","Dict{Int64, Vector{Sugarscape.Loan}}()",BitVector[],"Bool[0, 0, 0, 0, 0, 0, 0, 0, 0, 0, 0, 0, 0, 0, 0, 0, 0, 0, 0, 0, 0, 0, 0, 0, 0, 0, 0, 0, 0, 0, 0, 0]",Int64[],Int64[],"(openness = 3.5, conscientiousness = 3.23, extraversion = 1.19, agreeableness = 3.09, neuroticism = 3.2)"
9,13,19,2,4,13.0,0,95,male,false,13.0,Int64[],0.0,"Bool[0, 0, 1, 0, 0, 1, 1, 0, 0, 1, 1]","Dict{Int64, Vector{Sugarscape.Loan}}()","Dict{Int64, Vector{Sugarscape.Loan}}()",BitVector[],"Bool[0, 0, 0, 0, 0, 0, 0, 0, 0, 0, 0, 0, 0, 0, 0, 0, 0, 0, 0, 0, 0, 0, 0, 0, 0, 0, 0, 0, 0, 0, 0, 0]",Int64[],Int64[],"(openness = 3.37, conscientiousness = 3.29, extraversion = 2.15, agreeableness = 3.95, neuroticism = 3.27)"
31,19,39,5,2,20.0,0,60,female,false,20.0,Int64[],0.0,"Bool[0, 1, 1, 0, 0, 1, 0, 1, 1, 1, 1]","Dict{Int64, Vector{Sugarscape.Loan}}()","Dict{Int64, Vector{Sugarscape.Loan}}()",BitVector[],"Bool[0, 0, 0, 0, 0, 0, 0, 0, 0, 0, 0, 0, 0, 0, 0, 0, 0, 0, 0, 0, 0, 0, 0, 0, 0, 0, 0, 0, 0, 0, 0, 0]",Int64[],Int64[],"(openness = 2.98, conscientiousness = 3.77, extraversion = 5.0, agreeableness = 5.0, neuroticism = 1.97)"
29,43,15,5,4,14.0,0,98,male,false,14.0,Int64[],0.0,"Bool[0, 0, 0, 1, 1, 0, 1, 1, 1, 0, 0]","Dict{Int64, Vector{Sugarscape.Loan}}()","Dict{Int64, Vector{Sugarscape.Loan}}()",BitVector[],"Bool[0, 0, 0, 0, 0, 0, 0, 0, 0, 0, 0, 0, 0, 0, 0, 0, 0, 0, 0, 0, 0, 0, 0, 0, 0, 0, 0, 0, 0, 0, 0, 0]",Int64[],Int64[],"(openness = 4.04, conscientiousness = 3.83, extraversion = 1.55, agreeableness = 4.53, neuroticism = 3.31)"
46,23,40,6,2,21.0,0,68,male,false,21.0,Int64[],0.0,"Bool[1, 1, 0, 0, 1, 0, 1, 0, 1, 1, 0]","Dict{Int64, Vector{Sugarscape.Loan}}()","Dict{Int64, Vector{Sugarscape.Loan}}()",BitVector[],"Bool[0, 0, 0, 0, 0, 0, 0, 0, 0, 0, 0, 0, 0, 0, 0, 0, 0, 0, 0, 0, 0, 0, 0, 0, 0, 0, 0, 0, 0, 0, 0, 0]",Int64[],Int64[],"(openness = 3.74, conscientiousness = 3.43, extraversion = 2.22, agreeableness = 3.19, neuroticism = 3.58)"
21,6,20,4,1,24.0,0,91,female,false,24.0,Int64[],0.0,"Bool[1, 1, 1, 1, 1, 0, 1, 0, 1, 1, 0]","Dict{Int64, Vector{Sugarscape.Loan}}()","Dict{Int64, Vector{Sugarscape.Loan}}()",BitVector[],"Bool[0, 0, 0, 0, 0, 0, 0, 0, 0, 0, 0, 0, 0, 0, 0, 0, 0, 0, 0, 0, 0, 0, 0, 0, 0, 0, 0, 0, 0, 0, 0, 0]",Int64[],Int64[],"(openness = 3.28, conscientiousness = 3.21, extraversion = 2.0, agreeableness = 4.23, neuroticism = 2.86)"
38,38,17,2,1,17.0,0,60,female,false,17.0,Int64[],0.0,"Bool[0, 1, 1, 0, 1, 0, 0, 0, 0, 1, 1]","Dict{Int64, Vector{Sugarscape.Loan}}()","Dict{Int64, Vector{Sugarscape.Loan}}()",BitVector[],"Bool[0, 0, 0, 0, 0, 0, 0, 0, 0, 0, 0, 0, 0, 0, 0, 0, 0, 0, 0, 0, 0, 0, 0, 0, 0, 0, 0, 0, 0, 0, 0, 0]",Int64[],Int64[],"(openness = 3.38, conscientiousness = 1.7, extraversion = 3.69, agreeableness = 3.94, neuroticism = 4.37)"
24,12,50,6,2,14.0,0,83,female,false,14.0,Int64[],0.0,"Bool[1, 0, 0, 1, 0, 0, 0, 1, 1, 0, 1]","Dict{Int64, Vector{Sugarscape.Loan}}()","Dict{Int64, Vector{Sugarscape.Loan}}()",BitVector[],"Bool[0, 0, 0, 0, 0, 0, 0, 0, 0, 0, 0, 0, 0, 0, 0, 0, 0, 0, 0, 0, 0, 0, 0, 0, 0, 0, 0, 0, 0, 0, 0, 0]",Int64[],Int64[],"(openness = 4.74, conscientiousness = 4.13, extraversion = 3.25, agreeableness = 3.4, neuroticism = 2.96)"
8,33,22,4,3,15.0,0,74,male,false,15.0,Int64[],0.0,"Bool[1, 1, 1, 0, 0, 0, 1, 1, 0, 0, 1]","Dict{Int64, Vector{Sugarscape.Loan}}()","Dict{Int64, Vector{Sugarscape.Loan}}()",BitVector[],"Bool[0, 0, 0, 0, 0, 0, 0, 0, 0, 0, 0, 0, 0, 0, 0, 0, 0, 0, 0, 0, 0, 0, 0, 0, 0, 0, 0, 0, 0, 0, 0, 0]",Int64[],Int64[],"(openness = 4.4, conscientiousness = 2.64, extraversion = 1.6, agreeableness = 4.13, neuroticism = 3.85)"
17,13,44,1,2,22.0,0,93,male,false,22.0,Int64[],0.0,"Bool[1, 0, 1, 1, 1, 0, 1, 0, 0, 1, 0]","Dict{Int64, Vector{Sugarscape.Loan}}()","Dict{Int64, Vector{Sugarscape.Loan}}()",BitVector[],"Bool[0, 0, 0, 0, 0, 0, 0, 0, 0, 0, 0, 0, 0, 0, 0, 0, 0, 0, 0, 0, 0, 0, 0, 0, 0, 0, 0, 0, 0, 0, 0, 0]",Int64[],Int64[],"(openness = 3.79, conscientiousness = 4.58, extraversion = 4.33, agreeableness = 4.71, neuroticism = 3.23)"
37,24,8,6,3,5.0,0,91,female,false,5.0,Int64[],0.0,"Bool[1, 1, 0, 1, 1, 0, 1, 0, 1, 0, 0]","Dict{Int64, Vector{Sugarscape.Loan}}()","Dict{Int64, Vector{Sugarscape.Loan}}()",BitVector[],"Bool[0, 0, 0, 0, 0, 0, 0, 0, 0, 0, 0, 0, 0, 0, 0, 0, 0, 0, 0, 0, 0, 0, 0, 0, 0, 0, 0, 0, 0, 0, 0, 0]",Int64[],Int64[],"(openness = 4.1, conscientiousness = 3.5, extraversion = 3.8, agreeableness = 3.34, neuroticism = 2.64)"
1,2,21,6,2,9.0,0,92,male,false,9.0,Int64[],0.0,"Bool[0, 0, 1, 1, 1, 0, 0, 0, 0, 1, 1]","Dict{Int64, Vector{Sugarscape.Loan}}()","Dict{Int64, Vector{Sugarscape.Loan}}()",BitVector[],"Bool[0, 0, 0, 0, 0, 0, 0, 0, 0, 0, 0, 0, 0, 0, 0, 0, 0, 0, 0, 0, 0, 0, 0, 0, 0, 0, 0, 0, 0, 0, 0, 0]",Int64[],Int64[],"(openness = 4.73, conscientiousness = 3.85, extraversion = 2.42, agreeableness = 3.42, neuroticism = 3.27)"
22,20,18,1,3,25.0,0,97,male,false,25.0,Int64[],0.0,"Bool[1, 1, 0, 0, 0, 0, 1, 0, 1, 1, 1]","Dict{Int64, Vector{Sugarscape.Loan}}()","Dict{Int64, Vector{Sugarscape.Loan}}()",BitVector[],"Bool[0, 0, 0, 0, 0, 0, 0, 0, 0, 0, 0, 0, 0, 0, 0, 0, 0, 0, 0, 0, 0, 0, 0, 0, 0, 0, 0, 0, 0, 0, 0, 0]",Int64[],Int64[],"(openness = 3.85, conscientiousness = 3.79, extraversion = 2.58, agreeableness = 3.78, neuroticism = 3.23)"
47,5,12,2,4,11.0,0,62,female,false,11.0,Int64[],0.0,"Bool[0, 0, 0, 1, 1, 0, 1, 1, 0, 0, 0]","Dict{Int64, Vector{Sugarscape.Loan}}()","Dict{Int64, Vector{Sugarscape.Loan}}()",BitVector[],"Bool[0, 0, 0, 0, 0, 0, 0, 0, 0, 0, 0, 0, 0, 0, 0, 0, 0, 0, 0, 0, 0, 0, 0, 0, 0, 0, 0, 0, 0, 0, 0, 0]",Int64[],Int64[],"(openness = 3.11, conscientiousness = 3.4, extraversion = 3.34, agreeableness = 3.69, neuroticism = 3.86)"
14,13,40,2,2,10.0,0,69,male,false,10.0,Int64[],0.0,"Bool[0, 1, 0, 0, 0, 0, 1, 0, 0, 1, 1]","Dict{Int64, Vector{Sugarscape.Loan}}()","Dict{Int64, Vector{Sugarscape.Loan}}()",BitVector[],"Bool[0, 0, 0, 0, 0, 0, 0, 0, 0, 0, 0, 0, 0, 0, 0, 0, 0, 0, 0, 0, 0, 0, 0, 0, 0, 0, 0, 0, 0, 0, 0, 0]",Int64[],Int64[],"(openness = 5.0, conscientiousness = 2.09, extraversion = 2.47, agreeableness = 2.74, neuroticism = 3.58)"
3,30,6,1,4,14.0,0,97,female,false,14.0,Int64[],0.0,"Bool[0, 1, 1, 0, 1, 0, 1, 1, 1, 0, 1]","Dict{Int64, Vector{Sugarscape.Loan}}()","Dict{Int64, Vector{Sugarscape.Loan}}()",BitVector[],"Bool[0, 0, 0, 0, 0, 0, 0, 0, 0, 0, 0, 0, 0, 0, 0, 0, 0, 0, 0, 0, 0, 0, 0, 0, 0, 0, 0, 0, 0, 0, 0, 0]",Int64[],Int64[],"(openness = 3.97, conscientiousness = 4.42, extraversion = 3.29, agreeableness = 5.0, neuroticism = 1.77)"
33,26,2,2,4,7.0,0,88,female,false,7.0,Int64[],0.0,"Bool[0, 1, 0, 1, 0, 1, 1, 0, 0, 0, 1]","Dict{Int64, Vector{Sugarscape.Loan}}()","Dict{Int64, Vector{Sugarscape.Loan}}()",BitVector[],"Bool[0, 0, 0, 0, 0, 0, 0, 0, 0, 0, 0, 0, 0, 0, 0, 0, 0, 0, 0, 0, 0, 0, 0, 0, 0, 0, 0, 0, 0, 0, 0, 0]",Int64[],Int64[],"(openness = 3.22, conscientiousness = 4.04, extraversion = 2.02, agreeableness = 3.47, neuroticism = 3.42)"
40,19,35,5,4,21.0,0,95,female,false,21.0,Int64[],0.0,"Bool[0, 0, 1, 0, 0, 0, 0, 0, 1, 0, 1]","Dict{Int64, Vector{Sugarscape.Loan}}()","Dict{Int64, Vector{Sugarscape.Loan}}()",BitVector[],"Bool[0, 0, 0, 0, 0, 0, 0, 0, 0, 0, 0, 0, 0, 0, 0, 0, 0, 0, 0, 0, 0, 0, 0, 0, 0, 0, 0, 0, 0, 0, 0, 0]",Int64[],Int64[],"(openness = 3.59, conscientiousness = 3.55, extraversion = 2.54, agreeableness = 4.28, neuroticism = 2.78)"
48,44,33,5,4,18.0,0,90,female,false,18.0,Int64[],0.0,"Bool[0, 1, 0, 1, 0, 1, 1, 1, 1, 0, 0]","Dict{Int64, Vector{Sugarscape.Loan}}()","Dict{Int64, Vector{Sugarscape.Loan}}()",BitVector[],"Bool[0, 0, 0, 0, 0, 0, 0, 0, 0, 0, 0, 0, 0, 0, 0, 0, 0, 0, 0, 0, 0, 0, 0, 0, 0, 0, 0, 0, 0, 0, 0, 0]",Int64[],Int64[],"(openness = 3.8, conscientiousness = 3.1, extraversion = 3.07, agreeableness = 3.5, neuroticism = 3.13)"
15,28,20,4,2,5.0,0,60,female,false,5.0,Int64[],0.0,"Bool[1, 0, 0, 1, 1, 0, 0, 1, 0, 1, 1]","Dict{Int64, Vector{Sugarscape.Loan}}()","Dict{Int64, Vector{Sugarscape.Loan}}()",BitVector[],"Bool[0, 0, 0, 0, 0, 0, 0, 0, 0, 0, 0, 0, 0, 0, 0, 0, 0, 0, 0, 0, 0, 0, 0, 0, 0, 0, 0, 0, 0, 0, 0, 0]",Int64[],Int64[],"(openness = 3.68, conscientiousness = 2.97, extraversion = 3.13, agreeableness = 4.53, neuroticism = 2.37)"
