time,id,pos,sugar,age,vision,metabolism,sex,children,loans_given,loans_owed,has_reproduced,total_inheritance_received,last_partner_id,last_credit_partner,chose_not_to_borrow,chose_not_to_lend,schwartz_values
0,1,"(2, 21)",9.0,0,6,2,male,Int64[],"Dict{Int64, Vector{Sugarscape.Loan}}()","Dict{Int64, Vector{Sugarscape.Loan}}()",false,0.0,Int64[],Int64[],false,false,"(self_direction = 0.21f0, stimulation = 0.42f0, hedonism = 0.69f0, achievement = -0.52f0, power = -1.23f0, security = 0.31f0, conformity = 0.82f0, tradition = -0.84f0, benevolence = -0.25f0, universalism = 0.4f0)"
0,2,"(10, 47)",6.0,0,6,1,male,Int64[],"Dict{Int64, Vector{Sugarscape.Loan}}()","Dict{Int64, Vector{Sugarscape.Loan}}()",false,0.0,Int64[],Int64[],false,false,"(self_direction = 1.47f0, stimulation = -1.5f0, hedonism = -0.91f0, achievement = -0.42f0, power = -0.8f0, security = 0.41f0, conformity = 0.11f0, tradition = 0.9f0, benevolence = -0.11f0, universalism = 0.82f0)"
0,3,"(30, 6)",14.0,0,1,4,female,Int64[],"Dict{Int64, Vector{Sugarscape.Loan}}()","Dict{Int64, Vector{Sugarscape.Loan}}()",false,0.0,Int64[],Int64[],false,false,"(self_direction = -0.39f0, stimulation = -1.13f0, hedonism = 1.5f0, achievement = -0.06f0, power = -1.01f0, security = 0.34f0, conformity = -0.21f0, tradition = -0.06f0, benevolence = 1.3f0, universalism = -0.28f0)"
0,4,"(9, 13)",16.0,0,6,2,male,Int64[],"Dict{Int64, Vector{Sugarscape.Loan}}()","Dict{Int64, Vector{Sugarscape.Loan}}()",false,0.0,Int64[],Int64[],false,false,"(self_direction = -0.08f0, stimulation = -1.7f0, hedonism = -0.57f0, achievement = -0.91f0, power = 0.0f0, security = 1.33f0, conformity = -0.13f0, tradition = 1.18f0, benevolence = 0.29f0, universalism = 0.59f0)"
0,5,"(3, 34)",22.0,0,6,1,female,Int64[],"Dict{Int64, Vector{Sugarscape.Loan}}()","Dict{Int64, Vector{Sugarscape.Loan}}()",false,0.0,Int64[],Int64[],false,false,"(self_direction = -0.25f0, stimulation = -1.74f0, hedonism = 1.4f0, achievement = -1.69f0, power = -0.5f0, security = 1.45f0, conformity = 0.06f0, tradition = 1.18f0, benevolence = 0.09f0, universalism = 0.0f0)"
0,6,"(26, 27)",11.0,0,3,2,female,Int64[],"Dict{Int64, Vector{Sugarscape.Loan}}()","Dict{Int64, Vector{Sugarscape.Loan}}()",false,0.0,Int64[],Int64[],false,false,"(self_direction = 0.29f0, stimulation = -1.1f0, hedonism = -0.8f0, achievement = 0.12f0, power = -0.08f0, security = 1.55f0, conformity = -0.59f0, tradition = -0.56f0, benevolence = 0.18f0, universalism = 0.98f0)"
0,7,"(9, 40)",8.0,0,1,1,male,Int64[],"Dict{Int64, Vector{Sugarscape.Loan}}()","Dict{Int64, Vector{Sugarscape.Loan}}()",false,0.0,Int64[],Int64[],false,false,"(self_direction = 1.12f0, stimulation = -1.17f0, hedonism = -1.95f0, achievement = 1.58f0, power = -0.56f0, security = 1.35f0, conformity = -1.0f0, tradition = -0.37f0, benevolence = 0.54f0, universalism = 0.47f0)"
0,8,"(33, 22)",15.0,0,4,3,male,Int64[],"Dict{Int64, Vector{Sugarscape.Loan}}()","Dict{Int64, Vector{Sugarscape.Loan}}()",false,0.0,Int64[],Int64[],false,false,"(self_direction = 1.01f0, stimulation = -0.81f0, hedonism = 0.94f0, achievement = -2.22f0, power = -3.42f0, security = 0.78f0, conformity = 0.66f0, tradition = 1.22f0, benevolence = 0.94f0, universalism = 0.9f0)"
0,9,"(13, 19)",13.0,0,2,4,male,Int64[],"Dict{Int64, Vector{Sugarscape.Loan}}()","Dict{Int64, Vector{Sugarscape.Loan}}()",false,0.0,Int64[],Int64[],false,false,"(self_direction = 0.51f0, stimulation = 0.43f0, hedonism = -1.47f0, achievement = -0.78f0, power = -0.92f0, security = 1.4f0, conformity = 0.1f0, tradition = 1.21f0, benevolence = -0.16f0, universalism = -0.31f0)"
0,10,"(39, 45)",14.0,0,6,1,male,Int64[],"Dict{Int64, Vector{Sugarscape.Loan}}()","Dict{Int64, Vector{Sugarscape.Loan}}()",false,0.0,Int64[],Int64[],false,false,"(self_direction = 0.18f0, stimulation = -0.85f0, hedonism = 0.36f0, achievement = -1.12f0, power = -1.68f0, security = 0.91f0, conformity = -0.73f0, tradition = 0.07f0, benevolence = 1.3f0, universalism = 1.57f0)"
0,11,"(35, 1)",8.0,0,2,2,male,Int64[],"Dict{Int64, Vector{Sugarscape.Loan}}()","Dict{Int64, Vector{Sugarscape.Loan}}()",false,0.0,Int64[],Int64[],false,false,"(self_direction = 1.16f0, stimulation = 0.34f0, hedonism = 1.19f0, achievement = -0.46f0, power = 0.68f0, security = -0.2f0, conformity = -1.38f0, tradition = -1.19f0, benevolence = -0.95f0, universalism = 0.8f0)"
0,12,"(21, 9)",8.0,0,6,2,male,Int64[],"Dict{Int64, Vector{Sugarscape.Loan}}()","Dict{Int64, Vector{Sugarscape.Loan}}()",false,0.0,Int64[],Int64[],false,false,"(self_direction = -0.07f0, stimulation = -0.17f0, hedonism = -1.56f0, achievement = 0.9f0, power = -2.05f0, security = 0.72f0, conformity = 0.44f0, tradition = 0.84f0, benevolence = 0.64f0, universalism = 0.31f0)"
0,13,"(17, 26)",14.0,0,6,4,male,Int64[],"Dict{Int64, Vector{Sugarscape.Loan}}()","Dict{Int64, Vector{Sugarscape.Loan}}()",false,0.0,Int64[],Int64[],false,false,"(self_direction = 0.38f0, stimulation = -1.83f0, hedonism = 1.44f0, achievement = -1.13f0, power = -0.24f0, security = -0.03f0, conformity = -0.6f0, tradition = -0.36f0, benevolence = 0.93f0, universalism = 1.43f0)"
0,14,"(13, 40)",10.0,0,2,2,male,Int64[],"Dict{Int64, Vector{Sugarscape.Loan}}()","Dict{Int64, Vector{Sugarscape.Loan}}()",false,0.0,Int64[],Int64[],false,false,"(self_direction = -0.66f0, stimulation = -0.83f0, hedonism = -1.58f0, achievement = 0.07f0, power = -1.0f0, security = 0.61f0, conformity = 0.36f0, tradition = 1.31f0, benevolence = 0.68f0, universalism = 1.03f0)"
0,15,"(28, 20)",5.0,0,4,2,female,Int64[],"Dict{Int64, Vector{Sugarscape.Loan}}()","Dict{Int64, Vector{Sugarscape.Loan}}()",false,0.0,Int64[],Int64[],false,false,"(self_direction = -0.18f0, stimulation = -0.82f0, hedonism = 0.77f0, achievement = -3.14f0, power = -1.94f0, security = 1.61f0, conformity = 0.67f0, tradition = 1.04f0, benevolence = 0.48f0, universalism = 1.5f0)"
0,16,"(38, 38)",11.0,0,6,3,female,Int64[],"Dict{Int64, Vector{Sugarscape.Loan}}()","Dict{Int64, Vector{Sugarscape.Loan}}()",false,0.0,Int64[],Int64[],false,false,"(self_direction = 0.43f0, stimulation = -1.66f0, hedonism = -2.71f0, achievement = 0.3f0, power = -1.46f0, security = 0.83f0, conformity = 0.15f0, tradition = 0.53f0, benevolence = 1.88f0, universalism = 1.72f0)"
0,17,"(13, 44)",22.0,0,1,2,male,Int64[],"Dict{Int64, Vector{Sugarscape.Loan}}()","Dict{Int64, Vector{Sugarscape.Loan}}()",false,0.0,Int64[],Int64[],false,false,"(self_direction = 0.32f0, stimulation = -0.85f0, hedonism = -1.25f0, achievement = -1.46f0, power = -1.86f0, security = 0.83f0, conformity = 1.08f0, tradition = 1.08f0, benevolence = 1.26f0, universalism = 0.86f0)"
0,18,"(50, 21)",11.0,0,5,4,female,Int64[],"Dict{Int64, Vector{Sugarscape.Loan}}()","Dict{Int64, Vector{Sugarscape.Loan}}()",false,0.0,Int64[],Int64[],false,false,"(self_direction = -0.77f0, stimulation = -0.32f0, hedonism = -0.46f0, achievement = -0.59f0, power = -1.52f0, security = 1.35f0, conformity = 1.67f0, tradition = 0.76f0, benevolence = -0.12f0, universalism = 0.01f0)"
0,19,"(48, 27)",22.0,0,4,2,female,Int64[],"Dict{Int64, Vector{Sugarscape.Loan}}()","Dict{Int64, Vector{Sugarscape.Loan}}()",false,0.0,Int64[],Int64[],false,false,"(self_direction = 2.02f0, stimulation = 1.13f0, hedonism = 0.91f0, achievement = -0.42f0, power = -1.48f0, security = -0.59f0, conformity = -1.45f0, tradition = -1.26f0, benevolence = 0.6f0, universalism = 0.55f0)"
0,20,"(13, 9)",14.0,0,4,1,male,Int64[],"Dict{Int64, Vector{Sugarscape.Loan}}()","Dict{Int64, Vector{Sugarscape.Loan}}()",false,0.0,Int64[],Int64[],false,false,"(self_direction = -0.69f0, stimulation = -0.5f0, hedonism = -0.82f0, achievement = 0.23f0, power = -0.71f0, security = 1.36f0, conformity = -1.75f0, tradition = 0.6f0, benevolence = 1.68f0, universalism = 0.61f0)"
0,21,"(6, 20)",24.0,0,4,1,female,Int64[],"Dict{Int64, Vector{Sugarscape.Loan}}()","Dict{Int64, Vector{Sugarscape.Loan}}()",false,0.0,Int64[],Int64[],false,false,"(self_direction = -1.34f0, stimulation = -1.82f0, hedonism = -0.52f0, achievement = -1.48f0, power = -1.13f0, security = 0.19f0, conformity = 0.61f0, tradition = 2.25f0, benevolence = 1.34f0, universalism = 1.9f0)"
0,22,"(20, 18)",25.0,0,1,3,male,Int64[],"Dict{Int64, Vector{Sugarscape.Loan}}()","Dict{Int64, Vector{Sugarscape.Loan}}()",false,0.0,Int64[],Int64[],false,false,"(self_direction = 1.48f0, stimulation = 1.67f0, hedonism = 1.29f0, achievement = -0.11f0, power = -1.66f0, security = 0.46f0, conformity = -2.47f0, tradition = -1.58f0, benevolence = 0.11f0, universalism = 0.81f0)"
0,23,"(31, 2)",23.0,0,2,1,male,Int64[],"Dict{Int64, Vector{Sugarscape.Loan}}()","Dict{Int64, Vector{Sugarscape.Loan}}()",false,0.0,Int64[],Int64[],false,false,"(self_direction = 1.29f0, stimulation = -0.86f0, hedonism = -1.28f0, achievement = 0.7f0, power = -1.17f0, security = 0.28f0, conformity = 0.02f0, tradition = -1.05f0, benevolence = 0.97f0, universalism = 1.1f0)"
0,24,"(12, 50)",14.0,0,6,2,female,Int64[],"Dict{Int64, Vector{Sugarscape.Loan}}()","Dict{Int64, Vector{Sugarscape.Loan}}()",false,0.0,Int64[],Int64[],false,false,"(self_direction = 0.15f0, stimulation = -1.36f0, hedonism = 0.42f0, achievement = 0.56f0, power = -0.44f0, security = -0.08f0, conformity = -0.01f0, tradition = -0.38f0, benevolence = 0.49f0, universalism = 0.65f0)"
0,25,"(10, 9)",18.0,0,2,3,female,Int64[],"Dict{Int64, Vector{Sugarscape.Loan}}()","Dict{Int64, Vector{Sugarscape.Loan}}()",false,0.0,Int64[],Int64[],false,false,"(self_direction = 1.32f0, stimulation = 0.04f0, hedonism = -0.55f0, achievement = -0.14f0, power = -0.88f0, security = 0.61f0, conformity = -1.42f0, tradition = -1.38f0, benevolence = 0.86f0, universalism = 1.54f0)"
0,26,"(44, 18)",19.0,0,2,3,female,Int64[],"Dict{Int64, Vector{Sugarscape.Loan}}()","Dict{Int64, Vector{Sugarscape.Loan}}()",false,0.0,Int64[],Int64[],false,false,"(self_direction = -0.2f0, stimulation = -1.12f0, hedonism = -1.26f0, achievement = -1.93f0, power = -0.59f0, security = 1.1f0, conformity = -0.98f0, tradition = 1.41f0, benevolence = 1.38f0, universalism = 2.19f0)"
0,27,"(37, 1)",25.0,0,1,3,male,Int64[],"Dict{Int64, Vector{Sugarscape.Loan}}()","Dict{Int64, Vector{Sugarscape.Loan}}()",false,0.0,Int64[],Int64[],false,false,"(self_direction = 1.42f0, stimulation = -2.91f0, hedonism = -1.2f0, achievement = -0.7f0, power = -1.38f0, security = 1.55f0, conformity = 1.06f0, tradition = -0.32f0, benevolence = 0.49f0, universalism = 1.99f0)"
0,28,"(26, 19)",5.0,0,2,4,male,Int64[],"Dict{Int64, Vector{Sugarscape.Loan}}()","Dict{Int64, Vector{Sugarscape.Loan}}()",false,0.0,Int64[],Int64[],false,false,"(self_direction = 1.32f0, stimulation = -0.49f0, hedonism = 0.16f0, achievement = -0.88f0, power = 0.74f0, security = 1.29f0, conformity = -1.32f0, tradition = -0.95f0, benevolence = 0.23f0, universalism = -0.11f0)"
0,29,"(43, 15)",14.0,0,5,4,male,Int64[],"Dict{Int64, Vector{Sugarscape.Loan}}()","Dict{Int64, Vector{Sugarscape.Loan}}()",false,0.0,Int64[],Int64[],false,false,"(self_direction = 1.1f0, stimulation = -1.96f0, hedonism = -0.82f0, achievement = -0.36f0, power = -0.94f0, security = 1.62f0, conformity = -1.08f0, tradition = 0.21f0, benevolence = 1.3f0, universalism = 0.95f0)"
0,30,"(17, 36)",19.0,0,2,3,female,Int64[],"Dict{Int64, Vector{Sugarscape.Loan}}()","Dict{Int64, Vector{Sugarscape.Loan}}()",false,0.0,Int64[],Int64[],false,false,"(self_direction = -0.23f0, stimulation = -0.73f0, hedonism = 0.9f0, achievement = -0.9f0, power = -1.87f0, security = -0.11f0, conformity = 0.53f0, tradition = 0.72f0, benevolence = 0.78f0, universalism = 0.91f0)"
0,31,"(19, 39)",20.0,0,5,2,female,Int64[],"Dict{Int64, Vector{Sugarscape.Loan}}()","Dict{Int64, Vector{Sugarscape.Loan}}()",false,0.0,Int64[],Int64[],false,false,"(self_direction = 0.67f0, stimulation = 1.11f0, hedonism = -0.17f0, achievement = -2.9f0, power = -1.09f0, security = 0.3f0, conformity = 0.29f0, tradition = -0.94f0, benevolence = 1.54f0, universalism = 1.19f0)"
0,32,"(25, 41)",16.0,0,2,4,female,Int64[],"Dict{Int64, Vector{Sugarscape.Loan}}()","Dict{Int64, Vector{Sugarscape.Loan}}()",false,0.0,Int64[],Int64[],false,false,"(self_direction = -0.13f0, stimulation = -0.82f0, hedonism = -0.79f0, achievement = -0.24f0, power = -2.3f0, security = 0.25f0, conformity = 1.1f0, tradition = 2.16f0, benevolence = -0.19f0, universalism = 0.95f0)"
0,33,"(26, 2)",7.0,0,2,4,female,Int64[],"Dict{Int64, Vector{Sugarscape.Loan}}()","Dict{Int64, Vector{Sugarscape.Loan}}()",false,0.0,Int64[],Int64[],false,false,"(self_direction = -0.23f0, stimulation = -2.93f0, hedonism = -0.75f0, achievement = -0.61f0, power = -1.1f0, security = 1.7f0, conformity = 0.53f0, tradition = 1.54f0, benevolence = 0.97f0, universalism = 0.88f0)"
0,34,"(5, 33)",24.0,0,1,4,male,Int64[],"Dict{Int64, Vector{Sugarscape.Loan}}()","Dict{Int64, Vector{Sugarscape.Loan}}()",false,0.0,Int64[],Int64[],false,false,"(self_direction = -0.6f0, stimulation = -0.66f0, hedonism = -0.61f0, achievement = -1.97f0, power = -1.06f0, security = 1.54f0, conformity = -0.36f0, tradition = 0.68f0, benevolence = 1.95f0, universalism = 1.11f0)"
0,35,"(31, 50)",13.0,0,4,2,male,Int64[],"Dict{Int64, Vector{Sugarscape.Loan}}()","Dict{Int64, Vector{Sugarscape.Loan}}()",false,0.0,Int64[],Int64[],false,false,"(self_direction = 0.01f0, stimulation = -2.72f0, hedonism = 0.42f0, achievement = -0.88f0, power = -0.87f0, security = 1.29f0, conformity = 1.39f0, tradition = 0.9f0, benevolence = 0.2f0, universalism = 0.26f0)"
0,36,"(43, 42)",6.0,0,1,1,female,Int64[],"Dict{Int64, Vector{Sugarscape.Loan}}()","Dict{Int64, Vector{Sugarscape.Loan}}()",false,0.0,Int64[],Int64[],false,false,"(self_direction = -0.29f0, stimulation = -1.14f0, hedonism = -0.81f0, achievement = 0.21f0, power = -2.05f0, security = 1.53f0, conformity = -0.44f0, tradition = 2.0f0, benevolence = 0.59f0, universalism = 0.42f0)"
0,37,"(24, 8)",5.0,0,6,3,female,Int64[],"Dict{Int64, Vector{Sugarscape.Loan}}()","Dict{Int64, Vector{Sugarscape.Loan}}()",false,0.0,Int64[],Int64[],false,false,"(self_direction = 1.3f0, stimulation = 1.39f0, hedonism = 0.2f0, achievement = 0.21f0, power = -0.75f0, security = -0.5f0, conformity = -1.68f0, tradition = -0.6f0, benevolence = -0.39f0, universalism = 0.82f0)"
0,38,"(38, 17)",17.0,0,2,1,female,Int64[],"Dict{Int64, Vector{Sugarscape.Loan}}()","Dict{Int64, Vector{Sugarscape.Loan}}()",false,0.0,Int64[],Int64[],false,false,"(self_direction = -0.57f0, stimulation = -1.03f0, hedonism = -1.62f0, achievement = 0.46f0, power = 0.07f0, security = 0.58f0, conformity = -0.68f0, tradition = 1.71f0, benevolence = 0.11f0, universalism = 0.98f0)"
0,39,"(9, 24)",15.0,0,1,1,female,Int64[],"Dict{Int64, Vector{Sugarscape.Loan}}()","Dict{Int64, Vector{Sugarscape.Loan}}()",false,0.0,Int64[],Int64[],false,false,"(self_direction = 0.46f0, stimulation = -2.05f0, hedonism = -0.99f0, achievement = -0.53f0, power = -2.42f0, security = 2.15f0, conformity = 0.76f0, tradition = 0.69f0, benevolence = 0.74f0, universalism = 1.18f0)"
0,40,"(19, 35)",21.0,0,5,4,female,Int64[],"Dict{Int64, Vector{Sugarscape.Loan}}()","Dict{Int64, Vector{Sugarscape.Loan}}()",false,0.0,Int64[],Int64[],false,false,"(self_direction = -1.16f0, stimulation = 0.08f0, hedonism = 0.41f0, achievement = -0.39f0, power = 0.07f0, security = 1.2f0, conformity = 0.96f0, tradition = -0.25f0, benevolence = -0.55f0, universalism = -0.38f0)"
0,41,"(2, 18)",6.0,0,1,3,female,Int64[],"Dict{Int64, Vector{Sugarscape.Loan}}()","Dict{Int64, Vector{Sugarscape.Loan}}()",false,0.0,Int64[],Int64[],false,false,"(self_direction = -0.77f0, stimulation = -1.65f0, hedonism = -0.18f0, achievement = -2.01f0, power = -0.98f0, security = 1.71f0, conformity = 0.28f0, tradition = 0.73f0, benevolence = 0.92f0, universalism = 1.95f0)"
0,42,"(23, 13)",16.0,0,2,1,male,Int64[],"Dict{Int64, Vector{Sugarscape.Loan}}()","Dict{Int64, Vector{Sugarscape.Loan}}()",false,0.0,Int64[],Int64[],false,false,"(self_direction = -0.71f0, stimulation = 0.31f0, hedonism = 1.56f0, achievement = -2.19f0, power = -0.91f0, security = 0.14f0, conformity = 0.05f0, tradition = 0.91f0, benevolence = 0.69f0, universalism = 0.16f0)"
0,43,"(48, 9)",10.0,0,3,4,male,Int64[],"Dict{Int64, Vector{Sugarscape.Loan}}()","Dict{Int64, Vector{Sugarscape.Loan}}()",false,0.0,Int64[],Int64[],false,false,"(self_direction = 1.02f0, stimulation = 0.51f0, hedonism = -0.25f0, achievement = 0.36f0, power = -0.76f0, security = 0.3f0, conformity = -1.34f0, tradition = -0.14f0, benevolence = 0.43f0, universalism = -0.15f0)"
0,44,"(10, 1)",18.0,0,2,3,female,Int64[],"Dict{Int64, Vector{Sugarscape.Loan}}()","Dict{Int64, Vector{Sugarscape.Loan}}()",false,0.0,Int64[],Int64[],false,false,"(self_direction = 1.11f0, stimulation = 0.58f0, hedonism = 0.65f0, achievement = 0.3f0, power = 0.3f0, security = -1.67f0, conformity = -1.02f0, tradition = -1.59f0, benevolence = 0.36f0, universalism = 0.98f0)"
0,45,"(44, 32)",14.0,0,6,3,male,Int64[],"Dict{Int64, Vector{Sugarscape.Loan}}()","Dict{Int64, Vector{Sugarscape.Loan}}()",false,0.0,Int64[],Int64[],false,false,"(self_direction = -0.79f0, stimulation = -0.78f0, hedonism = 0.46f0, achievement = 0.48f0, power = -1.47f0, security = 1.5f0, conformity = -0.25f0, tradition = 0.08f0, benevolence = 0.5f0, universalism = 0.27f0)"
0,46,"(23, 40)",21.0,0,6,2,male,Int64[],"Dict{Int64, Vector{Sugarscape.Loan}}()","Dict{Int64, Vector{Sugarscape.Loan}}()",false,0.0,Int64[],Int64[],false,false,"(self_direction = 0.62f0, stimulation = -0.91f0, hedonism = -0.0f0, achievement = -0.99f0, power = -0.96f0, security = 1.2f0, conformity = -0.0f0, tradition = -0.29f0, benevolence = 0.64f0, universalism = 0.69f0)"
0,47,"(5, 12)",11.0,0,2,4,female,Int64[],"Dict{Int64, Vector{Sugarscape.Loan}}()","Dict{Int64, Vector{Sugarscape.Loan}}()",false,0.0,Int64[],Int64[],false,false,"(self_direction = 1.35f0, stimulation = -1.19f0, hedonism = 0.19f0, achievement = 0.52f0, power = -2.97f0, security = -0.9f0, conformity = -0.34f0, tradition = 0.69f0, benevolence = 1.36f0, universalism = 1.31f0)"
0,48,"(44, 33)",18.0,0,5,4,female,Int64[],"Dict{Int64, Vector{Sugarscape.Loan}}()","Dict{Int64, Vector{Sugarscape.Loan}}()",false,0.0,Int64[],Int64[],false,false,"(self_direction = 0.78f0, stimulation = -2.09f0, hedonism = -1.14f0, achievement = -1.85f0, power = -1.6f0, security = 2.45f0, conformity = 0.56f0, tradition = 0.29f0, benevolence = 1.25f0, universalism = 1.35f0)"
0,49,"(6, 24)",13.0,0,1,1,female,Int64[],"Dict{Int64, Vector{Sugarscape.Loan}}()","Dict{Int64, Vector{Sugarscape.Loan}}()",false,0.0,Int64[],Int64[],false,false,"(self_direction = 1.78f0, stimulation = 0.62f0, hedonism = 0.29f0, achievement = -2.24f0, power = -2.56f0, security = -0.06f0, conformity = -1.03f0, tradition = 0.17f0, benevolence = 1.64f0, universalism = 1.37f0)"
0,50,"(14, 21)",25.0,0,5,2,female,Int64[],"Dict{Int64, Vector{Sugarscape.Loan}}()","Dict{Int64, Vector{Sugarscape.Loan}}()",false,0.0,Int64[],Int64[],false,false,"(self_direction = -0.43f0, stimulation = -0.39f0, hedonism = 0.91f0, achievement = 0.84f0, power = -0.19f0, security = 1.19f0, conformity = -0.38f0, tradition = -1.27f0, benevolence = -0.25f0, universalism = -0.04f0)"
1,1,"(2, 21)",7.0,1,6,2,male,Int64[],"Dict{Int64, Vector{Sugarscape.Loan}}()","Dict{Int64, Vector{Sugarscape.Loan}}()",false,0.0,Int64[],Int64[],false,false,"(self_direction = 0.21f0, stimulation = 0.42f0, hedonism = 0.69f0, achievement = -0.52f0, power = -1.23f0, security = 0.31f0, conformity = 0.82f0, tradition = -0.84f0, benevolence = -0.25f0, universalism = 0.4f0)"
1,2,"(11, 46)",8.0,1,6,1,male,Int64[],"Dict{Int64, Vector{Sugarscape.Loan}}()","Dict{Int64, Vector{Sugarscape.Loan}}()",false,0.0,Int64[],Int64[],false,false,"(self_direction = 1.47f0, stimulation = -1.5f0, hedonism = -0.91f0, achievement = -0.42f0, power = -0.8f0, security = 0.41f0, conformity = 0.11f0, tradition = 0.9f0, benevolence = -0.11f0, universalism = 0.82f0)"
1,3,"(30, 6)",13.0,1,1,4,female,Int64[],"Dict{Int64, Vector{Sugarscape.Loan}}()","Dict{Int64, Vector{Sugarscape.Loan}}()",false,0.0,Int64[],Int64[],false,false,"(self_direction = -0.39f0, stimulation = -1.13f0, hedonism = 1.5f0, achievement = -0.06f0, power = -1.01f0, security = 0.34f0, conformity = -0.21f0, tradition = -0.06f0, benevolence = 1.3f0, universalism = -0.28f0)"
1,4,"(9, 13)",14.0,1,6,2,male,Int64[],"Dict{Int64, Vector{Sugarscape.Loan}}()","Dict{Int64, Vector{Sugarscape.Loan}}()",false,0.0,Int64[],Int64[],false,false,"(self_direction = -0.08f0, stimulation = -1.7f0, hedonism = -0.57f0, achievement = -0.91f0, power = 0.0f0, security = 1.33f0, conformity = -0.13f0, tradition = 1.18f0, benevolence = 0.29f0, universalism = 0.59f0)"
1,5,"(5, 35)",23.0,1,6,1,female,Int64[],"Dict{Int64, Vector{Sugarscape.Loan}}()","Dict{Int64, Vector{Sugarscape.Loan}}()",false,0.0,Int64[],Int64[],false,false,"(self_direction = -0.25f0, stimulation = -1.74f0, hedonism = 1.4f0, achievement = -1.69f0, power = -0.5f0, security = 1.45f0, conformity = 0.06f0, tradition = 1.18f0, benevolence = 0.09f0, universalism = 0.0f0)"
1,6,"(24, 28)",10.0,1,3,2,female,Int64[],"Dict{Int64, Vector{Sugarscape.Loan}}()","Dict{Int64, Vector{Sugarscape.Loan}}()",false,0.0,Int64[],Int64[],false,false,"(self_direction = 0.29f0, stimulation = -1.1f0, hedonism = -0.8f0, achievement = 0.12f0, power = -0.08f0, security = 1.55f0, conformity = -0.59f0, tradition = -0.56f0, benevolence = 0.18f0, universalism = 0.98f0)"
1,7,"(9, 40)",10.0,1,1,1,male,Int64[],"Dict{Int64, Vector{Sugarscape.Loan}}()","Dict{Int64, Vector{Sugarscape.Loan}}()",false,0.0,Int64[],Int64[],false,false,"(self_direction = 1.12f0, stimulation = -1.17f0, hedonism = -1.95f0, achievement = 1.58f0, power = -0.56f0, security = 1.35f0, conformity = -1.0f0, tradition = -0.37f0, benevolence = 0.54f0, universalism = 0.47f0)"
1,8,"(33, 21)",14.0,1,4,3,male,Int64[],"Dict{Int64, Vector{Sugarscape.Loan}}()","Dict{Int64, Vector{Sugarscape.Loan}}()",false,0.0,Int64[],Int64[],false,false,"(self_direction = 1.01f0, stimulation = -0.81f0, hedonism = 0.94f0, achievement = -2.22f0, power = -3.42f0, security = 0.78f0, conformity = 0.66f0, tradition = 1.22f0, benevolence = 0.94f0, universalism = 0.9f0)"
1,9,"(13, 19)",9.0,1,2,4,male,Int64[],"Dict{Int64, Vector{Sugarscape.Loan}}()","Dict{Int64, Vector{Sugarscape.Loan}}()",false,0.0,Int64[],Int64[],false,false,"(self_direction = 0.51f0, stimulation = 0.43f0, hedonism = -1.47f0, achievement = -0.78f0, power = -0.92f0, security = 1.4f0, conformity = 0.1f0, tradition = 1.21f0, benevolence = -0.16f0, universalism = -0.31f0)"
1,10,"(39, 45)",13.0,1,6,1,male,Int64[],"Dict{Int64, Vector{Sugarscape.Loan}}()","Dict{Int64, Vector{Sugarscape.Loan}}()",false,0.0,Int64[],Int64[],false,false,"(self_direction = 0.18f0, stimulation = -0.85f0, hedonism = 0.36f0, achievement = -1.12f0, power = -1.68f0, security = 0.91f0, conformity = -0.73f0, tradition = 0.07f0, benevolence = 1.3f0, universalism = 1.57f0)"
1,11,"(35, 3)",9.0,1,2,2,male,Int64[],"Dict{Int64, Vector{Sugarscape.Loan}}()","Dict{Int64, Vector{Sugarscape.Loan}}()",false,0.0,Int64[],Int64[],false,false,"(self_direction = 1.16f0, stimulation = 0.34f0, hedonism = 1.19f0, achievement = -0.46f0, power = 0.68f0, security = -0.2f0, conformity = -1.38f0, tradition = -1.19f0, benevolence = -0.95f0, universalism = 0.8f0)"
1,12,"(21, 9)",7.0,1,6,2,male,Int64[],"Dict{Int64, Vector{Sugarscape.Loan}}()","Dict{Int64, Vector{Sugarscape.Loan}}()",false,0.0,Int64[],Int64[],false,false,"(self_direction = -0.07f0, stimulation = -0.17f0, hedonism = -1.56f0, achievement = 0.9f0, power = -2.05f0, security = 0.72f0, conformity = 0.44f0, tradition = 0.84f0, benevolence = 0.64f0, universalism = 0.31f0)"
1,13,"(17, 29)",12.0,1,6,4,male,Int64[],"Dict{Int64, Vector{Sugarscape.Loan}}()","Dict{Int64, Vector{Sugarscape.Loan}}()",false,0.0,Int64[],Int64[],false,false,"(self_direction = 0.38f0, stimulation = -1.83f0, hedonism = 1.44f0, achievement = -1.13f0, power = -0.24f0, security = -0.03f0, conformity = -0.6f0, tradition = -0.36f0, benevolence = 0.93f0, universalism = 1.43f0)"
1,14,"(13, 40)",12.0,1,2,2,male,Int64[],"Dict{Int64, Vector{Sugarscape.Loan}}()","Dict{Int64, Vector{Sugarscape.Loan}}()",false,0.0,Int64[],Int64[],false,false,"(self_direction = -0.66f0, stimulation = -0.83f0, hedonism = -1.58f0, achievement = 0.07f0, power = -1.0f0, security = 0.61f0, conformity = 0.36f0, tradition = 1.31f0, benevolence = 0.68f0, universalism = 1.03f0)"
1,15,"(28, 19)",5.0,1,4,2,female,Int64[],"Dict{Int64, Vector{Sugarscape.Loan}}()","Dict{Int64, Vector{Sugarscape.Loan}}()",false,0.0,Int64[],Int64[],false,false,"(self_direction = -0.18f0, stimulation = -0.82f0, hedonism = 0.77f0, achievement = -3.14f0, power = -1.94f0, security = 1.61f0, conformity = 0.67f0, tradition = 1.04f0, benevolence = 0.48f0, universalism = 1.5f0)"
1,16,"(38, 38)",8.0,1,6,3,female,Int64[],"Dict{Int64, Vector{Sugarscape.Loan}}()","Dict{Int64, Vector{Sugarscape.Loan}}()",false,0.0,Int64[],Int64[],false,false,"(self_direction = 0.43f0, stimulation = -1.66f0, hedonism = -2.71f0, achievement = 0.3f0, power = -1.46f0, security = 0.83f0, conformity = 0.15f0, tradition = 0.53f0, benevolence = 1.88f0, universalism = 1.72f0)"
1,17,"(13, 44)",23.0,1,1,2,male,Int64[],"Dict{Int64, Vector{Sugarscape.Loan}}()","Dict{Int64, Vector{Sugarscape.Loan}}()",false,0.0,Int64[],Int64[],false,false,"(self_direction = 0.32f0, stimulation = -0.85f0, hedonism = -1.25f0, achievement = -1.46f0, power = -1.86f0, security = 0.83f0, conformity = 1.08f0, tradition = 1.08f0, benevolence = 1.26f0, universalism = 0.86f0)"
1,18,"(50, 21)",7.0,1,5,4,female,Int64[],"Dict{Int64, Vector{Sugarscape.Loan}}()","Dict{Int64, Vector{Sugarscape.Loan}}()",false,0.0,Int64[],Int64[],false,false,"(self_direction = -0.77f0, stimulation = -0.32f0, hedonism = -0.46f0, achievement = -0.59f0, power = -1.52f0, security = 1.35f0, conformity = 1.67f0, tradition = 0.76f0, benevolence = -0.12f0, universalism = 0.01f0)"
1,19,"(48, 27)",20.0,1,4,2,female,Int64[],"Dict{Int64, Vector{Sugarscape.Loan}}()","Dict{Int64, Vector{Sugarscape.Loan}}()",false,0.0,Int64[],Int64[],false,false,"(self_direction = 2.02f0, stimulation = 1.13f0, hedonism = 0.91f0, achievement = -0.42f0, power = -1.48f0, security = -0.59f0, conformity = -1.45f0, tradition = -1.26f0, benevolence = 0.6f0, universalism = 0.55f0)"
1,20,"(13, 9)",13.0,1,4,1,male,Int64[],"Dict{Int64, Vector{Sugarscape.Loan}}()","Dict{Int64, Vector{Sugarscape.Loan}}()",false,0.0,Int64[],Int64[],false,false,"(self_direction = -0.69f0, stimulation = -0.5f0, hedonism = -0.82f0, achievement = 0.23f0, power = -0.71f0, security = 1.36f0, conformity = -1.75f0, tradition = 0.6f0, benevolence = 1.68f0, universalism = 0.61f0)"
1,21,"(6, 20)",23.0,1,4,1,female,Int64[],"Dict{Int64, Vector{Sugarscape.Loan}}()","Dict{Int64, Vector{Sugarscape.Loan}}()",false,0.0,Int64[],Int64[],false,false,"(self_direction = -1.34f0, stimulation = -1.82f0, hedonism = -0.52f0, achievement = -1.48f0, power = -1.13f0, security = 0.19f0, conformity = 0.61f0, tradition = 2.25f0, benevolence = 1.34f0, universalism = 1.9f0)"
1,22,"(20, 18)",22.0,1,1,3,male,Int64[],"Dict{Int64, Vector{Sugarscape.Loan}}()","Dict{Int64, Vector{Sugarscape.Loan}}()",false,0.0,Int64[],Int64[],false,false,"(self_direction = 1.48f0, stimulation = 1.67f0, hedonism = 1.29f0, achievement = -0.11f0, power = -1.66f0, security = 0.46f0, conformity = -2.47f0, tradition = -1.58f0, benevolence = 0.11f0, universalism = 0.81f0)"
1,23,"(31, 4)",25.0,1,2,1,male,Int64[],"Dict{Int64, Vector{Sugarscape.Loan}}()","Dict{Int64, Vector{Sugarscape.Loan}}()",false,0.0,Int64[],Int64[],false,false,"(self_direction = 1.29f0, stimulation = -0.86f0, hedonism = -1.28f0, achievement = 0.7f0, power = -1.17f0, security = 0.28f0, conformity = 0.02f0, tradition = -1.05f0, benevolence = 0.97f0, universalism = 1.1f0)"
1,24,"(12, 46)",15.0,1,6,2,female,Int64[],"Dict{Int64, Vector{Sugarscape.Loan}}()","Dict{Int64, Vector{Sugarscape.Loan}}()",false,0.0,Int64[],Int64[],false,false,"(self_direction = 0.15f0, stimulation = -1.36f0, hedonism = 0.42f0, achievement = 0.56f0, power = -0.44f0, security = -0.08f0, conformity = -0.01f0, tradition = -0.38f0, benevolence = 0.49f0, universalism = 0.65f0)"
1,25,"(10, 9)",15.0,1,2,3,female,Int64[],"Dict{Int64, Vector{Sugarscape.Loan}}()","Dict{Int64, Vector{Sugarscape.Loan}}()",false,0.0,Int64[],Int64[],false,false,"(self_direction = 1.32f0, stimulation = 0.04f0, hedonism = -0.55f0, achievement = -0.14f0, power = -0.88f0, security = 0.61f0, conformity = -1.42f0, tradition = -1.38f0, benevolence = 0.86f0, universalism = 1.54f0)"
1,26,"(44, 17)",18.0,1,2,3,female,Int64[],"Dict{Int64, Vector{Sugarscape.Loan}}()","Dict{Int64, Vector{Sugarscape.Loan}}()",false,0.0,Int64[],Int64[],false,false,"(self_direction = -0.2f0, stimulation = -1.12f0, hedonism = -1.26f0, achievement = -1.93f0, power = -0.59f0, security = 1.1f0, conformity = -0.98f0, tradition = 1.41f0, benevolence = 1.38f0, universalism = 2.19f0)"
1,27,"(37, 1)",24.0,1,1,3,male,Int64[],"Dict{Int64, Vector{Sugarscape.Loan}}()","Dict{Int64, Vector{Sugarscape.Loan}}()",false,0.0,Int64[],Int64[],false,false,"(self_direction = 1.42f0, stimulation = -2.91f0, hedonism = -1.2f0, achievement = -0.7f0, power = -1.38f0, security = 1.55f0, conformity = 1.06f0, tradition = -0.32f0, benevolence = 0.49f0, universalism = 1.99f0)"
1,28,"(27, 18)",3.0,1,2,4,male,Int64[],"Dict{Int64, Vector{Sugarscape.Loan}}()","Dict{Int64, Vector{Sugarscape.Loan}}()",false,0.0,Int64[],Int64[],false,false,"(self_direction = 1.32f0, stimulation = -0.49f0, hedonism = 0.16f0, achievement = -0.88f0, power = 0.74f0, security = 1.29f0, conformity = -1.32f0, tradition = -0.95f0, benevolence = 0.23f0, universalism = -0.11f0)"
1,29,"(42, 15)",12.0,1,5,4,male,Int64[],"Dict{Int64, Vector{Sugarscape.Loan}}()","Dict{Int64, Vector{Sugarscape.Loan}}()",false,0.0,Int64[],Int64[],false,false,"(self_direction = 1.1f0, stimulation = -1.96f0, hedonism = -0.82f0, achievement = -0.36f0, power = -0.94f0, security = 1.62f0, conformity = -1.08f0, tradition = 0.21f0, benevolence = 1.3f0, universalism = 0.95f0)"
1,30,"(16, 37)",20.0,1,2,3,female,Int64[],"Dict{Int64, Vector{Sugarscape.Loan}}()","Dict{Int64, Vector{Sugarscape.Loan}}()",false,0.0,Int64[],Int64[],false,false,"(self_direction = -0.23f0, stimulation = -0.73f0, hedonism = 0.9f0, achievement = -0.9f0, power = -1.87f0, security = -0.11f0, conformity = 0.53f0, tradition = 0.72f0, benevolence = 0.78f0, universalism = 0.91f0)"
1,31,"(18, 40)",22.0,1,5,2,female,Int64[],"Dict{Int64, Vector{Sugarscape.Loan}}()","Dict{Int64, Vector{Sugarscape.Loan}}()",false,0.0,Int64[],Int64[],false,false,"(self_direction = 0.67f0, stimulation = 1.11f0, hedonism = -0.17f0, achievement = -2.9f0, power = -1.09f0, security = 0.3f0, conformity = 0.29f0, tradition = -0.94f0, benevolence = 1.54f0, universalism = 1.19f0)"
1,32,"(25, 41)",14.0,1,2,4,female,Int64[],"Dict{Int64, Vector{Sugarscape.Loan}}()","Dict{Int64, Vector{Sugarscape.Loan}}()",false,0.0,Int64[],Int64[],false,false,"(self_direction = -0.13f0, stimulation = -0.82f0, hedonism = -0.79f0, achievement = -0.24f0, power = -2.3f0, security = 0.25f0, conformity = 1.1f0, tradition = 2.16f0, benevolence = -0.19f0, universalism = 0.95f0)"
1,33,"(27, 2)",5.0,1,2,4,female,Int64[],"Dict{Int64, Vector{Sugarscape.Loan}}()","Dict{Int64, Vector{Sugarscape.Loan}}()",false,0.0,Int64[],Int64[],false,false,"(self_direction = -0.23f0, stimulation = -2.93f0, hedonism = -0.75f0, achievement = -0.61f0, power = -1.1f0, security = 1.7f0, conformity = 0.53f0, tradition = 1.54f0, benevolence = 0.97f0, universalism = 0.88f0)"
1,34,"(6, 33)",22.0,1,1,4,male,Int64[],"Dict{Int64, Vector{Sugarscape.Loan}}()","Dict{Int64, Vector{Sugarscape.Loan}}()",false,0.0,Int64[],Int64[],false,false,"(self_direction = -0.6f0, stimulation = -0.66f0, hedonism = -0.61f0, achievement = -1.97f0, power = -1.06f0, security = 1.54f0, conformity = -0.36f0, tradition = 0.68f0, benevolence = 1.95f0, universalism = 1.11f0)"
1,35,"(31, 50)",11.0,1,4,2,male,Int64[],"Dict{Int64, Vector{Sugarscape.Loan}}()","Dict{Int64, Vector{Sugarscape.Loan}}()",false,0.0,Int64[],Int64[],false,false,"(self_direction = 0.01f0, stimulation = -2.72f0, hedonism = 0.42f0, achievement = -0.88f0, power = -0.87f0, security = 1.29f0, conformity = 1.39f0, tradition = 0.9f0, benevolence = 0.2f0, universalism = 0.26f0)"
1,36,"(43, 42)",5.0,1,1,1,female,Int64[],"Dict{Int64, Vector{Sugarscape.Loan}}()","Dict{Int64, Vector{Sugarscape.Loan}}()",false,0.0,Int64[],Int64[],false,false,"(self_direction = -0.29f0, stimulation = -1.14f0, hedonism = -0.81f0, achievement = 0.21f0, power = -2.05f0, security = 1.53f0, conformity = -0.44f0, tradition = 2.0f0, benevolence = 0.59f0, universalism = 0.42f0)"
1,37,"(28, 8)",5.0,1,6,3,female,Int64[],"Dict{Int64, Vector{Sugarscape.Loan}}()","Dict{Int64, Vector{Sugarscape.Loan}}()",false,0.0,Int64[],Int64[],false,false,"(self_direction = 1.3f0, stimulation = 1.39f0, hedonism = 0.2f0, achievement = 0.21f0, power = -0.75f0, security = -0.5f0, conformity = -1.68f0, tradition = -0.6f0, benevolence = -0.39f0, universalism = 0.82f0)"
1,38,"(38, 16)",19.0,1,2,1,female,Int64[],"Dict{Int64, Vector{Sugarscape.Loan}}()","Dict{Int64, Vector{Sugarscape.Loan}}()",false,0.0,Int64[],Int64[],false,false,"(self_direction = -0.57f0, stimulation = -1.03f0, hedonism = -1.62f0, achievement = 0.46f0, power = 0.07f0, security = 0.58f0, conformity = -0.68f0, tradition = 1.71f0, benevolence = 0.11f0, universalism = 0.98f0)"
1,39,"(9, 24)",14.0,1,1,1,female,Int64[],"Dict{Int64, Vector{Sugarscape.Loan}}()","Dict{Int64, Vector{Sugarscape.Loan}}()",false,0.0,Int64[],Int64[],false,false,"(self_direction = 0.46f0, stimulation = -2.05f0, hedonism = -0.99f0, achievement = -0.53f0, power = -2.42f0, security = 2.15f0, conformity = 0.76f0, tradition = 0.69f0, benevolence = 0.74f0, universalism = 1.18f0)"
1,40,"(19, 35)",20.0,1,5,4,female,Int64[],"Dict{Int64, Vector{Sugarscape.Loan}}()","Dict{Int64, Vector{Sugarscape.Loan}}()",false,0.0,Int64[],Int64[],false,false,"(self_direction = -1.16f0, stimulation = 0.08f0, hedonism = 0.41f0, achievement = -0.39f0, power = 0.07f0, security = 1.2f0, conformity = 0.96f0, tradition = -0.25f0, benevolence = -0.55f0, universalism = -0.38f0)"
1,41,"(2, 18)",3.0,1,1,3,female,Int64[],"Dict{Int64, Vector{Sugarscape.Loan}}()","Dict{Int64, Vector{Sugarscape.Loan}}()",false,0.0,Int64[],Int64[],false,false,"(self_direction = -0.77f0, stimulation = -1.65f0, hedonism = -0.18f0, achievement = -2.01f0, power = -0.98f0, security = 1.71f0, conformity = 0.28f0, tradition = 0.73f0, benevolence = 0.92f0, universalism = 1.95f0)"
1,42,"(24, 13)",17.0,1,2,1,male,Int64[],"Dict{Int64, Vector{Sugarscape.Loan}}()","Dict{Int64, Vector{Sugarscape.Loan}}()",false,0.0,Int64[],Int64[],false,false,"(self_direction = -0.71f0, stimulation = 0.31f0, hedonism = 1.56f0, achievement = -2.19f0, power = -0.91f0, security = 0.14f0, conformity = 0.05f0, tradition = 0.91f0, benevolence = 0.69f0, universalism = 0.16f0)"
1,43,"(46, 9)",8.0,1,3,4,male,Int64[],"Dict{Int64, Vector{Sugarscape.Loan}}()","Dict{Int64, Vector{Sugarscape.Loan}}()",false,0.0,Int64[],Int64[],false,false,"(self_direction = 1.02f0, stimulation = 0.51f0, hedonism = -0.25f0, achievement = 0.36f0, power = -0.76f0, security = 0.3f0, conformity = -1.34f0, tradition = -0.14f0, benevolence = 0.43f0, universalism = -0.15f0)"
1,44,"(10, 1)",15.0,1,2,3,female,Int64[],"Dict{Int64, Vector{Sugarscape.Loan}}()","Dict{Int64, Vector{Sugarscape.Loan}}()",false,0.0,Int64[],Int64[],false,false,"(self_direction = 1.11f0, stimulation = 0.58f0, hedonism = 0.65f0, achievement = 0.3f0, power = 0.3f0, security = -1.67f0, conformity = -1.02f0, tradition = -1.59f0, benevolence = 0.36f0, universalism = 0.98f0)"
1,45,"(44, 32)",11.0,1,6,3,male,Int64[],"Dict{Int64, Vector{Sugarscape.Loan}}()","Dict{Int64, Vector{Sugarscape.Loan}}()",false,0.0,Int64[],Int64[],false,false,"(self_direction = -0.79f0, stimulation = -0.78f0, hedonism = 0.46f0, achievement = 0.48f0, power = -1.47f0, security = 1.5f0, conformity = -0.25f0, tradition = 0.08f0, benevolence = 0.5f0, universalism = 0.27f0)"
1,46,"(22, 40)",22.0,1,6,2,male,Int64[],"Dict{Int64, Vector{Sugarscape.Loan}}()","Dict{Int64, Vector{Sugarscape.Loan}}()",false,0.0,Int64[],Int64[],false,false,"(self_direction = 0.62f0, stimulation = -0.91f0, hedonism = -0.0f0, achievement = -0.99f0, power = -0.96f0, security = 1.2f0, conformity = -0.0f0, tradition = -0.29f0, benevolence = 0.64f0, universalism = 0.69f0)"
1,47,"(5, 12)",7.0,1,2,4,female,Int64[],"Dict{Int64, Vector{Sugarscape.Loan}}()","Dict{Int64, Vector{Sugarscape.Loan}}()",false,0.0,Int64[],Int64[],false,false,"(self_direction = 1.35f0, stimulation = -1.19f0, hedonism = 0.19f0, achievement = 0.52f0, power = -2.97f0, security = -0.9f0, conformity = -0.34f0, tradition = 0.69f0, benevolence = 1.36f0, universalism = 1.31f0)"
1,48,"(44, 33)",14.0,1,5,4,female,Int64[],"Dict{Int64, Vector{Sugarscape.Loan}}()","Dict{Int64, Vector{Sugarscape.Loan}}()",false,0.0,Int64[],Int64[],false,false,"(self_direction = 0.78f0, stimulation = -2.09f0, hedonism = -1.14f0, achievement = -1.85f0, power = -1.6f0, security = 2.45f0, conformity = 0.56f0, tradition = 0.29f0, benevolence = 1.25f0, universalism = 1.35f0)"
1,49,"(6, 24)",12.0,1,1,1,female,Int64[],"Dict{Int64, Vector{Sugarscape.Loan}}()","Dict{Int64, Vector{Sugarscape.Loan}}()",false,0.0,Int64[],Int64[],false,false,"(self_direction = 1.78f0, stimulation = 0.62f0, hedonism = 0.29f0, achievement = -2.24f0, power = -2.56f0, security = -0.06f0, conformity = -1.03f0, tradition = 0.17f0, benevolence = 1.64f0, universalism = 1.37f0)"
1,50,"(14, 21)",23.0,1,5,2,female,Int64[],"Dict{Int64, Vector{Sugarscape.Loan}}()","Dict{Int64, Vector{Sugarscape.Loan}}()",false,0.0,Int64[],Int64[],false,false,"(self_direction = -0.43f0, stimulation = -0.39f0, hedonism = 0.91f0, achievement = 0.84f0, power = -0.19f0, security = 1.19f0, conformity = -0.38f0, tradition = -1.27f0, benevolence = -0.25f0, universalism = -0.04f0)"
2,1,"(2, 21)",5.0,2,6,2,male,Int64[],"Dict{Int64, Vector{Sugarscape.Loan}}()","Dict{Int64, Vector{Sugarscape.Loan}}()",false,0.0,Int64[],Int64[],false,false,"(self_direction = 0.21f0, stimulation = 0.42f0, hedonism = 0.69f0, achievement = -0.52f0, power = -1.23f0, security = 0.31f0, conformity = 0.82f0, tradition = -0.84f0, benevolence = -0.25f0, universalism = 0.4f0)"
2,2,"(14, 43)",11.0,2,6,1,male,Int64[],"Dict{Int64, Vector{Sugarscape.Loan}}()","Dict{Int64, Vector{Sugarscape.Loan}}()",false,0.0,Int64[],Int64[],false,false,"(self_direction = 1.47f0, stimulation = -1.5f0, hedonism = -0.91f0, achievement = -0.42f0, power = -0.8f0, security = 0.41f0, conformity = 0.11f0, tradition = 0.9f0, benevolence = -0.11f0, universalism = 0.82f0)"
2,3,"(30, 5)",12.0,2,1,4,female,Int64[],"Dict{Int64, Vector{Sugarscape.Loan}}()","Dict{Int64, Vector{Sugarscape.Loan}}()",false,0.0,Int64[],Int64[],false,false,"(self_direction = -0.39f0, stimulation = -1.13f0, hedonism = 1.5f0, achievement = -0.06f0, power = -1.01f0, security = 0.34f0, conformity = -0.21f0, tradition = -0.06f0, benevolence = 1.3f0, universalism = -0.28f0)"
2,4,"(9, 13)",12.0,2,6,2,male,Int64[],"Dict{Int64, Vector{Sugarscape.Loan}}()","Dict{Int64, Vector{Sugarscape.Loan}}()",false,0.0,Int64[],Int64[],false,false,"(self_direction = -0.08f0, stimulation = -1.7f0, hedonism = -0.57f0, achievement = -0.91f0, power = 0.0f0, security = 1.33f0, conformity = -0.13f0, tradition = 1.18f0, benevolence = 0.29f0, universalism = 0.59f0)"
2,5,"(6, 35)",24.0,2,6,1,female,Int64[],"Dict{Int64, Vector{Sugarscape.Loan}}()","Dict{Int64, Vector{Sugarscape.Loan}}()",false,0.0,Int64[],Int64[],false,false,"(self_direction = -0.25f0, stimulation = -1.74f0, hedonism = 1.4f0, achievement = -1.69f0, power = -0.5f0, security = 1.45f0, conformity = 0.06f0, tradition = 1.18f0, benevolence = 0.09f0, universalism = 0.0f0)"
2,6,"(24, 28)",9.0,2,3,2,female,Int64[],"Dict{Int64, Vector{Sugarscape.Loan}}()","Dict{Int64, Vector{Sugarscape.Loan}}()",false,0.0,Int64[],Int64[],false,false,"(self_direction = 0.29f0, stimulation = -1.1f0, hedonism = -0.8f0, achievement = 0.12f0, power = -0.08f0, security = 1.55f0, conformity = -0.59f0, tradition = -0.56f0, benevolence = 0.18f0, universalism = 0.98f0)"
2,7,"(9, 39)",12.0,2,1,1,male,Int64[],"Dict{Int64, Vector{Sugarscape.Loan}}()","Dict{Int64, Vector{Sugarscape.Loan}}()",false,0.0,Int64[],Int64[],false,false,"(self_direction = 1.12f0, stimulation = -1.17f0, hedonism = -1.95f0, achievement = 1.58f0, power = -0.56f0, security = 1.35f0, conformity = -1.0f0, tradition = -0.37f0, benevolence = 0.54f0, universalism = 0.47f0)"
2,8,"(33, 17)",14.0,2,4,3,male,Int64[],"Dict{Int64, Vector{Sugarscape.Loan}}()","Dict{Int64, Vector{Sugarscape.Loan}}()",false,0.0,Int64[],Int64[],false,false,"(self_direction = 1.01f0, stimulation = -0.81f0, hedonism = 0.94f0, achievement = -2.22f0, power = -3.42f0, security = 0.78f0, conformity = 0.66f0, tradition = 1.22f0, benevolence = 0.94f0, universalism = 0.9f0)"
2,9,"(13, 19)",5.0,2,2,4,male,Int64[],"Dict{Int64, Vector{Sugarscape.Loan}}()","Dict{Int64, Vector{Sugarscape.Loan}}()",false,0.0,Int64[],Int64[],false,false,"(self_direction = 0.51f0, stimulation = 0.43f0, hedonism = -1.47f0, achievement = -0.78f0, power = -0.92f0, security = 1.4f0, conformity = 0.1f0, tradition = 1.21f0, benevolence = -0.16f0, universalism = -0.31f0)"
2,10,"(39, 45)",12.0,2,6,1,male,Int64[],"Dict{Int64, Vector{Sugarscape.Loan}}()","Dict{Int64, Vector{Sugarscape.Loan}}()",false,0.0,Int64[],Int64[],false,false,"(self_direction = 0.18f0, stimulation = -0.85f0, hedonism = 0.36f0, achievement = -1.12f0, power = -1.68f0, security = 0.91f0, conformity = -0.73f0, tradition = 0.07f0, benevolence = 1.3f0, universalism = 1.57f0)"
2,11,"(34, 3)",10.0,2,2,2,male,Int64[],"Dict{Int64, Vector{Sugarscape.Loan}}()","Dict{Int64, Vector{Sugarscape.Loan}}()",false,0.0,Int64[],Int64[],false,false,"(self_direction = 1.16f0, stimulation = 0.34f0, hedonism = 1.19f0, achievement = -0.46f0, power = 0.68f0, security = -0.2f0, conformity = -1.38f0, tradition = -1.19f0, benevolence = -0.95f0, universalism = 0.8f0)"
2,12,"(24, 9)",7.0,2,6,2,male,Int64[],"Dict{Int64, Vector{Sugarscape.Loan}}()","Dict{Int64, Vector{Sugarscape.Loan}}()",false,0.0,Int64[],Int64[],false,false,"(self_direction = -0.07f0, stimulation = -0.17f0, hedonism = -1.56f0, achievement = 0.9f0, power = -2.05f0, security = 0.72f0, conformity = 0.44f0, tradition = 0.84f0, benevolence = 0.64f0, universalism = 0.31f0)"
2,13,"(16, 29)",10.0,2,6,4,male,Int64[],"Dict{Int64, Vector{Sugarscape.Loan}}()","Dict{Int64, Vector{Sugarscape.Loan}}()",false,0.0,Int64[],Int64[],false,false,"(self_direction = 0.38f0, stimulation = -1.83f0, hedonism = 1.44f0, achievement = -1.13f0, power = -0.24f0, security = -0.03f0, conformity = -0.6f0, tradition = -0.36f0, benevolence = 0.93f0, universalism = 1.43f0)"
2,14,"(13, 39)",14.0,2,2,2,male,Int64[],"Dict{Int64, Vector{Sugarscape.Loan}}()","Dict{Int64, Vector{Sugarscape.Loan}}()",false,0.0,Int64[],Int64[],false,false,"(self_direction = -0.66f0, stimulation = -0.83f0, hedonism = -1.58f0, achievement = 0.07f0, power = -1.0f0, security = 0.61f0, conformity = 0.36f0, tradition = 1.31f0, benevolence = 0.68f0, universalism = 1.03f0)"
2,15,"(29, 19)",5.0,2,4,2,female,Int64[],"Dict{Int64, Vector{Sugarscape.Loan}}()","Dict{Int64, Vector{Sugarscape.Loan}}()",false,0.0,Int64[],Int64[],false,false,"(self_direction = -0.18f0, stimulation = -0.82f0, hedonism = 0.77f0, achievement = -3.14f0, power = -1.94f0, security = 1.61f0, conformity = 0.67f0, tradition = 1.04f0, benevolence = 0.48f0, universalism = 1.5f0)"
2,16,"(38, 38)",5.0,2,6,3,female,Int64[],"Dict{Int64, Vector{Sugarscape.Loan}}()","Dict{Int64, Vector{Sugarscape.Loan}}()",false,0.0,Int64[],Int64[],false,false,"(self_direction = 0.43f0, stimulation = -1.66f0, hedonism = -2.71f0, achievement = 0.3f0, power = -1.46f0, security = 0.83f0, conformity = 0.15f0, tradition = 0.53f0, benevolence = 1.88f0, universalism = 1.72f0)"
2,17,"(13, 43)",24.0,2,1,2,male,Int64[],"Dict{Int64, Vector{Sugarscape.Loan}}()","Dict{Int64, Vector{Sugarscape.Loan}}()",false,0.0,Int64[],Int64[],false,false,"(self_direction = 0.32f0, stimulation = -0.85f0, hedonism = -1.25f0, achievement = -1.46f0, power = -1.86f0, security = 0.83f0, conformity = 1.08f0, tradition = 1.08f0, benevolence = 1.26f0, universalism = 0.86f0)"
2,18,"(50, 21)",3.0,2,5,4,female,Int64[],"Dict{Int64, Vector{Sugarscape.Loan}}()","Dict{Int64, Vector{Sugarscape.Loan}}()",false,0.0,Int64[],Int64[],false,false,"(self_direction = -0.77f0, stimulation = -0.32f0, hedonism = -0.46f0, achievement = -0.59f0, power = -1.52f0, security = 1.35f0, conformity = 1.67f0, tradition = 0.76f0, benevolence = -0.12f0, universalism = 0.01f0)"
2,19,"(48, 27)",18.0,2,4,2,female,Int64[],"Dict{Int64, Vector{Sugarscape.Loan}}()","Dict{Int64, Vector{Sugarscape.Loan}}()",false,0.0,Int64[],Int64[],false,false,"(self_direction = 2.02f0, stimulation = 1.13f0, hedonism = 0.91f0, achievement = -0.42f0, power = -1.48f0, security = -0.59f0, conformity = -1.45f0, tradition = -1.26f0, benevolence = 0.6f0, universalism = 0.55f0)"
2,20,"(13, 9)",12.0,2,4,1,male,Int64[],"Dict{Int64, Vector{Sugarscape.Loan}}()","Dict{Int64, Vector{Sugarscape.Loan}}()",false,0.0,Int64[],Int64[],false,false,"(self_direction = -0.69f0, stimulation = -0.5f0, hedonism = -0.82f0, achievement = 0.23f0, power = -0.71f0, security = 1.36f0, conformity = -1.75f0, tradition = 0.6f0, benevolence = 1.68f0, universalism = 0.61f0)"
2,21,"(6, 20)",22.0,2,4,1,female,Int64[],"Dict{Int64, Vector{Sugarscape.Loan}}()","Dict{Int64, Vector{Sugarscape.Loan}}()",false,0.0,Int64[],Int64[],false,false,"(self_direction = -1.34f0, stimulation = -1.82f0, hedonism = -0.52f0, achievement = -1.48f0, power = -1.13f0, security = 0.19f0, conformity = 0.61f0, tradition = 2.25f0, benevolence = 1.34f0, universalism = 1.9f0)"
2,22,"(20, 18)",19.0,2,1,3,male,Int64[],"Dict{Int64, Vector{Sugarscape.Loan}}()","Dict{Int64, Vector{Sugarscape.Loan}}()",false,0.0,Int64[],Int64[],false,false,"(self_direction = 1.48f0, stimulation = 1.67f0, hedonism = 1.29f0, achievement = -0.11f0, power = -1.66f0, security = 0.46f0, conformity = -2.47f0, tradition = -1.58f0, benevolence = 0.11f0, universalism = 0.81f0)"
2,23,"(31, 5)",27.0,2,2,1,male,Int64[],"Dict{Int64, Vector{Sugarscape.Loan}}()","Dict{Int64, Vector{Sugarscape.Loan}}()",false,0.0,Int64[],Int64[],false,false,"(self_direction = 1.29f0, stimulation = -0.86f0, hedonism = -1.28f0, achievement = 0.7f0, power = -1.17f0, security = 0.28f0, conformity = 0.02f0, tradition = -1.05f0, benevolence = 0.97f0, universalism = 1.1f0)"
2,24,"(12, 45)",16.0,2,6,2,female,Int64[],"Dict{Int64, Vector{Sugarscape.Loan}}()","Dict{Int64, Vector{Sugarscape.Loan}}()",false,0.0,Int64[],Int64[],false,false,"(self_direction = 0.15f0, stimulation = -1.36f0, hedonism = 0.42f0, achievement = 0.56f0, power = -0.44f0, security = -0.08f0, conformity = -0.01f0, tradition = -0.38f0, benevolence = 0.49f0, universalism = 0.65f0)"
2,25,"(10, 9)",12.0,2,2,3,female,Int64[],"Dict{Int64, Vector{Sugarscape.Loan}}()","Dict{Int64, Vector{Sugarscape.Loan}}()",false,0.0,Int64[],Int64[],false,false,"(self_direction = 1.32f0, stimulation = 0.04f0, hedonism = -0.55f0, achievement = -0.14f0, power = -0.88f0, security = 0.61f0, conformity = -1.42f0, tradition = -1.38f0, benevolence = 0.86f0, universalism = 1.54f0)"
2,26,"(44, 16)",17.0,2,2,3,female,Int64[],"Dict{Int64, Vector{Sugarscape.Loan}}()","Dict{Int64, Vector{Sugarscape.Loan}}()",false,0.0,Int64[],Int64[],false,false,"(self_direction = -0.2f0, stimulation = -1.12f0, hedonism = -1.26f0, achievement = -1.93f0, power = -0.59f0, security = 1.1f0, conformity = -0.98f0, tradition = 1.41f0, benevolence = 1.38f0, universalism = 2.19f0)"
2,27,"(36, 1)",23.0,2,1,3,male,Int64[],"Dict{Int64, Vector{Sugarscape.Loan}}()","Dict{Int64, Vector{Sugarscape.Loan}}()",false,0.0,Int64[],Int64[],false,false,"(self_direction = 1.42f0, stimulation = -2.91f0, hedonism = -1.2f0, achievement = -0.7f0, power = -1.38f0, security = 1.55f0, conformity = 1.06f0, tradition = -0.32f0, benevolence = 0.49f0, universalism = 1.99f0)"
2,28,"(27, 17)",1.0,2,2,4,male,Int64[],"Dict{Int64, Vector{Sugarscape.Loan}}()","Dict{Int64, Vector{Sugarscape.Loan}}()",false,0.0,Int64[],Int64[],false,false,"(self_direction = 1.32f0, stimulation = -0.49f0, hedonism = 0.16f0, achievement = -0.88f0, power = 0.74f0, security = 1.29f0, conformity = -1.32f0, tradition = -0.95f0, benevolence = 0.23f0, universalism = -0.11f0)"
2,29,"(41, 14)",11.0,2,5,4,male,Int64[],"Dict{Int64, Vector{Sugarscape.Loan}}()","Dict{Int64, Vector{Sugarscape.Loan}}()",false,0.0,Int64[],Int64[],false,false,"(self_direction = 1.1f0, stimulation = -1.96f0, hedonism = -0.82f0, achievement = -0.36f0, power = -0.94f0, security = 1.62f0, conformity = -1.08f0, tradition = 0.21f0, benevolence = 1.3f0, universalism = 0.95f0)"
2,30,"(15, 37)",21.0,2,2,3,female,Int64[],"Dict{Int64, Vector{Sugarscape.Loan}}()","Dict{Int64, Vector{Sugarscape.Loan}}()",false,0.0,Int64[],Int64[],false,false,"(self_direction = -0.23f0, stimulation = -0.73f0, hedonism = 0.9f0, achievement = -0.9f0, power = -1.87f0, security = -0.11f0, conformity = 0.53f0, tradition = 0.72f0, benevolence = 0.78f0, universalism = 0.91f0)"
2,31,"(18, 39)",24.0,2,5,2,female,Int64[],"Dict{Int64, Vector{Sugarscape.Loan}}()","Dict{Int64, Vector{Sugarscape.Loan}}()",false,0.0,Int64[],Int64[],false,false,"(self_direction = 0.67f0, stimulation = 1.11f0, hedonism = -0.17f0, achievement = -2.9f0, power = -1.09f0, security = 0.3f0, conformity = 0.29f0, tradition = -0.94f0, benevolence = 1.54f0, universalism = 1.19f0)"
2,32,"(25, 41)",11.0,2,2,4,female,Int64[],"Dict{Int64, Vector{Sugarscape.Loan}}()","Dict{Int64, Vector{Sugarscape.Loan}}()",false,0.0,Int64[],Int64[],false,false,"(self_direction = -0.13f0, stimulation = -0.82f0, hedonism = -0.79f0, achievement = -0.24f0, power = -2.3f0, security = 0.25f0, conformity = 1.1f0, tradition = 2.16f0, benevolence = -0.19f0, universalism = 0.95f0)"
2,33,"(28, 2)",3.0,2,2,4,female,Int64[],"Dict{Int64, Vector{Sugarscape.Loan}}()","Dict{Int64, Vector{Sugarscape.Loan}}()",false,0.0,Int64[],Int64[],false,false,"(self_direction = -0.23f0, stimulation = -2.93f0, hedonism = -0.75f0, achievement = -0.61f0, power = -1.1f0, security = 1.7f0, conformity = 0.53f0, tradition = 1.54f0, benevolence = 0.97f0, universalism = 0.88f0)"
2,34,"(7, 33)",20.0,2,1,4,male,Int64[],"Dict{Int64, Vector{Sugarscape.Loan}}()","Dict{Int64, Vector{Sugarscape.Loan}}()",false,0.0,Int64[],Int64[],false,false,"(self_direction = -0.6f0, stimulation = -0.66f0, hedonism = -0.61f0, achievement = -1.97f0, power = -1.06f0, security = 1.54f0, conformity = -0.36f0, tradition = 0.68f0, benevolence = 1.95f0, universalism = 1.11f0)"
2,35,"(31, 50)",9.0,2,4,2,male,Int64[],"Dict{Int64, Vector{Sugarscape.Loan}}()","Dict{Int64, Vector{Sugarscape.Loan}}()",false,0.0,Int64[],Int64[],false,false,"(self_direction = 0.01f0, stimulation = -2.72f0, hedonism = 0.42f0, achievement = -0.88f0, power = -0.87f0, security = 1.29f0, conformity = 1.39f0, tradition = 0.9f0, benevolence = 0.2f0, universalism = 0.26f0)"
2,36,"(43, 42)",4.0,2,1,1,female,Int64[],"Dict{Int64, Vector{Sugarscape.Loan}}()","Dict{Int64, Vector{Sugarscape.Loan}}()",false,0.0,Int64[],Int64[],false,false,"(self_direction = -0.29f0, stimulation = -1.14f0, hedonism = -0.81f0, achievement = 0.21f0, power = -2.05f0, security = 1.53f0, conformity = -0.44f0, tradition = 2.0f0, benevolence = 0.59f0, universalism = 0.42f0)"
2,37,"(32, 9)",6.0,2,6,3,female,Int64[],"Dict{Int64, Vector{Sugarscape.Loan}}()","Dict{Int64, Vector{Sugarscape.Loan}}()",false,0.0,Int64[],Int64[],false,false,"(self_direction = 1.3f0, stimulation = 1.39f0, hedonism = 0.2f0, achievement = 0.21f0, power = -0.75f0, security = -0.5f0, conformity = -1.68f0, tradition = -0.6f0, benevolence = -0.39f0, universalism = 0.82f0)"
2,38,"(38, 16)",19.0,2,2,1,female,Int64[],"Dict{Int64, Vector{Sugarscape.Loan}}()","Dict{Int64, Vector{Sugarscape.Loan}}()",false,0.0,Int64[],Int64[],false,false,"(self_direction = -0.57f0, stimulation = -1.03f0, hedonism = -1.62f0, achievement = 0.46f0, power = 0.07f0, security = 0.58f0, conformity = -0.68f0, tradition = 1.71f0, benevolence = 0.11f0, universalism = 0.98f0)"
2,39,"(9, 24)",13.0,2,1,1,female,Int64[],"Dict{Int64, Vector{Sugarscape.Loan}}()","Dict{Int64, Vector{Sugarscape.Loan}}()",false,0.0,Int64[],Int64[],false,false,"(self_direction = 0.46f0, stimulation = -2.05f0, hedonism = -0.99f0, achievement = -0.53f0, power = -2.42f0, security = 2.15f0, conformity = 0.76f0, tradition = 0.69f0, benevolence = 0.74f0, universalism = 1.18f0)"
2,40,"(20, 35)",19.0,2,5,4,female,Int64[],"Dict{Int64, Vector{Sugarscape.Loan}}()","Dict{Int64, Vector{Sugarscape.Loan}}()",false,0.0,Int64[],Int64[],false,false,"(self_direction = -1.16f0, stimulation = 0.08f0, hedonism = 0.41f0, achievement = -0.39f0, power = 0.07f0, security = 1.2f0, conformity = 0.96f0, tradition = -0.25f0, benevolence = -0.55f0, universalism = -0.38f0)"
2,42,"(24, 12)",18.0,2,2,1,male,Int64[],"Dict{Int64, Vector{Sugarscape.Loan}}()","Dict{Int64, Vector{Sugarscape.Loan}}()",false,0.0,Int64[],Int64[],false,false,"(self_direction = -0.71f0, stimulation = 0.31f0, hedonism = 1.56f0, achievement = -2.19f0, power = -0.91f0, security = 0.14f0, conformity = 0.05f0, tradition = 0.91f0, benevolence = 0.69f0, universalism = 0.16f0)"
2,43,"(46, 8)",6.0,2,3,4,male,Int64[],"Dict{Int64, Vector{Sugarscape.Loan}}()","Dict{Int64, Vector{Sugarscape.Loan}}()",false,0.0,Int64[],Int64[],false,false,"(self_direction = 1.02f0, stimulation = 0.51f0, hedonism = -0.25f0, achievement = 0.36f0, power = -0.76f0, security = 0.3f0, conformity = -1.34f0, tradition = -0.14f0, benevolence = 0.43f0, universalism = -0.15f0)"
2,44,"(10, 1)",12.0,2,2,3,female,Int64[],"Dict{Int64, Vector{Sugarscape.Loan}}()","Dict{Int64, Vector{Sugarscape.Loan}}()",false,0.0,Int64[],Int64[],false,false,"(self_direction = 1.11f0, stimulation = 0.58f0, hedonism = 0.65f0, achievement = 0.3f0, power = 0.3f0, security = -1.67f0, conformity = -1.02f0, tradition = -1.59f0, benevolence = 0.36f0, universalism = 0.98f0)"
2,45,"(44, 32)",8.0,2,6,3,male,Int64[],"Dict{Int64, Vector{Sugarscape.Loan}}()","Dict{Int64, Vector{Sugarscape.Loan}}()",false,0.0,Int64[],Int64[],false,false,"(self_direction = -0.79f0, stimulation = -0.78f0, hedonism = 0.46f0, achievement = 0.48f0, power = -1.47f0, security = 1.5f0, conformity = -0.25f0, tradition = 0.08f0, benevolence = 0.5f0, universalism = 0.27f0)"
2,46,"(22, 39)",23.0,2,6,2,male,Int64[],"Dict{Int64, Vector{Sugarscape.Loan}}()","Dict{Int64, Vector{Sugarscape.Loan}}()",false,0.0,Int64[],Int64[],false,false,"(self_direction = 0.62f0, stimulation = -0.91f0, hedonism = -0.0f0, achievement = -0.99f0, power = -0.96f0, security = 1.2f0, conformity = -0.0f0, tradition = -0.29f0, benevolence = 0.64f0, universalism = 0.69f0)"
2,47,"(5, 12)",3.0,2,2,4,female,Int64[],"Dict{Int64, Vector{Sugarscape.Loan}}()","Dict{Int64, Vector{Sugarscape.Loan}}()",false,0.0,Int64[],Int64[],false,false,"(self_direction = 1.35f0, stimulation = -1.19f0, hedonism = 0.19f0, achievement = 0.52f0, power = -2.97f0, security = -0.9f0, conformity = -0.34f0, tradition = 0.69f0, benevolence = 1.36f0, universalism = 1.31f0)"
2,48,"(44, 33)",10.0,2,5,4,female,Int64[],"Dict{Int64, Vector{Sugarscape.Loan}}()","Dict{Int64, Vector{Sugarscape.Loan}}()",false,0.0,Int64[],Int64[],false,false,"(self_direction = 0.78f0, stimulation = -2.09f0, hedonism = -1.14f0, achievement = -1.85f0, power = -1.6f0, security = 2.45f0, conformity = 0.56f0, tradition = 0.29f0, benevolence = 1.25f0, universalism = 1.35f0)"
2,49,"(6, 24)",11.0,2,1,1,female,Int64[],"Dict{Int64, Vector{Sugarscape.Loan}}()","Dict{Int64, Vector{Sugarscape.Loan}}()",false,0.0,Int64[],Int64[],false,false,"(self_direction = 1.78f0, stimulation = 0.62f0, hedonism = 0.29f0, achievement = -2.24f0, power = -2.56f0, security = -0.06f0, conformity = -1.03f0, tradition = 0.17f0, benevolence = 1.64f0, universalism = 1.37f0)"
2,50,"(14, 21)",21.0,2,5,2,female,Int64[],"Dict{Int64, Vector{Sugarscape.Loan}}()","Dict{Int64, Vector{Sugarscape.Loan}}()",false,0.0,Int64[],Int64[],false,false,"(self_direction = -0.43f0, stimulation = -0.39f0, hedonism = 0.91f0, achievement = 0.84f0, power = -0.19f0, security = 1.19f0, conformity = -0.38f0, tradition = -1.27f0, benevolence = -0.25f0, universalism = -0.04f0)"
2,51,"(46, 4)",8.0,0,6,4,male,Int64[],"Dict{Int64, Vector{Sugarscape.Loan}}()","Dict{Int64, Vector{Sugarscape.Loan}}()",false,0.0,Int64[],Int64[],false,false,"(self_direction = -0.03f0, stimulation = -1.07f0, hedonism = 0.01f0, achievement = -0.26f0, power = -1.14f0, security = 0.86f0, conformity = -1.16f0, tradition = 0.23f0, benevolence = 0.92f0, universalism = 1.64f0)"
3,1,"(2, 21)",3.0,3,6,2,male,Int64[],"Dict{Int64, Vector{Sugarscape.Loan}}()","Dict{Int64, Vector{Sugarscape.Loan}}()",false,0.0,Int64[],Int64[],false,false,"(self_direction = 0.21f0, stimulation = 0.42f0, hedonism = 0.69f0, achievement = -0.52f0, power = -1.23f0, security = 0.31f0, conformity = 0.82f0, tradition = -0.84f0, benevolence = -0.25f0, universalism = 0.4f0)"
3,2,"(15, 43)",14.0,3,6,1,male,Int64[],"Dict{Int64, Vector{Sugarscape.Loan}}()","Dict{Int64, Vector{Sugarscape.Loan}}()",false,0.0,Int64[],Int64[],false,false,"(self_direction = 1.47f0, stimulation = -1.5f0, hedonism = -0.91f0, achievement = -0.42f0, power = -0.8f0, security = 0.41f0, conformity = 0.11f0, tradition = 0.9f0, benevolence = -0.11f0, universalism = 0.82f0)"
3,3,"(30, 4)",10.0,3,1,4,female,Int64[],"Dict{Int64, Vector{Sugarscape.Loan}}()","Dict{Int64, Vector{Sugarscape.Loan}}()",false,0.0,Int64[],Int64[],false,false,"(self_direction = -0.39f0, stimulation = -1.13f0, hedonism = 1.5f0, achievement = -0.06f0, power = -1.01f0, security = 0.34f0, conformity = -0.21f0, tradition = -0.06f0, benevolence = 1.3f0, universalism = -0.28f0)"
3,4,"(9, 13)",10.0,3,6,2,male,Int64[],"Dict{Int64, Vector{Sugarscape.Loan}}()","Dict{Int64, Vector{Sugarscape.Loan}}()",false,0.0,Int64[],Int64[],false,false,"(self_direction = -0.08f0, stimulation = -1.7f0, hedonism = -0.57f0, achievement = -0.91f0, power = 0.0f0, security = 1.33f0, conformity = -0.13f0, tradition = 1.18f0, benevolence = 0.29f0, universalism = 0.59f0)"
3,5,"(6, 34)",25.0,3,6,1,female,Int64[],"Dict{Int64, Vector{Sugarscape.Loan}}()","Dict{Int64, Vector{Sugarscape.Loan}}()",false,0.0,Int64[],Int64[],false,false,"(self_direction = -0.25f0, stimulation = -1.74f0, hedonism = 1.4f0, achievement = -1.69f0, power = -0.5f0, security = 1.45f0, conformity = 0.06f0, tradition = 1.18f0, benevolence = 0.09f0, universalism = 0.0f0)"
3,6,"(24, 28)",8.0,3,3,2,female,Int64[],"Dict{Int64, Vector{Sugarscape.Loan}}()","Dict{Int64, Vector{Sugarscape.Loan}}()",false,0.0,Int64[],Int64[],false,false,"(self_direction = 0.29f0, stimulation = -1.1f0, hedonism = -0.8f0, achievement = 0.12f0, power = -0.08f0, security = 1.55f0, conformity = -0.59f0, tradition = -0.56f0, benevolence = 0.18f0, universalism = 0.98f0)"
3,7,"(9, 38)",14.0,3,1,1,male,Int64[],"Dict{Int64, Vector{Sugarscape.Loan}}()","Dict{Int64, Vector{Sugarscape.Loan}}()",false,0.0,Int64[],Int64[],false,false,"(self_direction = 1.12f0, stimulation = -1.17f0, hedonism = -1.95f0, achievement = 1.58f0, power = -0.56f0, security = 1.35f0, conformity = -1.0f0, tradition = -0.37f0, benevolence = 0.54f0, universalism = 0.47f0)"
3,8,"(33, 16)",14.0,3,4,3,male,Int64[],"Dict{Int64, Vector{Sugarscape.Loan}}()","Dict{Int64, Vector{Sugarscape.Loan}}()",false,0.0,Int64[],Int64[],false,false,"(self_direction = 1.01f0, stimulation = -0.81f0, hedonism = 0.94f0, achievement = -2.22f0, power = -3.42f0, security = 0.78f0, conformity = 0.66f0, tradition = 1.22f0, benevolence = 0.94f0, universalism = 0.9f0)"
3,9,"(13, 19)",1.0,3,2,4,male,Int64[],"Dict{Int64, Vector{Sugarscape.Loan}}()","Dict{Int64, Vector{Sugarscape.Loan}}()",false,0.0,Int64[],Int64[],false,false,"(self_direction = 0.51f0, stimulation = 0.43f0, hedonism = -1.47f0, achievement = -0.78f0, power = -0.92f0, security = 1.4f0, conformity = 0.1f0, tradition = 1.21f0, benevolence = -0.16f0, universalism = -0.31f0)"
3,10,"(39, 45)",11.0,3,6,1,male,Int64[],"Dict{Int64, Vector{Sugarscape.Loan}}()","Dict{Int64, Vector{Sugarscape.Loan}}()",false,0.0,Int64[],Int64[],false,false,"(self_direction = 0.18f0, stimulation = -0.85f0, hedonism = 0.36f0, achievement = -1.12f0, power = -1.68f0, security = 0.91f0, conformity = -0.73f0, tradition = 0.07f0, benevolence = 1.3f0, universalism = 1.57f0)"
3,11,"(33, 3)",11.0,3,2,2,male,Int64[],"Dict{Int64, Vector{Sugarscape.Loan}}()","Dict{Int64, Vector{Sugarscape.Loan}}()",false,0.0,Int64[],Int64[],false,false,"(self_direction = 1.16f0, stimulation = 0.34f0, hedonism = 1.19f0, achievement = -0.46f0, power = 0.68f0, security = -0.2f0, conformity = -1.38f0, tradition = -1.19f0, benevolence = -0.95f0, universalism = 0.8f0)"
3,12,"(24, 10)",7.0,3,6,2,male,Int64[],"Dict{Int64, Vector{Sugarscape.Loan}}()","Dict{Int64, Vector{Sugarscape.Loan}}()",false,0.0,Int64[],Int64[],false,false,"(self_direction = -0.07f0, stimulation = -0.17f0, hedonism = -1.56f0, achievement = 0.9f0, power = -2.05f0, security = 0.72f0, conformity = 0.44f0, tradition = 0.84f0, benevolence = 0.64f0, universalism = 0.31f0)"
3,13,"(15, 29)",8.0,3,6,4,male,Int64[],"Dict{Int64, Vector{Sugarscape.Loan}}()","Dict{Int64, Vector{Sugarscape.Loan}}()",false,0.0,Int64[],Int64[],false,false,"(self_direction = 0.38f0, stimulation = -1.83f0, hedonism = 1.44f0, achievement = -1.13f0, power = -0.24f0, security = -0.03f0, conformity = -0.6f0, tradition = -0.36f0, benevolence = 0.93f0, universalism = 1.43f0)"
3,14,"(13, 38)",16.0,3,2,2,male,Int64[],"Dict{Int64, Vector{Sugarscape.Loan}}()","Dict{Int64, Vector{Sugarscape.Loan}}()",false,0.0,Int64[],Int64[],false,false,"(self_direction = -0.66f0, stimulation = -0.83f0, hedonism = -1.58f0, achievement = 0.07f0, power = -1.0f0, security = 0.61f0, conformity = 0.36f0, tradition = 1.31f0, benevolence = 0.68f0, universalism = 1.03f0)"
3,15,"(29, 18)",5.0,3,4,2,female,Int64[],"Dict{Int64, Vector{Sugarscape.Loan}}()","Dict{Int64, Vector{Sugarscape.Loan}}()",false,0.0,Int64[],Int64[],false,false,"(self_direction = -0.18f0, stimulation = -0.82f0, hedonism = 0.77f0, achievement = -3.14f0, power = -1.94f0, security = 1.61f0, conformity = 0.67f0, tradition = 1.04f0, benevolence = 0.48f0, universalism = 1.5f0)"
3,16,"(38, 38)",2.0,3,6,3,female,Int64[],"Dict{Int64, Vector{Sugarscape.Loan}}()","Dict{Int64, Vector{Sugarscape.Loan}}()",false,0.0,Int64[],Int64[],false,false,"(self_direction = 0.43f0, stimulation = -1.66f0, hedonism = -2.71f0, achievement = 0.3f0, power = -1.46f0, security = 0.83f0, conformity = 0.15f0, tradition = 0.53f0, benevolence = 1.88f0, universalism = 1.72f0)"
3,17,"(13, 42)",26.0,3,1,2,male,Int64[],"Dict{Int64, Vector{Sugarscape.Loan}}()","Dict{Int64, Vector{Sugarscape.Loan}}()",false,0.0,Int64[],Int64[],false,false,"(self_direction = 0.32f0, stimulation = -0.85f0, hedonism = -1.25f0, achievement = -1.46f0, power = -1.86f0, security = 0.83f0, conformity = 1.08f0, tradition = 1.08f0, benevolence = 1.26f0, universalism = 0.86f0)"
3,19,"(48, 27)",16.0,3,4,2,female,Int64[],"Dict{Int64, Vector{Sugarscape.Loan}}()","Dict{Int64, Vector{Sugarscape.Loan}}()",false,0.0,Int64[],Int64[],false,false,"(self_direction = 2.02f0, stimulation = 1.13f0, hedonism = 0.91f0, achievement = -0.42f0, power = -1.48f0, security = -0.59f0, conformity = -1.45f0, tradition = -1.26f0, benevolence = 0.6f0, universalism = 0.55f0)"
3,20,"(13, 9)",11.0,3,4,1,male,Int64[],"Dict{Int64, Vector{Sugarscape.Loan}}()","Dict{Int64, Vector{Sugarscape.Loan}}()",false,0.0,Int64[],Int64[],false,false,"(self_direction = -0.69f0, stimulation = -0.5f0, hedonism = -0.82f0, achievement = 0.23f0, power = -0.71f0, security = 1.36f0, conformity = -1.75f0, tradition = 0.6f0, benevolence = 1.68f0, universalism = 0.61f0)"
3,21,"(6, 20)",21.0,3,4,1,female,Int64[],"Dict{Int64, Vector{Sugarscape.Loan}}()","Dict{Int64, Vector{Sugarscape.Loan}}()",false,0.0,Int64[],Int64[],false,false,"(self_direction = -1.34f0, stimulation = -1.82f0, hedonism = -0.52f0, achievement = -1.48f0, power = -1.13f0, security = 0.19f0, conformity = 0.61f0, tradition = 2.25f0, benevolence = 1.34f0, universalism = 1.9f0)"
3,22,"(20, 18)",16.0,3,1,3,male,Int64[],"Dict{Int64, Vector{Sugarscape.Loan}}()","Dict{Int64, Vector{Sugarscape.Loan}}()",false,0.0,Int64[],Int64[],false,false,"(self_direction = 1.48f0, stimulation = 1.67f0, hedonism = 1.29f0, achievement = -0.11f0, power = -1.66f0, security = 0.46f0, conformity = -2.47f0, tradition = -1.58f0, benevolence = 0.11f0, universalism = 0.81f0)"
3,23,"(32, 5)",29.0,3,2,1,male,Int64[],"Dict{Int64, Vector{Sugarscape.Loan}}()","Dict{Int64, Vector{Sugarscape.Loan}}()",false,0.0,Int64[],Int64[],false,false,"(self_direction = 1.29f0, stimulation = -0.86f0, hedonism = -1.28f0, achievement = 0.7f0, power = -1.17f0, security = 0.28f0, conformity = 0.02f0, tradition = -1.05f0, benevolence = 0.97f0, universalism = 1.1f0)"
3,24,"(13, 45)",17.0,3,6,2,female,Int64[],"Dict{Int64, Vector{Sugarscape.Loan}}()","Dict{Int64, Vector{Sugarscape.Loan}}()",false,0.0,Int64[],Int64[],false,false,"(self_direction = 0.15f0, stimulation = -1.36f0, hedonism = 0.42f0, achievement = 0.56f0, power = -0.44f0, security = -0.08f0, conformity = -0.01f0, tradition = -0.38f0, benevolence = 0.49f0, universalism = 0.65f0)"
3,25,"(10, 9)",9.0,3,2,3,female,Int64[],"Dict{Int64, Vector{Sugarscape.Loan}}()","Dict{Int64, Vector{Sugarscape.Loan}}()",false,0.0,Int64[],Int64[],false,false,"(self_direction = 1.32f0, stimulation = 0.04f0, hedonism = -0.55f0, achievement = -0.14f0, power = -0.88f0, security = 0.61f0, conformity = -1.42f0, tradition = -1.38f0, benevolence = 0.86f0, universalism = 1.54f0)"
3,26,"(44, 16)",15.0,3,2,3,female,Int64[],"Dict{Int64, Vector{Sugarscape.Loan}}()","Dict{Int64, Vector{Sugarscape.Loan}}()",false,0.0,Int64[],Int64[],false,false,"(self_direction = -0.2f0, stimulation = -1.12f0, hedonism = -1.26f0, achievement = -1.93f0, power = -0.59f0, security = 1.1f0, conformity = -0.98f0, tradition = 1.41f0, benevolence = 1.38f0, universalism = 2.19f0)"
3,27,"(35, 1)",22.0,3,1,3,male,Int64[],"Dict{Int64, Vector{Sugarscape.Loan}}()","Dict{Int64, Vector{Sugarscape.Loan}}()",false,0.0,Int64[],Int64[],false,false,"(self_direction = 1.42f0, stimulation = -2.91f0, hedonism = -1.2f0, achievement = -0.7f0, power = -1.38f0, security = 1.55f0, conformity = 1.06f0, tradition = -0.32f0, benevolence = 0.49f0, universalism = 1.99f0)"
3,29,"(41, 13)",10.0,3,5,4,male,Int64[],"Dict{Int64, Vector{Sugarscape.Loan}}()","Dict{Int64, Vector{Sugarscape.Loan}}()",false,0.0,Int64[],Int64[],false,false,"(self_direction = 1.1f0, stimulation = -1.96f0, hedonism = -0.82f0, achievement = -0.36f0, power = -0.94f0, security = 1.62f0, conformity = -1.08f0, tradition = 0.21f0, benevolence = 1.3f0, universalism = 0.95f0)"
3,30,"(14, 37)",22.0,3,2,3,female,Int64[],"Dict{Int64, Vector{Sugarscape.Loan}}()","Dict{Int64, Vector{Sugarscape.Loan}}()",false,0.0,Int64[],Int64[],false,false,"(self_direction = -0.23f0, stimulation = -0.73f0, hedonism = 0.9f0, achievement = -0.9f0, power = -1.87f0, security = -0.11f0, conformity = 0.53f0, tradition = 0.72f0, benevolence = 0.78f0, universalism = 0.91f0)"
3,31,"(17, 39)",26.0,3,5,2,female,Int64[],"Dict{Int64, Vector{Sugarscape.Loan}}()","Dict{Int64, Vector{Sugarscape.Loan}}()",false,0.0,Int64[],Int64[],false,false,"(self_direction = 0.67f0, stimulation = 1.11f0, hedonism = -0.17f0, achievement = -2.9f0, power = -1.09f0, security = 0.3f0, conformity = 0.29f0, tradition = -0.94f0, benevolence = 1.54f0, universalism = 1.19f0)"
3,32,"(25, 40)",9.0,3,2,4,female,Int64[],"Dict{Int64, Vector{Sugarscape.Loan}}()","Dict{Int64, Vector{Sugarscape.Loan}}()",false,0.0,Int64[],Int64[],false,false,"(self_direction = -0.13f0, stimulation = -0.82f0, hedonism = -0.79f0, achievement = -0.24f0, power = -2.3f0, security = 0.25f0, conformity = 1.1f0, tradition = 2.16f0, benevolence = -0.19f0, universalism = 0.95f0)"
3,33,"(28, 1)",1.0,3,2,4,female,Int64[],"Dict{Int64, Vector{Sugarscape.Loan}}()","Dict{Int64, Vector{Sugarscape.Loan}}()",false,0.0,Int64[],Int64[],false,false,"(self_direction = -0.23f0, stimulation = -2.93f0, hedonism = -0.75f0, achievement = -0.61f0, power = -1.1f0, security = 1.7f0, conformity = 0.53f0, tradition = 1.54f0, benevolence = 0.97f0, universalism = 0.88f0)"
3,34,"(7, 32)",18.0,3,1,4,male,Int64[],"Dict{Int64, Vector{Sugarscape.Loan}}()","Dict{Int64, Vector{Sugarscape.Loan}}()",false,0.0,Int64[],Int64[],false,false,"(self_direction = -0.6f0, stimulation = -0.66f0, hedonism = -0.61f0, achievement = -1.97f0, power = -1.06f0, security = 1.54f0, conformity = -0.36f0, tradition = 0.68f0, benevolence = 1.95f0, universalism = 1.11f0)"
3,35,"(31, 50)",7.0,3,4,2,male,Int64[],"Dict{Int64, Vector{Sugarscape.Loan}}()","Dict{Int64, Vector{Sugarscape.Loan}}()",false,0.0,Int64[],Int64[],false,false,"(self_direction = 0.01f0, stimulation = -2.72f0, hedonism = 0.42f0, achievement = -0.88f0, power = -0.87f0, security = 1.29f0, conformity = 1.39f0, tradition = 0.9f0, benevolence = 0.2f0, universalism = 0.26f0)"
3,36,"(43, 42)",3.0,3,1,1,female,Int64[],"Dict{Int64, Vector{Sugarscape.Loan}}()","Dict{Int64, Vector{Sugarscape.Loan}}()",false,0.0,Int64[],Int64[],false,false,"(self_direction = -0.29f0, stimulation = -1.14f0, hedonism = -0.81f0, achievement = 0.21f0, power = -2.05f0, security = 1.53f0, conformity = -0.44f0, tradition = 2.0f0, benevolence = 0.59f0, universalism = 0.42f0)"
3,37,"(33, 9)",7.0,3,6,3,female,Int64[],"Dict{Int64, Vector{Sugarscape.Loan}}()","Dict{Int64, Vector{Sugarscape.Loan}}()",false,0.0,Int64[],Int64[],false,false,"(self_direction = 1.3f0, stimulation = 1.39f0, hedonism = 0.2f0, achievement = 0.21f0, power = -0.75f0, security = -0.5f0, conformity = -1.68f0, tradition = -0.6f0, benevolence = -0.39f0, universalism = 0.82f0)"
3,38,"(38, 15)",21.0,3,2,1,female,Int64[],"Dict{Int64, Vector{Sugarscape.Loan}}()","Dict{Int64, Vector{Sugarscape.Loan}}()",false,0.0,Int64[],Int64[],false,false,"(self_direction = -0.57f0, stimulation = -1.03f0, hedonism = -1.62f0, achievement = 0.46f0, power = 0.07f0, security = 0.58f0, conformity = -0.68f0, tradition = 1.71f0, benevolence = 0.11f0, universalism = 0.98f0)"
3,39,"(9, 24)",12.0,3,1,1,female,Int64[],"Dict{Int64, Vector{Sugarscape.Loan}}()","Dict{Int64, Vector{Sugarscape.Loan}}()",false,0.0,Int64[],Int64[],false,false,"(self_direction = 0.46f0, stimulation = -2.05f0, hedonism = -0.99f0, achievement = -0.53f0, power = -2.42f0, security = 2.15f0, conformity = 0.76f0, tradition = 0.69f0, benevolence = 0.74f0, universalism = 1.18f0)"
3,40,"(20, 36)",18.0,3,5,4,female,Int64[],"Dict{Int64, Vector{Sugarscape.Loan}}()","Dict{Int64, Vector{Sugarscape.Loan}}()",false,0.0,Int64[],Int64[],false,false,"(self_direction = -1.16f0, stimulation = 0.08f0, hedonism = 0.41f0, achievement = -0.39f0, power = 0.07f0, security = 1.2f0, conformity = 0.96f0, tradition = -0.25f0, benevolence = -0.55f0, universalism = -0.38f0)"
3,42,"(25, 12)",19.0,3,2,1,male,Int64[],"Dict{Int64, Vector{Sugarscape.Loan}}()","Dict{Int64, Vector{Sugarscape.Loan}}()",false,0.0,Int64[],Int64[],false,false,"(self_direction = -0.71f0, stimulation = 0.31f0, hedonism = 1.56f0, achievement = -2.19f0, power = -0.91f0, security = 0.14f0, conformity = 0.05f0, tradition = 0.91f0, benevolence = 0.69f0, universalism = 0.16f0)"
3,43,"(46, 7)",4.0,3,3,4,male,Int64[],"Dict{Int64, Vector{Sugarscape.Loan}}()","Dict{Int64, Vector{Sugarscape.Loan}}()",false,0.0,Int64[],Int64[],false,false,"(self_direction = 1.02f0, stimulation = 0.51f0, hedonism = -0.25f0, achievement = 0.36f0, power = -0.76f0, security = 0.3f0, conformity = -1.34f0, tradition = -0.14f0, benevolence = 0.43f0, universalism = -0.15f0)"
3,44,"(10, 1)",9.0,3,2,3,female,Int64[],"Dict{Int64, Vector{Sugarscape.Loan}}()","Dict{Int64, Vector{Sugarscape.Loan}}()",false,0.0,Int64[],Int64[],false,false,"(self_direction = 1.11f0, stimulation = 0.58f0, hedonism = 0.65f0, achievement = 0.3f0, power = 0.3f0, security = -1.67f0, conformity = -1.02f0, tradition = -1.59f0, benevolence = 0.36f0, universalism = 0.98f0)"
3,45,"(44, 32)",5.0,3,6,3,male,Int64[],"Dict{Int64, Vector{Sugarscape.Loan}}()","Dict{Int64, Vector{Sugarscape.Loan}}()",false,0.0,Int64[],Int64[],false,false,"(self_direction = -0.79f0, stimulation = -0.78f0, hedonism = 0.46f0, achievement = 0.48f0, power = -1.47f0, security = 1.5f0, conformity = -0.25f0, tradition = 0.08f0, benevolence = 0.5f0, universalism = 0.27f0)"
3,46,"(22, 38)",24.0,3,6,2,male,Int64[],"Dict{Int64, Vector{Sugarscape.Loan}}()","Dict{Int64, Vector{Sugarscape.Loan}}()",false,0.0,Int64[],Int64[],false,false,"(self_direction = 0.62f0, stimulation = -0.91f0, hedonism = -0.0f0, achievement = -0.99f0, power = -0.96f0, security = 1.2f0, conformity = -0.0f0, tradition = -0.29f0, benevolence = 0.64f0, universalism = 0.69f0)"
3,48,"(44, 33)",6.0,3,5,4,female,Int64[],"Dict{Int64, Vector{Sugarscape.Loan}}()","Dict{Int64, Vector{Sugarscape.Loan}}()",false,0.0,Int64[],Int64[],false,false,"(self_direction = 0.78f0, stimulation = -2.09f0, hedonism = -1.14f0, achievement = -1.85f0, power = -1.6f0, security = 2.45f0, conformity = 0.56f0, tradition = 0.29f0, benevolence = 1.25f0, universalism = 1.35f0)"
3,49,"(6, 24)",10.0,3,1,1,female,Int64[],"Dict{Int64, Vector{Sugarscape.Loan}}()","Dict{Int64, Vector{Sugarscape.Loan}}()",false,0.0,Int64[],Int64[],false,false,"(self_direction = 1.78f0, stimulation = 0.62f0, hedonism = 0.29f0, achievement = -2.24f0, power = -2.56f0, security = -0.06f0, conformity = -1.03f0, tradition = 0.17f0, benevolence = 1.64f0, universalism = 1.37f0)"
3,50,"(14, 25)",20.0,3,5,2,female,Int64[],"Dict{Int64, Vector{Sugarscape.Loan}}()","Dict{Int64, Vector{Sugarscape.Loan}}()",false,0.0,Int64[],Int64[],false,false,"(self_direction = -0.43f0, stimulation = -0.39f0, hedonism = 0.91f0, achievement = 0.84f0, power = -0.19f0, security = 1.19f0, conformity = -0.38f0, tradition = -1.27f0, benevolence = -0.25f0, universalism = -0.04f0)"
3,51,"(44, 5)",6.0,1,6,4,male,Int64[],"Dict{Int64, Vector{Sugarscape.Loan}}()","Dict{Int64, Vector{Sugarscape.Loan}}()",false,0.0,Int64[],Int64[],false,false,"(self_direction = -0.03f0, stimulation = -1.07f0, hedonism = 0.01f0, achievement = -0.26f0, power = -1.14f0, security = 0.86f0, conformity = -1.16f0, tradition = 0.23f0, benevolence = 0.92f0, universalism = 1.64f0)"
3,52,"(22, 15)",8.0,0,6,1,female,Int64[],"Dict{Int64, Vector{Sugarscape.Loan}}()","Dict{Int64, Vector{Sugarscape.Loan}}()",false,0.0,Int64[],Int64[],false,false,"(self_direction = -0.22f0, stimulation = -1.55f0, hedonism = 0.47f0, achievement = 1.17f0, power = -1.81f0, security = 2.42f0, conformity = -1.08f0, tradition = -0.85f0, benevolence = 0.76f0, universalism = 0.67f0)"
3,53,"(35, 4)",20.0,0,6,2,male,Int64[],"Dict{Int64, Vector{Sugarscape.Loan}}()","Dict{Int64, Vector{Sugarscape.Loan}}()",false,0.0,Int64[],Int64[],false,false,"(self_direction = 1.53f0, stimulation = -0.32f0, hedonism = -0.26f0, achievement = -1.23f0, power = -1.47f0, security = -1.33f0, conformity = -0.68f0, tradition = 0.73f0, benevolence = 1.97f0, universalism = 1.05f0)"
3,54,"(2, 33)",17.0,0,6,4,female,Int64[],"Dict{Int64, Vector{Sugarscape.Loan}}()","Dict{Int64, Vector{Sugarscape.Loan}}()",false,0.0,Int64[],Int64[],false,false,"(self_direction = 0.79f0, stimulation = 1.78f0, hedonism = 0.29f0, achievement = -0.69f0, power = -0.67f0, security = -0.57f0, conformity = -1.32f0, tradition = -0.74f0, benevolence = 0.56f0, universalism = 0.56f0)"
4,1,"(2, 21)",1.0,4,6,2,male,Int64[],"Dict{Int64, Vector{Sugarscape.Loan}}()","Dict{Int64, Vector{Sugarscape.Loan}}()",false,0.0,Int64[],Int64[],false,false,"(self_direction = 0.21f0, stimulation = 0.42f0, hedonism = 0.69f0, achievement = -0.52f0, power = -1.23f0, security = 0.31f0, conformity = 0.82f0, tradition = -0.84f0, benevolence = -0.25f0, universalism = 0.4f0)"
4,2,"(15, 42)",17.0,4,6,1,male,Int64[],"Dict{Int64, Vector{Sugarscape.Loan}}()","Dict{Int64, Vector{Sugarscape.Loan}}()",false,0.0,Int64[],Int64[],false,false,"(self_direction = 1.47f0, stimulation = -1.5f0, hedonism = -0.91f0, achievement = -0.42f0, power = -0.8f0, security = 0.41f0, conformity = 0.11f0, tradition = 0.9f0, benevolence = -0.11f0, universalism = 0.82f0)"
4,3,"(31, 4)",9.0,4,1,4,female,Int64[],"Dict{Int64, Vector{Sugarscape.Loan}}()","Dict{Int64, Vector{Sugarscape.Loan}}()",false,0.0,Int64[],Int64[],false,false,"(self_direction = -0.39f0, stimulation = -1.13f0, hedonism = 1.5f0, achievement = -0.06f0, power = -1.01f0, security = 0.34f0, conformity = -0.21f0, tradition = -0.06f0, benevolence = 1.3f0, universalism = -0.28f0)"
4,4,"(9, 13)",8.0,4,6,2,male,Int64[],"Dict{Int64, Vector{Sugarscape.Loan}}()","Dict{Int64, Vector{Sugarscape.Loan}}()",false,0.0,Int64[],Int64[],false,false,"(self_direction = -0.08f0, stimulation = -1.7f0, hedonism = -0.57f0, achievement = -0.91f0, power = 0.0f0, security = 1.33f0, conformity = -0.13f0, tradition = 1.18f0, benevolence = 0.29f0, universalism = 0.59f0)"
4,5,"(6, 35)",26.0,4,6,1,female,Int64[],"Dict{Int64, Vector{Sugarscape.Loan}}()","Dict{Int64, Vector{Sugarscape.Loan}}()",false,0.0,Int64[],Int64[],false,false,"(self_direction = -0.25f0, stimulation = -1.74f0, hedonism = 1.4f0, achievement = -1.69f0, power = -0.5f0, security = 1.45f0, conformity = 0.06f0, tradition = 1.18f0, benevolence = 0.09f0, universalism = 0.0f0)"
4,6,"(24, 28)",7.0,4,3,2,female,Int64[],"Dict{Int64, Vector{Sugarscape.Loan}}()","Dict{Int64, Vector{Sugarscape.Loan}}()",false,0.0,Int64[],Int64[],false,false,"(self_direction = 0.29f0, stimulation = -1.1f0, hedonism = -0.8f0, achievement = 0.12f0, power = -0.08f0, security = 1.55f0, conformity = -0.59f0, tradition = -0.56f0, benevolence = 0.18f0, universalism = 0.98f0)"
4,7,"(9, 37)",16.0,4,1,1,male,Int64[],"Dict{Int64, Vector{Sugarscape.Loan}}()","Dict{Int64, Vector{Sugarscape.Loan}}()",false,0.0,Int64[],Int64[],false,false,"(self_direction = 1.12f0, stimulation = -1.17f0, hedonism = -1.95f0, achievement = 1.58f0, power = -0.56f0, security = 1.35f0, conformity = -1.0f0, tradition = -0.37f0, benevolence = 0.54f0, universalism = 0.47f0)"
4,8,"(34, 15)",14.0,4,4,3,male,Int64[],"Dict{Int64, Vector{Sugarscape.Loan}}()","Dict{Int64, Vector{Sugarscape.Loan}}()",false,0.0,Int64[],Int64[],false,false,"(self_direction = 1.01f0, stimulation = -0.81f0, hedonism = 0.94f0, achievement = -2.22f0, power = -3.42f0, security = 0.78f0, conformity = 0.66f0, tradition = 1.22f0, benevolence = 0.94f0, universalism = 0.9f0)"
4,10,"(39, 45)",10.0,4,6,1,male,Int64[],"Dict{Int64, Vector{Sugarscape.Loan}}()","Dict{Int64, Vector{Sugarscape.Loan}}()",false,0.0,Int64[],Int64[],false,false,"(self_direction = 0.18f0, stimulation = -0.85f0, hedonism = 0.36f0, achievement = -1.12f0, power = -1.68f0, security = 0.91f0, conformity = -0.73f0, tradition = 0.07f0, benevolence = 1.3f0, universalism = 1.57f0)"
4,11,"(33, 4)",12.0,4,2,2,male,Int64[],"Dict{Int64, Vector{Sugarscape.Loan}}()","Dict{Int64, Vector{Sugarscape.Loan}}()",false,0.0,Int64[],Int64[],false,false,"(self_direction = 1.16f0, stimulation = 0.34f0, hedonism = 1.19f0, achievement = -0.46f0, power = 0.68f0, security = -0.2f0, conformity = -1.38f0, tradition = -1.19f0, benevolence = -0.95f0, universalism = 0.8f0)"
4,12,"(25, 10)",7.0,4,6,2,male,Int64[],"Dict{Int64, Vector{Sugarscape.Loan}}()","Dict{Int64, Vector{Sugarscape.Loan}}()",false,0.0,Int64[],Int64[],false,false,"(self_direction = -0.07f0, stimulation = -0.17f0, hedonism = -1.56f0, achievement = 0.9f0, power = -2.05f0, security = 0.72f0, conformity = 0.44f0, tradition = 0.84f0, benevolence = 0.64f0, universalism = 0.31f0)"
4,13,"(14, 29)",6.0,4,6,4,male,Int64[],"Dict{Int64, Vector{Sugarscape.Loan}}()","Dict{Int64, Vector{Sugarscape.Loan}}()",false,0.0,Int64[],Int64[],false,false,"(self_direction = 0.38f0, stimulation = -1.83f0, hedonism = 1.44f0, achievement = -1.13f0, power = -0.24f0, security = -0.03f0, conformity = -0.6f0, tradition = -0.36f0, benevolence = 0.93f0, universalism = 1.43f0)"
4,14,"(14, 38)",18.0,4,2,2,male,Int64[],"Dict{Int64, Vector{Sugarscape.Loan}}()","Dict{Int64, Vector{Sugarscape.Loan}}()",false,0.0,Int64[],Int64[],false,false,"(self_direction = -0.66f0, stimulation = -0.83f0, hedonism = -1.58f0, achievement = 0.07f0, power = -1.0f0, security = 0.61f0, conformity = 0.36f0, tradition = 1.31f0, benevolence = 0.68f0, universalism = 1.03f0)"
4,15,"(31, 16)",6.0,4,4,2,female,Int64[],"Dict{Int64, Vector{Sugarscape.Loan}}()","Dict{Int64, Vector{Sugarscape.Loan}}()",false,0.0,Int64[],Int64[],false,false,"(self_direction = -0.18f0, stimulation = -0.82f0, hedonism = 0.77f0, achievement = -3.14f0, power = -1.94f0, security = 1.61f0, conformity = 0.67f0, tradition = 1.04f0, benevolence = 0.48f0, universalism = 1.5f0)"
4,17,"(13, 41)",28.0,4,1,2,male,Int64[],"Dict{Int64, Vector{Sugarscape.Loan}}()","Dict{Int64, Vector{Sugarscape.Loan}}()",false,0.0,Int64[],Int64[],false,false,"(self_direction = 0.32f0, stimulation = -0.85f0, hedonism = -1.25f0, achievement = -1.46f0, power = -1.86f0, security = 0.83f0, conformity = 1.08f0, tradition = 1.08f0, benevolence = 1.26f0, universalism = 0.86f0)"
4,19,"(48, 27)",14.0,4,4,2,female,Int64[],"Dict{Int64, Vector{Sugarscape.Loan}}()","Dict{Int64, Vector{Sugarscape.Loan}}()",false,0.0,Int64[],Int64[],false,false,"(self_direction = 2.02f0, stimulation = 1.13f0, hedonism = 0.91f0, achievement = -0.42f0, power = -1.48f0, security = -0.59f0, conformity = -1.45f0, tradition = -1.26f0, benevolence = 0.6f0, universalism = 0.55f0)"
4,20,"(13, 9)",10.0,4,4,1,male,Int64[],"Dict{Int64, Vector{Sugarscape.Loan}}()","Dict{Int64, Vector{Sugarscape.Loan}}()",false,0.0,Int64[],Int64[],false,false,"(self_direction = -0.69f0, stimulation = -0.5f0, hedonism = -0.82f0, achievement = 0.23f0, power = -0.71f0, security = 1.36f0, conformity = -1.75f0, tradition = 0.6f0, benevolence = 1.68f0, universalism = 0.61f0)"
4,21,"(6, 20)",20.0,4,4,1,female,Int64[],"Dict{Int64, Vector{Sugarscape.Loan}}()","Dict{Int64, Vector{Sugarscape.Loan}}()",false,0.0,Int64[],Int64[],false,false,"(self_direction = -1.34f0, stimulation = -1.82f0, hedonism = -0.52f0, achievement = -1.48f0, power = -1.13f0, security = 0.19f0, conformity = 0.61f0, tradition = 2.25f0, benevolence = 1.34f0, universalism = 1.9f0)"
4,22,"(20, 18)",13.0,4,1,3,male,Int64[],"Dict{Int64, Vector{Sugarscape.Loan}}()","Dict{Int64, Vector{Sugarscape.Loan}}()",false,0.0,Int64[],Int64[],false,false,"(self_direction = 1.48f0, stimulation = 1.67f0, hedonism = 1.29f0, achievement = -0.11f0, power = -1.66f0, security = 0.46f0, conformity = -2.47f0, tradition = -1.58f0, benevolence = 0.11f0, universalism = 0.81f0)"
4,23,"(32, 4)",31.0,4,2,1,male,Int64[],"Dict{Int64, Vector{Sugarscape.Loan}}()","Dict{Int64, Vector{Sugarscape.Loan}}()",false,0.0,Int64[],Int64[],false,false,"(self_direction = 1.29f0, stimulation = -0.86f0, hedonism = -1.28f0, achievement = 0.7f0, power = -1.17f0, security = 0.28f0, conformity = 0.02f0, tradition = -1.05f0, benevolence = 0.97f0, universalism = 1.1f0)"
4,24,"(13, 44)",18.0,4,6,2,female,Int64[],"Dict{Int64, Vector{Sugarscape.Loan}}()","Dict{Int64, Vector{Sugarscape.Loan}}()",false,0.0,Int64[],Int64[],false,false,"(self_direction = 0.15f0, stimulation = -1.36f0, hedonism = 0.42f0, achievement = 0.56f0, power = -0.44f0, security = -0.08f0, conformity = -0.01f0, tradition = -0.38f0, benevolence = 0.49f0, universalism = 0.65f0)"
4,25,"(10, 9)",6.0,4,2,3,female,Int64[],"Dict{Int64, Vector{Sugarscape.Loan}}()","Dict{Int64, Vector{Sugarscape.Loan}}()",false,0.0,Int64[],Int64[],false,false,"(self_direction = 1.32f0, stimulation = 0.04f0, hedonism = -0.55f0, achievement = -0.14f0, power = -0.88f0, security = 0.61f0, conformity = -1.42f0, tradition = -1.38f0, benevolence = 0.86f0, universalism = 1.54f0)"
4,26,"(44, 15)",14.0,4,2,3,female,Int64[],"Dict{Int64, Vector{Sugarscape.Loan}}()","Dict{Int64, Vector{Sugarscape.Loan}}()",false,0.0,Int64[],Int64[],false,false,"(self_direction = -0.2f0, stimulation = -1.12f0, hedonism = -1.26f0, achievement = -1.93f0, power = -0.59f0, security = 1.1f0, conformity = -0.98f0, tradition = 1.41f0, benevolence = 1.38f0, universalism = 2.19f0)"
4,27,"(34, 1)",21.0,4,1,3,male,Int64[],"Dict{Int64, Vector{Sugarscape.Loan}}()","Dict{Int64, Vector{Sugarscape.Loan}}()",false,0.0,Int64[],Int64[],false,false,"(self_direction = 1.42f0, stimulation = -2.91f0, hedonism = -1.2f0, achievement = -0.7f0, power = -1.38f0, security = 1.55f0, conformity = 1.06f0, tradition = -0.32f0, benevolence = 0.49f0, universalism = 1.99f0)"
4,29,"(40, 13)",9.0,4,5,4,male,Int64[],"Dict{Int64, Vector{Sugarscape.Loan}}()","Dict{Int64, Vector{Sugarscape.Loan}}()",false,0.0,Int64[],Int64[],false,false,"(self_direction = 1.1f0, stimulation = -1.96f0, hedonism = -0.82f0, achievement = -0.36f0, power = -0.94f0, security = 1.62f0, conformity = -1.08f0, tradition = 0.21f0, benevolence = 1.3f0, universalism = 0.95f0)"
4,30,"(15, 38)",23.0,4,2,3,female,Int64[],"Dict{Int64, Vector{Sugarscape.Loan}}()","Dict{Int64, Vector{Sugarscape.Loan}}()",false,0.0,Int64[],Int64[],false,false,"(self_direction = -0.23f0, stimulation = -0.73f0, hedonism = 0.9f0, achievement = -0.9f0, power = -1.87f0, security = -0.11f0, conformity = 0.53f0, tradition = 0.72f0, benevolence = 0.78f0, universalism = 0.91f0)"
4,31,"(16, 39)",28.0,4,5,2,female,Int64[],"Dict{Int64, Vector{Sugarscape.Loan}}()","Dict{Int64, Vector{Sugarscape.Loan}}()",false,0.0,Int64[],Int64[],false,false,"(self_direction = 0.67f0, stimulation = 1.11f0, hedonism = -0.17f0, achievement = -2.9f0, power = -1.09f0, security = 0.3f0, conformity = 0.29f0, tradition = -0.94f0, benevolence = 1.54f0, universalism = 1.19f0)"
4,32,"(25, 39)",7.0,4,2,4,female,Int64[],"Dict{Int64, Vector{Sugarscape.Loan}}()","Dict{Int64, Vector{Sugarscape.Loan}}()",false,0.0,Int64[],Int64[],false,false,"(self_direction = -0.13f0, stimulation = -0.82f0, hedonism = -0.79f0, achievement = -0.24f0, power = -2.3f0, security = 0.25f0, conformity = 1.1f0, tradition = 2.16f0, benevolence = -0.19f0, universalism = 0.95f0)"
4,34,"(7, 33)",16.0,4,1,4,male,Int64[],"Dict{Int64, Vector{Sugarscape.Loan}}()","Dict{Int64, Vector{Sugarscape.Loan}}()",false,0.0,Int64[],Int64[],false,false,"(self_direction = -0.6f0, stimulation = -0.66f0, hedonism = -0.61f0, achievement = -1.97f0, power = -1.06f0, security = 1.54f0, conformity = -0.36f0, tradition = 0.68f0, benevolence = 1.95f0, universalism = 1.11f0)"
4,35,"(31, 50)",5.0,4,4,2,male,Int64[],"Dict{Int64, Vector{Sugarscape.Loan}}()","Dict{Int64, Vector{Sugarscape.Loan}}()",false,0.0,Int64[],Int64[],false,false,"(self_direction = 0.01f0, stimulation = -2.72f0, hedonism = 0.42f0, achievement = -0.88f0, power = -0.87f0, security = 1.29f0, conformity = 1.39f0, tradition = 0.9f0, benevolence = 0.2f0, universalism = 0.26f0)"
4,36,"(43, 42)",2.0,4,1,1,female,Int64[],"Dict{Int64, Vector{Sugarscape.Loan}}()","Dict{Int64, Vector{Sugarscape.Loan}}()",false,0.0,Int64[],Int64[],false,false,"(self_direction = -0.29f0, stimulation = -1.14f0, hedonism = -0.81f0, achievement = 0.21f0, power = -2.05f0, security = 1.53f0, conformity = -0.44f0, tradition = 2.0f0, benevolence = 0.59f0, universalism = 0.42f0)"
4,37,"(34, 9)",8.0,4,6,3,female,Int64[],"Dict{Int64, Vector{Sugarscape.Loan}}()","Dict{Int64, Vector{Sugarscape.Loan}}()",false,0.0,Int64[],Int64[],false,false,"(self_direction = 1.3f0, stimulation = 1.39f0, hedonism = 0.2f0, achievement = 0.21f0, power = -0.75f0, security = -0.5f0, conformity = -1.68f0, tradition = -0.6f0, benevolence = -0.39f0, universalism = 0.82f0)"
4,38,"(38, 14)",23.0,4,2,1,female,Int64[],"Dict{Int64, Vector{Sugarscape.Loan}}()","Dict{Int64, Vector{Sugarscape.Loan}}()",false,0.0,Int64[],Int64[],false,false,"(self_direction = -0.57f0, stimulation = -1.03f0, hedonism = -1.62f0, achievement = 0.46f0, power = 0.07f0, security = 0.58f0, conformity = -0.68f0, tradition = 1.71f0, benevolence = 0.11f0, universalism = 0.98f0)"
4,39,"(9, 24)",11.0,4,1,1,female,Int64[],"Dict{Int64, Vector{Sugarscape.Loan}}()","Dict{Int64, Vector{Sugarscape.Loan}}()",false,0.0,Int64[],Int64[],false,false,"(self_direction = 0.46f0, stimulation = -2.05f0, hedonism = -0.99f0, achievement = -0.53f0, power = -2.42f0, security = 2.15f0, conformity = 0.76f0, tradition = 0.69f0, benevolence = 0.74f0, universalism = 1.18f0)"
4,40,"(21, 36)",17.0,4,5,4,female,Int64[],"Dict{Int64, Vector{Sugarscape.Loan}}()","Dict{Int64, Vector{Sugarscape.Loan}}()",false,0.0,Int64[],Int64[],false,false,"(self_direction = -1.16f0, stimulation = 0.08f0, hedonism = 0.41f0, achievement = -0.39f0, power = 0.07f0, security = 1.2f0, conformity = 0.96f0, tradition = -0.25f0, benevolence = -0.55f0, universalism = -0.38f0)"
4,42,"(25, 11)",20.0,4,2,1,male,Int64[],"Dict{Int64, Vector{Sugarscape.Loan}}()","Dict{Int64, Vector{Sugarscape.Loan}}()",false,0.0,Int64[],Int64[],false,false,"(self_direction = -0.71f0, stimulation = 0.31f0, hedonism = 1.56f0, achievement = -2.19f0, power = -0.91f0, security = 0.14f0, conformity = 0.05f0, tradition = 0.91f0, benevolence = 0.69f0, universalism = 0.16f0)"
4,43,"(45, 7)",2.0,4,3,4,male,Int64[],"Dict{Int64, Vector{Sugarscape.Loan}}()","Dict{Int64, Vector{Sugarscape.Loan}}()",false,0.0,Int64[],Int64[],false,false,"(self_direction = 1.02f0, stimulation = 0.51f0, hedonism = -0.25f0, achievement = 0.36f0, power = -0.76f0, security = 0.3f0, conformity = -1.34f0, tradition = -0.14f0, benevolence = 0.43f0, universalism = -0.15f0)"
4,44,"(10, 1)",6.0,4,2,3,female,Int64[],"Dict{Int64, Vector{Sugarscape.Loan}}()","Dict{Int64, Vector{Sugarscape.Loan}}()",false,0.0,Int64[],Int64[],false,false,"(self_direction = 1.11f0, stimulation = 0.58f0, hedonism = 0.65f0, achievement = 0.3f0, power = 0.3f0, security = -1.67f0, conformity = -1.02f0, tradition = -1.59f0, benevolence = 0.36f0, universalism = 0.98f0)"
4,45,"(44, 32)",2.0,4,6,3,male,Int64[],"Dict{Int64, Vector{Sugarscape.Loan}}()","Dict{Int64, Vector{Sugarscape.Loan}}()",false,0.0,Int64[],Int64[],false,false,"(self_direction = -0.79f0, stimulation = -0.78f0, hedonism = 0.46f0, achievement = 0.48f0, power = -1.47f0, security = 1.5f0, conformity = -0.25f0, tradition = 0.08f0, benevolence = 0.5f0, universalism = 0.27f0)"
4,46,"(17, 38)",26.0,4,6,2,male,Int64[],"Dict{Int64, Vector{Sugarscape.Loan}}()","Dict{Int64, Vector{Sugarscape.Loan}}()",false,0.0,Int64[],Int64[],false,false,"(self_direction = 0.62f0, stimulation = -0.91f0, hedonism = -0.0f0, achievement = -0.99f0, power = -0.96f0, security = 1.2f0, conformity = -0.0f0, tradition = -0.29f0, benevolence = 0.64f0, universalism = 0.69f0)"
4,48,"(44, 33)",2.0,4,5,4,female,Int64[],"Dict{Int64, Vector{Sugarscape.Loan}}()","Dict{Int64, Vector{Sugarscape.Loan}}()",false,0.0,Int64[],Int64[],false,false,"(self_direction = 0.78f0, stimulation = -2.09f0, hedonism = -1.14f0, achievement = -1.85f0, power = -1.6f0, security = 2.45f0, conformity = 0.56f0, tradition = 0.29f0, benevolence = 1.25f0, universalism = 1.35f0)"
4,49,"(6, 24)",9.0,4,1,1,female,Int64[],"Dict{Int64, Vector{Sugarscape.Loan}}()","Dict{Int64, Vector{Sugarscape.Loan}}()",false,0.0,Int64[],Int64[],false,false,"(self_direction = 1.78f0, stimulation = 0.62f0, hedonism = 0.29f0, achievement = -2.24f0, power = -2.56f0, security = -0.06f0, conformity = -1.03f0, tradition = 0.17f0, benevolence = 1.64f0, universalism = 1.37f0)"
4,50,"(14, 26)",19.0,4,5,2,female,Int64[],"Dict{Int64, Vector{Sugarscape.Loan}}()","Dict{Int64, Vector{Sugarscape.Loan}}()",false,0.0,Int64[],Int64[],false,false,"(self_direction = -0.43f0, stimulation = -0.39f0, hedonism = 0.91f0, achievement = 0.84f0, power = -0.19f0, security = 1.19f0, conformity = -0.38f0, tradition = -1.27f0, benevolence = -0.25f0, universalism = -0.04f0)"
4,51,"(41, 6)",5.0,2,6,4,male,Int64[],"Dict{Int64, Vector{Sugarscape.Loan}}()","Dict{Int64, Vector{Sugarscape.Loan}}()",false,0.0,Int64[],Int64[],false,false,"(self_direction = -0.03f0, stimulation = -1.07f0, hedonism = 0.01f0, achievement = -0.26f0, power = -1.14f0, security = 0.86f0, conformity = -1.16f0, tradition = 0.23f0, benevolence = 0.92f0, universalism = 1.64f0)"
4,52,"(24, 13)",9.0,1,6,1,female,Int64[],"Dict{Int64, Vector{Sugarscape.Loan}}()","Dict{Int64, Vector{Sugarscape.Loan}}()",false,0.0,Int64[],Int64[],false,false,"(self_direction = -0.22f0, stimulation = -1.55f0, hedonism = 0.47f0, achievement = 1.17f0, power = -1.81f0, security = 2.42f0, conformity = -1.08f0, tradition = -0.85f0, benevolence = 0.76f0, universalism = 0.67f0)"
4,53,"(35, 3)",21.0,1,6,2,male,Int64[],"Dict{Int64, Vector{Sugarscape.Loan}}()","Dict{Int64, Vector{Sugarscape.Loan}}()",false,0.0,Int64[],Int64[],false,false,"(self_direction = 1.53f0, stimulation = -0.32f0, hedonism = -0.26f0, achievement = -1.23f0, power = -1.47f0, security = -1.33f0, conformity = -0.68f0, tradition = 0.73f0, benevolence = 1.97f0, universalism = 1.05f0)"
4,54,"(5, 35)",15.0,1,6,4,female,Int64[],"Dict{Int64, Vector{Sugarscape.Loan}}()","Dict{Int64, Vector{Sugarscape.Loan}}()",false,0.0,Int64[],Int64[],false,false,"(self_direction = 0.79f0, stimulation = 1.78f0, hedonism = 0.29f0, achievement = -0.69f0, power = -0.67f0, security = -0.57f0, conformity = -1.32f0, tradition = -0.74f0, benevolence = 0.56f0, universalism = 0.56f0)"
4,55,"(26, 6)",5.0,0,3,3,female,Int64[],"Dict{Int64, Vector{Sugarscape.Loan}}()","Dict{Int64, Vector{Sugarscape.Loan}}()",false,0.0,Int64[],Int64[],false,false,"(self_direction = 1.2f0, stimulation = -1.8f0, hedonism = -1.58f0, achievement = 0.58f0, power = 0.54f0, security = 0.04f0, conformity = 0.13f0, tradition = -0.58f0, benevolence = 0.99f0, universalism = 0.47f0)"
4,56,"(46, 12)",12.0,0,5,3,male,Int64[],"Dict{Int64, Vector{Sugarscape.Loan}}()","Dict{Int64, Vector{Sugarscape.Loan}}()",false,0.0,Int64[],Int64[],false,false,"(self_direction = 1.22f0, stimulation = -0.77f0, hedonism = 0.38f0, achievement = -1.87f0, power = -0.86f0, security = 0.7f0, conformity = 0.51f0, tradition = 0.79f0, benevolence = 0.54f0, universalism = -0.64f0)"
4,57,"(1, 38)",7.0,0,6,2,female,Int64[],"Dict{Int64, Vector{Sugarscape.Loan}}()","Dict{Int64, Vector{Sugarscape.Loan}}()",false,0.0,Int64[],Int64[],false,false,"(self_direction = -0.43f0, stimulation = -0.71f0, hedonism = -0.56f0, achievement = -0.31f0, power = -1.62f0, security = 0.62f0, conformity = 1.17f0, tradition = 1.51f0, benevolence = -0.7f0, universalism = 1.04f0)"
