time,#101,#102,#103,#104,#105,#106,#107,#108,#109,#110,#111,nagents
0,3.884297118205747,"Dict{String, Real}(""unique_cultures"" => 49, ""max_possible"" => 2048, ""diversity_ratio"" => 0.02392578125)",0.0,0.0,29,21,"Dict(""blue_proportion"" => 0.42, ""red_proportion"" => 0.58)","Dict(:p25 => 10.25, :p75 => 19.0, :p50 => 14.0, :p90 => 23.1, :p99 => 25.0, :p95 => 24.549999999999997)",9.797632143947327,0,0,50
1,3.912023005428145,"Dict{String, Real}(""unique_cultures"" => 50, ""max_possible"" => 2048, ""diversity_ratio"" => 0.0244140625)",0.0,0.0,28,22,"Dict(""blue_proportion"" => 0.44, ""red_proportion"" => 0.56)","Dict(:p25 => 8.25, :p75 => 19.75, :p50 => 13.0, :p90 => 23.0, :p99 => 24.509999999999998, :p95 => 23.549999999999997)",20.847962706112217,0,0,50
2,3.912023005428145,"Dict{String, Real}(""unique_cultures"" => 50, ""max_possible"" => 2048, ""diversity_ratio"" => 0.0244140625)",0.0,0.0,28,22,"Dict(""blue_proportion"" => 0.44, ""red_proportion"" => 0.56)","Dict(:p25 => 8.25, :p75 => 18.75, :p50 => 12.0, :p90 => 24.0, :p99 => 26.019999999999996, :p95 => 24.549999999999997)",8.786518726837343,0,1,50
3,3.912023005428145,"Dict{String, Real}(""unique_cultures"" => 50, ""max_possible"" => 2048, ""diversity_ratio"" => 0.0244140625)",0.0,0.0,28,22,"Dict(""blue_proportion"" => 0.44, ""red_proportion"" => 0.56)","Dict(:p25 => 7.25, :p75 => 19.0, :p50 => 11.0, :p90 => 25.0, :p99 => 28.509999999999998, :p95 => 26.549999999999997)",6.21866346662325,0,3,50
4,3.8842971182057475,"Dict{String, Real}(""unique_cultures"" => 49, ""max_possible"" => 2048, ""diversity_ratio"" => 0.02392578125)",0.0,0.0,28,22,"Dict(""blue_proportion"" => 0.44, ""red_proportion"" => 0.56)","Dict(:p25 => 7.25, :p75 => 20.0, :p50 => 12.0, :p90 => 26.1, :p99 => 31.0, :p95 => 28.549999999999997)",4.818935882261814,0,6,50
5,3.912023005428145,"Dict{String, Real}(""unique_cultures"" => 50, ""max_possible"" => 2048, ""diversity_ratio"" => 0.0244140625)",0.0,0.0,28,22,"Dict(""blue_proportion"" => 0.44, ""red_proportion"" => 0.56)","Dict(:p25 => 7.25, :p75 => 20.75, :p50 => 12.0, :p90 => 28.1, :p99 => 33.51, :p95 => 30.549999999999997)",5.134814605449115,0,10,50
6,3.912023005428145,"Dict{String, Real}(""unique_cultures"" => 50, ""max_possible"" => 2048, ""diversity_ratio"" => 0.0244140625)",0.0,0.0,26,24,"Dict(""blue_proportion"" => 0.48, ""red_proportion"" => 0.52)","Dict(:p25 => 8.0, :p75 => 22.0, :p50 => 12.5, :p90 => 31.0, :p99 => 36.019999999999996, :p95 => 32.55)",5.566200656199827,0,13,50
7,3.8565712309833495,"Dict{String, Real}(""unique_cultures"" => 48, ""max_possible"" => 2048, ""diversity_ratio"" => 0.0234375)",0.0,0.0,25,25,"Dict(""blue_proportion"" => 0.5, ""red_proportion"" => 0.5)","Dict(:p25 => 7.25, :p75 => 22.0, :p50 => 13.0, :p90 => 33.1, :p99 => 38.529999999999994, :p95 => 34.55)",5.879545261513445,0,14,50
8,3.912023005428145,"Dict{String, Real}(""unique_cultures"" => 50, ""max_possible"" => 2048, ""diversity_ratio"" => 0.0244140625)",0.0,0.0,25,25,"Dict(""blue_proportion"" => 0.5, ""red_proportion"" => 0.5)","Dict(:p25 => 7.25, :p75 => 24.0, :p50 => 15.5, :p90 => 35.1, :p99 => 41.03999999999999, :p95 => 36.55)",6.169099936980807,0,16,50
9,3.8842971182057475,"Dict{String, Real}(""unique_cultures"" => 49, ""max_possible"" => 2048, ""diversity_ratio"" => 0.02392578125)",0.0,0.0,25,25,"Dict(""blue_proportion"" => 0.5, ""red_proportion"" => 0.5)","Dict(:p25 => 7.25, :p75 => 25.75, :p50 => 17.0, :p90 => 37.0, :p99 => 43.54999999999999, :p95 => 38.55)",5.592431517237837,0,19,50
10,3.912023005428145,"Dict{String, Real}(""unique_cultures"" => 50, ""max_possible"" => 2048, ""diversity_ratio"" => 0.0244140625)",0.0,0.0,27,23,"Dict(""blue_proportion"" => 0.46, ""red_proportion"" => 0.54)","Dict(:p25 => 6.25, :p75 => 26.75, :p50 => 17.5, :p90 => 38.1, :p99 => 46.05999999999999, :p95 => 40.55)",5.943225056750708,0,19,50
11,3.8565712309833495,"Dict{String, Real}(""unique_cultures"" => 48, ""max_possible"" => 2048, ""diversity_ratio"" => 0.0234375)",0.0,0.0,26,24,"Dict(""blue_proportion"" => 0.48, ""red_proportion"" => 0.52)","Dict(:p25 => 11.0, :p75 => 29.0, :p50 => 17.0, :p90 => 39.2, :p99 => 48.569999999999986, :p95 => 42.55)",5.388950722322237,0,21,50
12,3.8288453437609515,"Dict{String, Real}(""unique_cultures"" => 47, ""max_possible"" => 2048, ""diversity_ratio"" => 0.02294921875)",0.0,0.0,25,25,"Dict(""blue_proportion"" => 0.5, ""red_proportion"" => 0.5)","Dict(:p25 => 11.0, :p75 => 31.5, :p50 => 17.5, :p90 => 41.2, :p99 => 51.079999999999984, :p95 => 45.0)",5.545196123352553,0,22,50
13,3.884297118205747,"Dict{String, Real}(""unique_cultures"" => 49, ""max_possible"" => 2048, ""diversity_ratio"" => 0.02392578125)",0.0,0.0,25,25,"Dict(""blue_proportion"" => 0.5, ""red_proportion"" => 0.5)","Dict(:p25 => 11.0, :p75 => 33.25, :p50 => 18.5, :p90 => 44.1, :p99 => 53.58999999999998, :p95 => 47.0)",5.1181883644462465,0,23,50
14,3.912023005428145,"Dict{String, Real}(""unique_cultures"" => 50, ""max_possible"" => 2048, ""diversity_ratio"" => 0.0244140625)",0.0,0.0,26,24,"Dict(""blue_proportion"" => 0.48, ""red_proportion"" => 0.52)","Dict(:p25 => 11.25, :p75 => 34.5, :p50 => 21.5, :p90 => 46.1, :p99 => 56.09999999999998, :p95 => 49.0)",5.461529601290477,0,26,50
15,3.8842971182057475,"Dict{String, Real}(""unique_cultures"" => 49, ""max_possible"" => 2048, ""diversity_ratio"" => 0.02392578125)",0.0,0.0,26,24,"Dict(""blue_proportion"" => 0.48, ""red_proportion"" => 0.52)","Dict(:p25 => 11.5, :p75 => 35.5, :p50 => 21.5, :p90 => 49.0, :p99 => 58.09999999999998, :p95 => 50.55)",5.7845264742725835,0,27,50
16,3.8565712309833495,"Dict{String, Real}(""unique_cultures"" => 48, ""max_possible"" => 2048, ""diversity_ratio"" => 0.0234375)",0.0,0.0,27,23,"Dict(""blue_proportion"" => 0.46, ""red_proportion"" => 0.54)","Dict(:p25 => 11.5, :p75 => 36.5, :p50 => 22.0, :p90 => 51.1, :p99 => 60.09999999999998, :p95 => 52.55)",5.963462138645234,0,28,50
17,3.8288453437609515,"Dict{String, Real}(""unique_cultures"" => 47, ""max_possible"" => 2048, ""diversity_ratio"" => 0.02294921875)",0.0,0.0,30,20,"Dict(""blue_proportion"" => 0.4, ""red_proportion"" => 0.6)","Dict(:p25 => 12.0, :p75 => 37.0, :p50 => 22.0, :p90 => 53.1, :p99 => 62.60999999999998, :p95 => 55.0)",5.40644126465202,0,29,50
18,3.8565712309833495,"Dict{String, Real}(""unique_cultures"" => 48, ""max_possible"" => 2048, ""diversity_ratio"" => 0.0234375)",0.0,0.0,28,22,"Dict(""blue_proportion"" => 0.44, ""red_proportion"" => 0.56)","Dict(:p25 => 11.0, :p75 => 38.5, :p50 => 22.5, :p90 => 55.0, :p99 => 64.60999999999999, :p95 => 57.55)",5.628157060692033,0,30,50
19,3.8565712309833495,"Dict{String, Real}(""unique_cultures"" => 48, ""max_possible"" => 2048, ""diversity_ratio"" => 0.0234375)",0.0,0.0,30,20,"Dict(""blue_proportion"" => 0.4, ""red_proportion"" => 0.6)","Dict(:p25 => 12.25, :p75 => 39.5, :p50 => 23.5, :p90 => 56.0, :p99 => 66.60999999999999, :p95 => 60.099999999999994)",5.308047906707597,0,32,50
20,3.8461062681080587,"Dict{String, Real}(""unique_cultures"" => 48, ""max_possible"" => 2048, ""diversity_ratio"" => 0.0234375)",0.0,0.0,30,20,"Dict(""blue_proportion"" => 0.4, ""red_proportion"" => 0.6)","Dict(:p25 => 12.25, :p75 => 40.5, :p50 => 23.0, :p90 => 58.0, :p99 => 69.11999999999998, :p95 => 62.099999999999994)",5.47418359051091,0,33,50
21,3.912023005428145,"Dict{String, Real}(""unique_cultures"" => 50, ""max_possible"" => 2048, ""diversity_ratio"" => 0.0244140625)",0.0,0.0,27,23,"Dict(""blue_proportion"" => 0.46, ""red_proportion"" => 0.54)","Dict(:p25 => 12.0, :p75 => 41.75, :p50 => 24.0, :p90 => 59.1, :p99 => 71.60999999999999, :p95 => 63.55)",5.736539387177728,0,33,50
22,3.8842971182057475,"Dict{String, Real}(""unique_cultures"" => 49, ""max_possible"" => 2048, ""diversity_ratio"" => 0.02392578125)",0.0,0.0,28,22,"Dict(""blue_proportion"" => 0.44, ""red_proportion"" => 0.56)","Dict(:p25 => 11.25, :p75 => 43.0, :p50 => 25.5, :p90 => 61.1, :p99 => 74.60999999999999, :p95 => 65.55)",5.844115968458725,0,33,50
23,3.707476831996069,"Dict{String, Real}(""unique_cultures"" => 43, ""max_possible"" => 2048, ""diversity_ratio"" => 0.02099609375)",0.0,0.0,28,22,"Dict(""blue_proportion"" => 0.44, ""red_proportion"" => 0.56)","Dict(:p25 => 11.0, :p75 => 44.0, :p50 => 27.5, :p90 => 63.1, :p99 => 77.60999999999999, :p95 => 67.55)",5.4584949702147485,0,34,50
24,3.762928606440865,"Dict{String, Real}(""unique_cultures"" => 45, ""max_possible"" => 2048, ""diversity_ratio"" => 0.02197265625)",0.0,0.0,29,21,"Dict(""blue_proportion"" => 0.42, ""red_proportion"" => 0.58)","Dict(:p25 => 11.0, :p75 => 45.0, :p50 => 29.0, :p90 => 64.2, :p99 => 80.60999999999999, :p95 => 69.55)",5.659310094561265,0,36,50
25,3.735202719218467,"Dict{String, Real}(""unique_cultures"" => 44, ""max_possible"" => 2048, ""diversity_ratio"" => 0.021484375)",0.0,0.0,29,21,"Dict(""blue_proportion"" => 0.42, ""red_proportion"" => 0.58)","Dict(:p25 => 11.25, :p75 => 46.0, :p50 => 30.5, :p90 => 67.1, :p99 => 83.60999999999999, :p95 => 71.55)",5.708968007579893,0,38,50
26,3.8288453437609515,"Dict{String, Real}(""unique_cultures"" => 47, ""max_possible"" => 2048, ""diversity_ratio"" => 0.02294921875)",0.0,0.0,31,19,"Dict(""blue_proportion"" => 0.38, ""red_proportion"" => 0.62)","Dict(:p25 => 11.25, :p75 => 47.0, :p50 => 31.5, :p90 => 70.0, :p99 => 86.60999999999999, :p95 => 73.55)",5.756887386041576,0,40,50
27,3.7456676820937584,"Dict{String, Real}(""unique_cultures"" => 44, ""max_possible"" => 2048, ""diversity_ratio"" => 0.021484375)",0.0,0.0,28,22,"Dict(""blue_proportion"" => 0.44, ""red_proportion"" => 0.56)","Dict(:p25 => 15.0, :p75 => 48.75, :p50 => 32.5, :p90 => 72.1, :p99 => 88.60999999999999, :p95 => 75.55)",5.880115084865046,0,42,50
28,3.8011194565385535,"Dict{String, Real}(""unique_cultures"" => 46, ""max_possible"" => 2048, ""diversity_ratio"" => 0.0224609375)",0.0,0.0,28,22,"Dict(""blue_proportion"" => 0.44, ""red_proportion"" => 0.56)","Dict(:p25 => 13.25, :p75 => 50.75, :p50 => 33.5, :p90 => 74.1, :p99 => 91.60999999999999, :p95 => 77.55)",5.497564770181708,0,42,50
29,3.7456676820937576,"Dict{String, Real}(""unique_cultures"" => 44, ""max_possible"" => 2048, ""diversity_ratio"" => 0.021484375)",0.0,0.0,29,21,"Dict(""blue_proportion"" => 0.42, ""red_proportion"" => 0.58)","Dict(:p25 => 14.25, :p75 => 53.0, :p50 => 35.0, :p90 => 76.2, :p99 => 93.13999999999997, :p95 => 79.55)",5.233823787589914,0,44,50
30,3.66928598189838,"Dict{String, Real}(""unique_cultures"" => 42, ""max_possible"" => 2048, ""diversity_ratio"" => 0.0205078125)",0.0,0.0,27,23,"Dict(""blue_proportion"" => 0.46, ""red_proportion"" => 0.54)","Dict(:p25 => 14.25, :p75 => 55.0, :p50 => 36.0, :p90 => 78.30000000000001, :p99 => 96.13999999999997, :p95 => 81.55)",5.404587521517266,0,45,50
31,3.596573283106478,"Dict{String, Real}(""unique_cultures"" => 40, ""max_possible"" => 2048, ""diversity_ratio"" => 0.01953125)",0.0,0.0,28,22,"Dict(""blue_proportion"" => 0.44, ""red_proportion"" => 0.56)","Dict(:p25 => 14.25, :p75 => 56.75, :p50 => 37.5, :p90 => 79.4, :p99 => 99.13999999999997, :p95 => 84.0)",5.530495140314465,0,46,50
32,3.5083421906549708,"Dict{String, Real}(""unique_cultures"" => 38, ""max_possible"" => 2048, ""diversity_ratio"" => 0.0185546875)",0.0,0.0,27,23,"Dict(""blue_proportion"" => 0.46, ""red_proportion"" => 0.54)","Dict(:p25 => 14.25, :p75 => 59.25, :p50 => 38.5, :p90 => 80.4, :p99 => 101.64999999999998, :p95 => 85.55)",5.395113925577477,0,46,50
33,3.624299170328876,"Dict{String, Real}(""unique_cultures"" => 41, ""max_possible"" => 2048, ""diversity_ratio"" => 0.02001953125)",0.0,0.0,26,24,"Dict(""blue_proportion"" => 0.48, ""red_proportion"" => 0.52)","Dict(:p25 => 16.25, :p75 => 62.0, :p50 => 39.0, :p90 => 81.60000000000002, :p99 => 104.64999999999998, :p95 => 87.55)",5.148959231172383,0,48,50
34,3.513395621439284,"Dict{String, Real}(""unique_cultures"" => 37, ""max_possible"" => 2048, ""diversity_ratio"" => 0.01806640625)",0.0,0.0,25,25,"Dict(""blue_proportion"" => 0.5, ""red_proportion"" => 0.5)","Dict(:p25 => 15.0, :p75 => 64.0, :p50 => 39.5, :p90 => 83.6, :p99 => 107.64999999999998, :p95 => 90.0)",4.904158909856559,0,48,50
35,3.4647398084663052,"Dict{String, Real}(""unique_cultures"" => 36, ""max_possible"" => 2048, ""diversity_ratio"" => 0.017578125)",0.0,0.0,22,28,"Dict(""blue_proportion"" => 0.56, ""red_proportion"" => 0.44)","Dict(:p25 => 15.0, :p75 => 66.0, :p50 => 40.5, :p90 => 82.9, :p99 => 110.64999999999998, :p95 => 92.55)",5.075495788510297,0,48,50
36,3.4370139212439073,"Dict{String, Real}(""unique_cultures"" => 35, ""max_possible"" => 2048, ""diversity_ratio"" => 0.01708984375)",0.0,0.0,22,28,"Dict(""blue_proportion"" => 0.56, ""red_proportion"" => 0.44)","Dict(:p25 => 14.0, :p75 => 67.75, :p50 => 41.5, :p90 => 84.9, :p99 => 112.17999999999996, :p95 => 94.55)",4.9434074484454245,0,48,50
37,3.6070382459817694,"Dict{String, Real}(""unique_cultures"" => 40, ""max_possible"" => 2048, ""diversity_ratio"" => 0.01953125)",0.0,0.0,23,27,"Dict(""blue_proportion"" => 0.54, ""red_proportion"" => 0.46)","Dict(:p25 => 13.5, :p75 => 69.5, :p50 => 42.5, :p90 => 86.9, :p99 => 115.17999999999996, :p95 => 97.1)",5.021456720678009,0,48,50
38,3.596573283106478,"Dict{String, Real}(""unique_cultures"" => 39, ""max_possible"" => 2048, ""diversity_ratio"" => 0.01904296875)",0.0,0.0,24,26,"Dict(""blue_proportion"" => 0.52, ""red_proportion"" => 0.48)","Dict(:p25 => 12.75, :p75 => 71.5, :p50 => 43.5, :p90 => 88.9, :p99 => 118.17999999999998, :p95 => 99.64999999999999)",5.068333270466792,0,48,50
39,3.5306565457863917,"Dict{String, Real}(""unique_cultures"" => 39, ""max_possible"" => 2048, ""diversity_ratio"" => 0.01904296875)",0.0,0.0,25,25,"Dict(""blue_proportion"" => 0.5, ""red_proportion"" => 0.5)","Dict(:p25 => 15.5, :p75 => 73.25, :p50 => 44.5, :p90 => 90.00000000000003, :p99 => 121.17999999999996, :p95 => 101.64999999999999)",5.169665963543762,0,49,50
40,3.369712754542982,"Dict{String, Real}(""unique_cultures"" => 34, ""max_possible"" => 2048, ""diversity_ratio"" => 0.0166015625)",0.0,0.0,24,26,"Dict(""blue_proportion"" => 0.52, ""red_proportion"" => 0.48)","Dict(:p25 => 14.25, :p75 => 74.25, :p50 => 45.5, :p90 => 92.0, :p99 => 124.17999999999995, :p95 => 103.64999999999999)",5.270956190849879,0,49,50
41,3.380177717418273,"Dict{String, Real}(""unique_cultures"" => 34, ""max_possible"" => 2048, ""diversity_ratio"" => 0.0166015625)",0.0,0.0,21,29,"Dict(""blue_proportion"" => 0.58, ""red_proportion"" => 0.42)","Dict(:p25 => 15.25, :p75 => 75.25, :p50 => 46.5, :p90 => 94.00000000000003, :p99 => 127.17999999999996, :p95 => 106.19999999999999)",5.671940978116444,0,50,50
42,3.437013921243908,"Dict{String, Real}(""unique_cultures"" => 36, ""max_possible"" => 2048, ""diversity_ratio"" => 0.017578125)",0.0,0.0,22,28,"Dict(""blue_proportion"" => 0.56, ""red_proportion"" => 0.44)","Dict(:p25 => 15.5, :p75 => 76.5, :p50 => 47.5, :p90 => 96.0, :p99 => 128.64999999999998, :p95 => 108.19999999999999)",5.4753909963385805,0,51,50
43,3.5479174701334983,"Dict{String, Real}(""unique_cultures"" => 38, ""max_possible"" => 2048, ""diversity_ratio"" => 0.0185546875)",0.0,0.0,23,27,"Dict(""blue_proportion"" => 0.54, ""red_proportion"" => 0.46)","Dict(:p25 => 15.25, :p75 => 76.25, :p50 => 48.0, :p90 => 98.00000000000003, :p99 => 131.64999999999998, :p95 => 110.74999999999999)",5.212037320196648,0,52,50
44,3.6310951318006923,"Dict{String, Real}(""unique_cultures"" => 41, ""max_possible"" => 2048, ""diversity_ratio"" => 0.02001953125)",0.0,0.0,26,24,"Dict(""blue_proportion"" => 0.48, ""red_proportion"" => 0.52)","Dict(:p25 => 14.25, :p75 => 77.5, :p50 => 48.5, :p90 => 100.0, :p99 => 134.64999999999998, :p95 => 113.29999999999998)",5.0350531091072135,0,53,50
45,3.5793123587593714,"Dict{String, Real}(""unique_cultures"" => 40, ""max_possible"" => 2048, ""diversity_ratio"" => 0.01953125)",0.0,0.0,25,25,"Dict(""blue_proportion"" => 0.5, ""red_proportion"" => 0.5)","Dict(:p25 => 15.0, :p75 => 78.5, :p50 => 49.0, :p90 => 102.00000000000003, :p99 => 137.64999999999998, :p95 => 115.29999999999998)",5.181659482852732,0,53,50
46,3.652025057551274,"Dict{String, Real}(""unique_cultures"" => 42, ""max_possible"" => 2048, ""diversity_ratio"" => 0.0205078125)",0.0,0.0,24,26,"Dict(""blue_proportion"" => 0.52, ""red_proportion"" => 0.48)","Dict(:p25 => 15.25, :p75 => 79.75, :p50 => 50.0, :p90 => 104.0, :p99 => 140.64999999999998, :p95 => 117.84999999999998)",4.988280726018589,0,53,50
47,3.541121508661683,"Dict{String, Real}(""unique_cultures"" => 38, ""max_possible"" => 2048, ""diversity_ratio"" => 0.0185546875)",0.0,0.0,29,21,"Dict(""blue_proportion"" => 0.42, ""red_proportion"" => 0.58)","Dict(:p25 => 15.25, :p75 => 81.0, :p50 => 51.0, :p90 => 106.00000000000003, :p99 => 143.64999999999998, :p95 => 120.39999999999998)",5.078158582265388,0,55,50
48,3.4961346970921783,"Dict{String, Real}(""unique_cultures"" => 37, ""max_possible"" => 2048, ""diversity_ratio"" => 0.01806640625)",0.0,0.0,27,23,"Dict(""blue_proportion"" => 0.46, ""red_proportion"" => 0.54)","Dict(:p25 => 15.25, :p75 => 82.75, :p50 => 52.0, :p90 => 108.0, :p99 => 145.64999999999998, :p95 => 122.94999999999997)",5.152460847558917,0,55,50
49,3.513395621439284,"Dict{String, Real}(""unique_cultures"" => 37, ""max_possible"" => 2048, ""diversity_ratio"" => 0.01806640625)",0.0,0.0,25,25,"Dict(""blue_proportion"" => 0.5, ""red_proportion"" => 0.5)","Dict(:p25 => 18.25, :p75 => 84.5, :p50 => 53.0, :p90 => 110.00000000000003, :p99 => 148.15999999999997, :p95 => 124.94999999999997)",5.2291424558029185,0,56,50
50,3.485669734216887,"Dict{String, Real}(""unique_cultures"" => 37, ""max_possible"" => 2048, ""diversity_ratio"" => 0.01806640625)",0.0,0.0,26,24,"Dict(""blue_proportion"" => 0.48, ""red_proportion"" => 0.52)","Dict(:p25 => 22.0, :p75 => 86.5, :p50 => 54.0, :p90 => 112.0, :p99 => 151.15999999999997, :p95 => 127.49999999999997)",5.043523599766821,0,57,50
51,3.5306565457863925,"Dict{String, Real}(""unique_cultures"" => 38, ""max_possible"" => 2048, ""diversity_ratio"" => 0.0185546875)",0.0,0.0,24,26,"Dict(""blue_proportion"" => 0.52, ""red_proportion"" => 0.48)","Dict(:p25 => 19.75, :p75 => 88.5, :p50 => 55.0, :p90 => 114.00000000000003, :p99 => 152.68999999999994, :p95 => 130.04999999999995)",4.902550895775677,0,57,50
52,3.5029306585639937,"Dict{String, Real}(""unique_cultures"" => 37, ""max_possible"" => 2048, ""diversity_ratio"" => 0.01806640625)",0.0,0.0,24,26,"Dict(""blue_proportion"" => 0.52, ""red_proportion"" => 0.48)","Dict(:p25 => 20.5, :p75 => 90.5, :p50 => 56.0, :p90 => 116.0, :p99 => 155.17999999999995, :p95 => 132.59999999999997)",4.977397835368973,0,57,50
53,3.541121508661682,"Dict{String, Real}(""unique_cultures"" => 38, ""max_possible"" => 2048, ""diversity_ratio"" => 0.0185546875)",0.0,0.0,22,28,"Dict(""blue_proportion"" => 0.56, ""red_proportion"" => 0.44)","Dict(:p25 => 21.25, :p75 => 92.75, :p50 => 57.0, :p90 => 118.00000000000003, :p99 => 157.66999999999996, :p95 => 135.14999999999998)",4.813153889142943,0,57,50
54,3.5306565457863917,"Dict{String, Real}(""unique_cultures"" => 38, ""max_possible"" => 2048, ""diversity_ratio"" => 0.0185546875)",0.0,0.0,20,30,"Dict(""blue_proportion"" => 0.6, ""red_proportion"" => 0.4)","Dict(:p25 => 22.25, :p75 => 95.5, :p50 => 58.0, :p90 => 120.0, :p99 => 159.66999999999996, :p95 => 137.14999999999998)",4.938593542436113,0,57,50
55,3.4647398084663052,"Dict{String, Real}(""unique_cultures"" => 36, ""max_possible"" => 2048, ""diversity_ratio"" => 0.017578125)",0.0,0.0,20,30,"Dict(""blue_proportion"" => 0.6, ""red_proportion"" => 0.4)","Dict(:p25 => 22.5, :p75 => 96.75, :p50 => 59.0, :p90 => 122.00000000000003, :p99 => 162.66999999999996, :p95 => 139.69999999999996)",4.972593631786208,0,58,50
56,3.4129570354249843,"Dict{String, Real}(""unique_cultures"" => 34, ""max_possible"" => 2048, ""diversity_ratio"" => 0.0166015625)",0.0,0.0,21,29,"Dict(""blue_proportion"" => 0.58, ""red_proportion"" => 0.42)","Dict(:p25 => 22.5, :p75 => 99.0, :p50 => 60.0, :p90 => 124.0, :p99 => 165.17999999999995, :p95 => 140.59999999999997)",5.052338905908592,0,58,50
57,3.3697127545429817,"Dict{String, Real}(""unique_cultures"" => 34, ""max_possible"" => 2048, ""diversity_ratio"" => 0.0166015625)",0.0,0.0,21,29,"Dict(""blue_proportion"" => 0.58, ""red_proportion"" => 0.42)","Dict(:p25 => 23.25, :p75 => 101.0, :p50 => 60.5, :p90 => 126.00000000000003, :p99 => 167.66999999999996, :p95 => 143.14999999999998)",4.892657019436834,0,58,50
58,3.353836259576714,"Dict{String, Real}(""unique_cultures"" => 33, ""max_possible"" => 2048, ""diversity_ratio"" => 0.01611328125)",0.0,0.0,24,26,"Dict(""blue_proportion"" => 0.52, ""red_proportion"" => 0.48)","Dict(:p25 => 23.25, :p75 => 103.75, :p50 => 61.5, :p90 => 128.0, :p99 => 169.66999999999996, :p95 => 145.69999999999996)",4.780596663379112,0,59,50
59,3.430217959772091,"Dict{String, Real}(""unique_cultures"" => 35, ""max_possible"" => 2048, ""diversity_ratio"" => 0.01708984375)",0.0,0.0,22,28,"Dict(""blue_proportion"" => 0.56, ""red_proportion"" => 0.44)","Dict(:p25 => 23.5, :p75 => 105.0, :p50 => 62.5, :p90 => 130.00000000000003, :p99 => 171.66999999999996, :p95 => 147.69999999999996)",4.7082542241839604,0,59,50
60,3.4183685675159614,"Dict{String, Real}(""unique_cultures"" => 35, ""max_possible"" => 2048, ""diversity_ratio"" => 0.01708984375)",0.0,0.0,18,32,"Dict(""blue_proportion"" => 0.64, ""red_proportion"" => 0.36)","Dict(:p25 => 19.0, :p75 => 95.5, :p50 => 42.0, :p90 => 124.2, :p99 => 174.66999999999996, :p95 => 145.29999999999993)",5.218907846110075,4,60,50
61,3.3142609800981866,"Dict{String, Real}(""unique_cultures"" => 32, ""max_possible"" => 2048, ""diversity_ratio"" => 0.015625)",0.0,0.0,21,29,"Dict(""blue_proportion"" => 0.58, ""red_proportion"" => 0.42)","Dict(:p25 => 19.75, :p75 => 97.5, :p50 => 43.0, :p90 => 126.2, :p99 => 177.66999999999996, :p95 => 147.8499999999999)",5.22679634996905,5,60,50
62,3.3037960172228953,"Dict{String, Real}(""unique_cultures"" => 32, ""max_possible"" => 2048, ""diversity_ratio"" => 0.015625)",0.0,0.0,23,27,"Dict(""blue_proportion"" => 0.54, ""red_proportion"" => 0.46)","Dict(:p25 => 20.25, :p75 => 97.5, :p50 => 41.5, :p90 => 128.2, :p99 => 180.66999999999996, :p95 => 150.8499999999999)",4.954001188137334,6,61,50
63,3.4738203419607565,"Dict{String, Real}(""unique_cultures"" => 37, ""max_possible"" => 2048, ""diversity_ratio"" => 0.01806640625)",0.0,0.0,22,28,"Dict(""blue_proportion"" => 0.56, ""red_proportion"" => 0.44)","Dict(:p25 => 19.25, :p75 => 99.25, :p50 => 42.5, :p90 => 129.4, :p99 => 183.66999999999996, :p95 => 152.8499999999999)",4.8276746666187975,6,61,50
64,3.435629491863068,"Dict{String, Real}(""unique_cultures"" => 36, ""max_possible"" => 2048, ""diversity_ratio"" => 0.017578125)",0.0,0.0,23,27,"Dict(""blue_proportion"" => 0.54, ""red_proportion"" => 0.46)","Dict(:p25 => 20.0, :p75 => 101.0, :p50 => 44.0, :p90 => 131.5, :p99 => 186.66999999999996, :p95 => 155.29999999999993)",4.88167351290704,6,63,50
65,3.485669734216887,"Dict{String, Real}(""unique_cultures"" => 37, ""max_possible"" => 2048, ""diversity_ratio"" => 0.01806640625)",0.0,0.0,22,28,"Dict(""blue_proportion"" => 0.56, ""red_proportion"" => 0.44)","Dict(:p25 => 19.5, :p75 => 103.0, :p50 => 45.0, :p90 => 133.60000000000002, :p99 => 189.66999999999996, :p95 => 157.8499999999999)",4.896439793308242,6,63,50
66,3.5029306585639937,"Dict{String, Real}(""unique_cultures"" => 37, ""max_possible"" => 2048, ""diversity_ratio"" => 0.01806640625)",0.0,0.0,25,25,"Dict(""blue_proportion"" => 0.5, ""red_proportion"" => 0.5)","Dict(:p25 => 19.0, :p75 => 104.25, :p50 => 45.5, :p90 => 135.6, :p99 => 192.66999999999996, :p95 => 160.8499999999999)",4.871309944517427,6,64,50
67,3.380177717418273,"Dict{String, Real}(""unique_cultures"" => 34, ""max_possible"" => 2048, ""diversity_ratio"" => 0.0166015625)",0.0,0.0,23,27,"Dict(""blue_proportion"" => 0.54, ""red_proportion"" => 0.46)","Dict(:p25 => 18.25, :p75 => 104.75, :p50 => 44.5, :p90 => 137.60000000000002, :p99 => 195.66999999999996, :p95 => 162.8499999999999)",4.9563151813806225,7,65,50
68,3.377893145395637,"Dict{String, Real}(""unique_cultures"" => 33, ""max_possible"" => 2048, ""diversity_ratio"" => 0.01611328125)",0.0,0.0,21,29,"Dict(""blue_proportion"" => 0.58, ""red_proportion"" => 0.42)","Dict(:p25 => 16.0, :p75 => 98.75, :p50 => 44.0, :p90 => 129.8, :p99 => 197.66999999999996, :p95 => 164.8499999999999)",5.153609545805088,8,65,50
69,3.4356294918630685,"Dict{String, Real}(""unique_cultures"" => 36, ""max_possible"" => 2048, ""diversity_ratio"" => 0.017578125)",0.0,0.0,20,30,"Dict(""blue_proportion"" => 0.6, ""red_proportion"" => 0.4)","Dict(:p25 => 15.0, :p75 => 81.5, :p50 => 37.0, :p90 => 129.10000000000002, :p99 => 200.17999999999995, :p95 => 167.39999999999992)",3.8678234659080504,11,66,50
70,3.4424254533348844,"Dict{String, Real}(""unique_cultures"" => 36, ""max_possible"" => 2048, ""diversity_ratio"" => 0.017578125)",0.0,0.0,19,31,"Dict(""blue_proportion"" => 0.62, ""red_proportion"" => 0.38)","Dict(:p25 => 16.0, :p75 => 82.5, :p50 => 38.0, :p90 => 132.0, :p99 => 203.17999999999995, :p95 => 169.94999999999993)",3.877928300998444,11,67,50
71,3.398823071146219,"Dict{String, Real}(""unique_cultures"" => 34, ""max_possible"" => 2048, ""diversity_ratio"" => 0.0166015625)",0.0,0.0,19,31,"Dict(""blue_proportion"" => 0.62, ""red_proportion"" => 0.38)","Dict(:p25 => 16.25, :p75 => 83.5, :p50 => 39.0, :p90 => 134.0, :p99 => 206.17999999999998, :p95 => 172.39999999999992)",3.9108473585410413,11,67,50
72,3.3815621467991113,"Dict{String, Real}(""unique_cultures"" => 33, ""max_possible"" => 2048, ""diversity_ratio"" => 0.01611328125)",0.0,0.0,19,31,"Dict(""blue_proportion"" => 0.62, ""red_proportion"" => 0.38)","Dict(:p25 => 17.0, :p75 => 84.5, :p50 => 39.0, :p90 => 136.0, :p99 => 209.17999999999995, :p95 => 174.8499999999999)",3.9422130854458763,11,68,50
73,3.339702295297948,"Dict{String, Real}(""unique_cultures"" => 32, ""max_possible"" => 2048, ""diversity_ratio"" => 0.015625)",0.0,0.0,20,30,"Dict(""blue_proportion"" => 0.6, ""red_proportion"" => 0.4)","Dict(:p25 => 19.5, :p75 => 85.5, :p50 => 40.5, :p90 => 138.0, :p99 => 212.17999999999995, :p95 => 177.29999999999993)",3.7454088205998857,11,71,50
74,3.50972662003581,"Dict{String, Real}(""unique_cultures"" => 37, ""max_possible"" => 2048, ""diversity_ratio"" => 0.01806640625)",0.0,0.0,19,31,"Dict(""blue_proportion"" => 0.62, ""red_proportion"" => 0.38)","Dict(:p25 => 15.25, :p75 => 83.5, :p50 => 35.5, :p90 => 140.1, :p99 => 214.68999999999997, :p95 => 179.29999999999993)",3.782842199198337,13,71,50
75,3.5479174701334992,"Dict{String, Real}(""unique_cultures"" => 38, ""max_possible"" => 2048, ""diversity_ratio"" => 0.0185546875)",0.0,0.0,22,28,"Dict(""blue_proportion"" => 0.56, ""red_proportion"" => 0.44)","Dict(:p25 => 16.25, :p75 => 84.5, :p50 => 36.0, :p90 => 142.2, :p99 => 217.68999999999997, :p95 => 181.74999999999994)",3.8032594152301984,13,72,50
76,3.541121508661682,"Dict{String, Real}(""unique_cultures"" => 38, ""max_possible"" => 2048, ""diversity_ratio"" => 0.0185546875)",0.0,0.0,26,24,"Dict(""blue_proportion"" => 0.48, ""red_proportion"" => 0.52)","Dict(:p25 => 16.0, :p75 => 81.75, :p50 => 35.5, :p90 => 144.2, :p99 => 220.68999999999994, :p95 => 184.19999999999993)",3.832734103283036,14,73,50
77,3.4924656956887032,"Dict{String, Real}(""unique_cultures"" => 36, ""max_possible"" => 2048, ""diversity_ratio"" => 0.017578125)",0.0,0.0,25,25,"Dict(""blue_proportion"" => 0.5, ""red_proportion"" => 0.5)","Dict(:p25 => 15.5, :p75 => 83.5, :p50 => 36.5, :p90 => 147.2, :p99 => 223.68999999999994, :p95 => 186.64999999999992)",3.8525349129864193,14,74,50
78,3.6624900204265645,"Dict{String, Real}(""unique_cultures"" => 41, ""max_possible"" => 2048, ""diversity_ratio"" => 0.02001953125)",0.0,0.0,23,27,"Dict(""blue_proportion"" => 0.54, ""red_proportion"" => 0.46)","Dict(:p25 => 17.25, :p75 => 85.25, :p50 => 37.0, :p90 => 150.2, :p99 => 226.17999999999998, :p95 => 188.64999999999992)",3.899052826162247,14,75,50
79,3.6138342074535847,"Dict{String, Real}(""unique_cultures"" => 40, ""max_possible"" => 2048, ""diversity_ratio"" => 0.01953125)",0.0,0.0,21,29,"Dict(""blue_proportion"" => 0.58, ""red_proportion"" => 0.42)","Dict(:p25 => 18.25, :p75 => 83.25, :p50 => 37.0, :p90 => 152.3, :p99 => 228.68999999999994, :p95 => 190.64999999999992)",1.9441861873950022,15,76,50
80,3.6970118691207787,"Dict{String, Real}(""unique_cultures"" => 43, ""max_possible"" => 2048, ""diversity_ratio"" => 0.02099609375)",0.0,0.0,19,31,"Dict(""blue_proportion"" => 0.62, ""red_proportion"" => 0.38)","Dict(:p25 => 19.0, :p75 => 84.25, :p50 => 38.0, :p90 => 154.3, :p99 => 231.68999999999994, :p95 => 192.64999999999992)",1.9710701429579176,15,76,50
81,3.70747683199607,"Dict{String, Real}(""unique_cultures"" => 43, ""max_possible"" => 2048, ""diversity_ratio"" => 0.02099609375)",0.0,0.0,18,32,"Dict(""blue_proportion"" => 0.64, ""red_proportion"" => 0.36)","Dict(:p25 => 19.25, :p75 => 85.25, :p50 => 38.5, :p90 => 154.50000000000003, :p99 => 233.21999999999997, :p95 => 195.19999999999993)",2.0063951582291173,15,76,50
82,3.679750944773671,"Dict{String, Real}(""unique_cultures"" => 42, ""max_possible"" => 2048, ""diversity_ratio"" => 0.0205078125)",0.0,0.0,18,32,"Dict(""blue_proportion"" => 0.64, ""red_proportion"" => 0.36)","Dict(:p25 => 20.0, :p75 => 86.25, :p50 => 40.0, :p90 => 157.5, :p99 => 236.21999999999997, :p95 => 198.19999999999993)",2.026760847468807,15,76,50
83,3.7247377563431763,"Dict{String, Real}(""unique_cultures"" => 44, ""max_possible"" => 2048, ""diversity_ratio"" => 0.021484375)",0.0,0.0,21,29,"Dict(""blue_proportion"" => 0.58, ""red_proportion"" => 0.42)","Dict(:p25 => 20.0, :p75 => 84.5, :p50 => 40.5, :p90 => 160.4, :p99 => 238.21999999999994, :p95 => 199.54999999999995)",1.904092796950859,16,76,50
84,3.624299170328876,"Dict{String, Real}(""unique_cultures"" => 41, ""max_possible"" => 2048, ""diversity_ratio"" => 0.02001953125)",0.0,0.0,23,27,"Dict(""blue_proportion"" => 0.54, ""red_proportion"" => 0.46)","Dict(:p25 => 20.0, :p75 => 83.75, :p50 => 39.5, :p90 => 162.40000000000003, :p99 => 241.21999999999997, :p95 => 202.54999999999995)",1.9355391261848505,17,78,50
85,3.707476831996069,"Dict{String, Real}(""unique_cultures"" => 43, ""max_possible"" => 2048, ""diversity_ratio"" => 0.02099609375)",0.0,0.0,25,25,"Dict(""blue_proportion"" => 0.5, ""red_proportion"" => 0.5)","Dict(:p25 => 18.0, :p75 => 85.75, :p50 => 35.0, :p90 => 164.4, :p99 => 244.21999999999997, :p95 => 204.99999999999994)",1.963199051456021,19,78,50
86,3.7456676820937584,"Dict{String, Real}(""unique_cultures"" => 44, ""max_possible"" => 2048, ""diversity_ratio"" => 0.021484375)",0.0,0.0,25,25,"Dict(""blue_proportion"" => 0.5, ""red_proportion"" => 0.5)","Dict(:p25 => 18.0, :p75 => 87.0, :p50 => 36.0, :p90 => 166.5, :p99 => 247.21999999999994, :p95 => 207.44999999999993)",1.9875427231786726,19,79,50
87,3.8288453437609515,"Dict{String, Real}(""unique_cultures"" => 47, ""max_possible"" => 2048, ""diversity_ratio"" => 0.02294921875)",0.0,0.0,22,28,"Dict(""blue_proportion"" => 0.56, ""red_proportion"" => 0.44)","Dict(:p25 => 18.25, :p75 => 88.5, :p50 => 37.0, :p90 => 169.5, :p99 => 249.72999999999996, :p95 => 209.89999999999995)",1.9793655571366993,19,80,50
88,3.7456676820937576,"Dict{String, Real}(""unique_cultures"" => 44, ""max_possible"" => 2048, ""diversity_ratio"" => 0.021484375)",0.0,0.0,22,28,"Dict(""blue_proportion"" => 0.56, ""red_proportion"" => 0.44)","Dict(:p25 => 15.0, :p75 => 89.0, :p50 => 34.0, :p90 => 172.5, :p99 => 252.23999999999995, :p95 => 212.44999999999993)",1.9961078653822655,22,81,50
89,3.7179417948713605,"Dict{String, Real}(""unique_cultures"" => 44, ""max_possible"" => 2048, ""diversity_ratio"" => 0.021484375)",0.0,0.0,23,27,"Dict(""blue_proportion"" => 0.54, ""red_proportion"" => 0.46)","Dict(:p25 => 13.0, :p75 => 84.0, :p50 => 32.5, :p90 => 147.90000000000003, :p99 => 233.19999999999996, :p95 => 192.74999999999994)",2.177579635167642,23,81,50
90,3.707476831996069,"Dict{String, Real}(""unique_cultures"" => 43, ""max_possible"" => 2048, ""diversity_ratio"" => 0.02099609375)",0.0,0.0,22,28,"Dict(""blue_proportion"" => 0.56, ""red_proportion"" => 0.44)","Dict(:p25 => 14.25, :p75 => 86.5, :p50 => 34.5, :p90 => 149.90000000000003, :p99 => 236.19999999999996, :p95 => 195.19999999999993)",2.1683581643863206,23,82,50
91,3.7733935693161555,"Dict{String, Real}(""unique_cultures"" => 45, ""max_possible"" => 2048, ""diversity_ratio"" => 0.02197265625)",0.0,0.0,22,28,"Dict(""blue_proportion"" => 0.56, ""red_proportion"" => 0.44)","Dict(:p25 => 14.25, :p75 => 88.5, :p50 => 31.5, :p90 => 152.00000000000006, :p99 => 238.70999999999995, :p95 => 197.64999999999992)",2.2169432587684725,25,82,50
92,3.8288453437609515,"Dict{String, Real}(""unique_cultures"" => 47, ""max_possible"" => 2048, ""diversity_ratio"" => 0.02294921875)",0.0,0.0,24,26,"Dict(""blue_proportion"" => 0.52, ""red_proportion"" => 0.48)","Dict(:p25 => 15.25, :p75 => 62.25, :p50 => 28.0, :p90 => 118.60000000000005, :p99 => 231.9099999999999, :p95 => 185.29999999999998)",2.8395326955686246,27,83,50
93,3.8288453437609515,"Dict{String, Real}(""unique_cultures"" => 47, ""max_possible"" => 2048, ""diversity_ratio"" => 0.02294921875)",0.0,0.0,23,27,"Dict(""blue_proportion"" => 0.54, ""red_proportion"" => 0.46)","Dict(:p25 => 14.25, :p75 => 62.0, :p50 => 27.5, :p90 => 106.10000000000002, :p99 => 202.23999999999995, :p95 => 170.0499999999999)",3.7825938573835236,29,85,50
94,3.8011194565385535,"Dict{String, Real}(""unique_cultures"" => 46, ""max_possible"" => 2048, ""diversity_ratio"" => 0.0224609375)",0.0,0.0,23,27,"Dict(""blue_proportion"" => 0.54, ""red_proportion"" => 0.46)","Dict(:p25 => 13.25, :p75 => 64.0, :p50 => 29.0, :p90 => 107.20000000000002, :p99 => 204.72999999999996, :p95 => 172.5999999999999)",3.838145482825299,29,86,50
95,3.8565712309833495,"Dict{String, Real}(""unique_cultures"" => 48, ""max_possible"" => 2048, ""diversity_ratio"" => 0.0234375)",0.0,0.0,24,26,"Dict(""blue_proportion"" => 0.52, ""red_proportion"" => 0.48)","Dict(:p25 => 12.0, :p75 => 64.0, :p50 => 28.0, :p90 => 108.1, :p99 => 203.78999999999996, :p95 => 139.3499999999999)",1.7913211888976828,31,86,50
96,3.8565712309833495,"Dict{String, Real}(""unique_cultures"" => 48, ""max_possible"" => 2048, ""diversity_ratio"" => 0.0234375)",0.0,0.0,23,27,"Dict(""blue_proportion"" => 0.54, ""red_proportion"" => 0.46)","Dict(:p25 => 13.25, :p75 => 59.0, :p50 => 28.0, :p90 => 108.30000000000001, :p99 => 189.6199999999999, :p95 => 116.39999999999998)",2.1682193388706397,32,90,50
97,3.8288453437609515,"Dict{String, Real}(""unique_cultures"" => 47, ""max_possible"" => 2048, ""diversity_ratio"" => 0.02294921875)",0.0,0.0,23,27,"Dict(""blue_proportion"" => 0.54, ""red_proportion"" => 0.46)","Dict(:p25 => 14.25, :p75 => 61.25, :p50 => 31.0, :p90 => 110.4, :p99 => 192.12999999999988, :p95 => 118.84999999999998)",2.2068299237485154,32,91,50
98,3.8288453437609515,"Dict{String, Real}(""unique_cultures"" => 47, ""max_possible"" => 2048, ""diversity_ratio"" => 0.02294921875)",0.0,0.0,26,24,"Dict(""blue_proportion"" => 0.48, ""red_proportion"" => 0.52)","Dict(:p25 => 14.25, :p75 => 63.75, :p50 => 31.0, :p90 => 112.5, :p99 => 194.63999999999987, :p95 => 121.29999999999998)",2.2451785579635013,33,91,50
99,3.8288453437609515,"Dict{String, Real}(""unique_cultures"" => 47, ""max_possible"" => 2048, ""diversity_ratio"" => 0.02294921875)",0.0,0.0,26,24,"Dict(""blue_proportion"" => 0.48, ""red_proportion"" => 0.52)","Dict(:p25 => 16.0, :p75 => 66.25, :p50 => 33.0, :p90 => 113.60000000000002, :p99 => 195.67999999999986, :p95 => 122.74999999999999)",2.310658104044784,33,93,50
100,3.7733935693161555,"Dict{String, Real}(""unique_cultures"" => 45, ""max_possible"" => 2048, ""diversity_ratio"" => 0.02197265625)",0.0,0.0,27,23,"Dict(""blue_proportion"" => 0.46, ""red_proportion"" => 0.54)","Dict(:p25 => 17.25, :p75 => 62.75, :p50 => 33.0, :p90 => 114.1, :p99 => 197.67999999999986, :p95 => 124.74999999999999)",2.4096900895594766,34,95,50
101,3.8011194565385535,"Dict{String, Real}(""unique_cultures"" => 46, ""max_possible"" => 2048, ""diversity_ratio"" => 0.0224609375)",0.0,0.0,27,23,"Dict(""blue_proportion"" => 0.46, ""red_proportion"" => 0.54)","Dict(:p25 => 16.0, :p75 => 64.5, :p50 => 34.0, :p90 => 116.1, :p99 => 199.67999999999986, :p95 => 125.29999999999998)",2.4764200268536563,34,95,50
102,3.8011194565385535,"Dict{String, Real}(""unique_cultures"" => 46, ""max_possible"" => 2048, ""diversity_ratio"" => 0.0224609375)",0.0,0.0,27,23,"Dict(""blue_proportion"" => 0.46, ""red_proportion"" => 0.54)","Dict(:p25 => 13.0, :p75 => 63.0, :p50 => 33.5, :p90 => 113.50000000000001, :p99 => 148.35999999999993, :p95 => 122.29999999999998)",3.2192262353108414,35,95,50
103,3.762928606440865,"Dict{String, Real}(""unique_cultures"" => 45, ""max_possible"" => 2048, ""diversity_ratio"" => 0.02197265625)",0.0,0.0,27,23,"Dict(""blue_proportion"" => 0.46, ""red_proportion"" => 0.54)","Dict(:p25 => 13.5, :p75 => 64.0, :p50 => 34.5, :p90 => 114.5, :p99 => 149.84999999999994, :p95 => 124.29999999999998)",3.322394508066026,35,96,50
104,3.8288453437609515,"Dict{String, Real}(""unique_cultures"" => 47, ""max_possible"" => 2048, ""diversity_ratio"" => 0.02294921875)",0.0,0.0,27,23,"Dict(""blue_proportion"" => 0.46, ""red_proportion"" => 0.54)","Dict(:p25 => 12.25, :p75 => 60.5, :p50 => 34.5, :p90 => 89.80000000000004, :p99 => 131.54999999999998, :p95 => 121.64999999999999)",4.546325236032174,36,96,50
105,3.8288453437609515,"Dict{String, Real}(""unique_cultures"" => 47, ""max_possible"" => 2048, ""diversity_ratio"" => 0.02294921875)",0.0,0.0,25,25,"Dict(""blue_proportion"" => 0.5, ""red_proportion"" => 0.5)","Dict(:p25 => 13.5, :p75 => 61.75, :p50 => 36.5, :p90 => 91.70000000000005, :p99 => 133.53, :p95 => 123.19999999999999)",4.6738641516004975,36,98,50
106,3.762928606440865,"Dict{String, Real}(""unique_cultures"" => 45, ""max_possible"" => 2048, ""diversity_ratio"" => 0.02197265625)",0.0,0.0,26,24,"Dict(""blue_proportion"" => 0.48, ""red_proportion"" => 0.52)","Dict(:p25 => 14.75, :p75 => 63.5, :p50 => 37.5, :p90 => 93.60000000000002, :p99 => 135.51, :p95 => 125.19999999999999)",4.7590414404274455,36,99,50
107,3.6970118691207787,"Dict{String, Real}(""unique_cultures"" => 43, ""max_possible"" => 2048, ""diversity_ratio"" => 0.02099609375)",0.0,0.0,22,28,"Dict(""blue_proportion"" => 0.56, ""red_proportion"" => 0.44)","Dict(:p25 => 18.5, :p75 => 64.75, :p50 => 39.5, :p90 => 95.50000000000004, :p99 => 138.0, :p95 => 127.19999999999999)",4.622731040600936,36,104,50
108,3.735202719218467,"Dict{String, Real}(""unique_cultures"" => 44, ""max_possible"" => 2048, ""diversity_ratio"" => 0.021484375)",0.0,0.0,23,27,"Dict(""blue_proportion"" => 0.54, ""red_proportion"" => 0.46)","Dict(:p25 => 16.5, :p75 => 62.25, :p50 => 38.0, :p90 => 93.20000000000002, :p99 => 135.58999999999997, :p95 => 121.74999999999999)",3.6908330828528704,37,105,50
109,3.762928606440865,"Dict{String, Real}(""unique_cultures"" => 45, ""max_possible"" => 2048, ""diversity_ratio"" => 0.02197265625)",0.0,0.0,23,27,"Dict(""blue_proportion"" => 0.54, ""red_proportion"" => 0.46)","Dict(:p25 => 15.25, :p75 => 61.75, :p50 => 38.5, :p90 => 96.1, :p99 => 137.58999999999997, :p95 => 123.29999999999998)",3.781040465294815,38,107,50
110,3.790654493663263,"Dict{String, Real}(""unique_cultures"" => 46, ""max_possible"" => 2048, ""diversity_ratio"" => 0.0224609375)",0.0,0.0,24,26,"Dict(""blue_proportion"" => 0.52, ""red_proportion"" => 0.48)","Dict(:p25 => 17.5, :p75 => 63.75, :p50 => 38.5, :p90 => 99.0, :p99 => 140.09999999999997, :p95 => 124.84999999999998)",3.861939671945466,38,108,50
111,3.735202719218467,"Dict{String, Real}(""unique_cultures"" => 44, ""max_possible"" => 2048, ""diversity_ratio"" => 0.021484375)",0.0,0.0,23,27,"Dict(""blue_proportion"" => 0.54, ""red_proportion"" => 0.46)","Dict(:p25 => 18.25, :p75 => 64.25, :p50 => 36.0, :p90 => 98.1, :p99 => 142.1, :p95 => 112.99999999999994)",2.903737076154888,39,109,50
112,3.8011194565385535,"Dict{String, Real}(""unique_cultures"" => 46, ""max_possible"" => 2048, ""diversity_ratio"" => 0.0224609375)",0.0,0.0,26,24,"Dict(""blue_proportion"" => 0.48, ""red_proportion"" => 0.52)","Dict(:p25 => 18.25, :p75 => 66.5, :p50 => 37.0, :p90 => 100.1, :p99 => 144.60999999999996, :p95 => 114.44999999999995)",2.8750038370247433,39,110,50
113,3.7733935693161555,"Dict{String, Real}(""unique_cultures"" => 45, ""max_possible"" => 2048, ""diversity_ratio"" => 0.02197265625)",0.0,0.0,27,23,"Dict(""blue_proportion"" => 0.46, ""red_proportion"" => 0.54)","Dict(:p25 => 15.25, :p75 => 66.25, :p50 => 37.0, :p90 => 102.0, :p99 => 147.11999999999998, :p95 => 105.19999999999999)",2.837240369175094,40,110,50
114,3.762928606440865,"Dict{String, Real}(""unique_cultures"" => 45, ""max_possible"" => 2048, ""diversity_ratio"" => 0.02197265625)",0.0,0.0,28,22,"Dict(""blue_proportion"" => 0.44, ""red_proportion"" => 0.56)","Dict(:p25 => 14.5, :p75 => 68.0, :p50 => 39.0, :p90 => 104.0, :p99 => 149.62999999999997, :p95 => 107.19999999999999)",2.904006204734317,40,111,50
115,3.707476831996069,"Dict{String, Real}(""unique_cultures"" => 43, ""max_possible"" => 2048, ""diversity_ratio"" => 0.02099609375)",0.0,0.0,29,21,"Dict(""blue_proportion"" => 0.42, ""red_proportion"" => 0.58)","Dict(:p25 => 14.5, :p75 => 69.75, :p50 => 40.0, :p90 => 105.10000000000001, :p99 => 150.60999999999999, :p95 => 109.19999999999999)",2.996292183721372,40,111,50
116,3.735202719218467,"Dict{String, Real}(""unique_cultures"" => 44, ""max_possible"" => 2048, ""diversity_ratio"" => 0.021484375)",0.0,0.0,29,21,"Dict(""blue_proportion"" => 0.42, ""red_proportion"" => 0.58)","Dict(:p25 => 14.5, :p75 => 70.75, :p50 => 41.0, :p90 => 107.1, :p99 => 152.60999999999996, :p95 => 111.74999999999999)",3.0731790436281323,40,112,50
117,3.735202719218467,"Dict{String, Real}(""unique_cultures"" => 44, ""max_possible"" => 2048, ""diversity_ratio"" => 0.021484375)",0.0,0.0,29,21,"Dict(""blue_proportion"" => 0.42, ""red_proportion"" => 0.58)","Dict(:p25 => 15.25, :p75 => 70.25, :p50 => 41.5, :p90 => 108.2, :p99 => 154.60999999999999, :p95 => 113.74999999999999)",3.16860531799314,40,112,50
118,3.735202719218467,"Dict{String, Real}(""unique_cultures"" => 44, ""max_possible"" => 2048, ""diversity_ratio"" => 0.021484375)",0.0,0.0,27,23,"Dict(""blue_proportion"" => 0.46, ""red_proportion"" => 0.54)","Dict(:p25 => 16.0, :p75 => 71.25, :p50 => 42.0, :p90 => 109.30000000000001, :p99 => 157.11999999999998, :p95 => 114.64999999999999)",3.40100249941314,40,113,50
119,3.762928606440865,"Dict{String, Real}(""unique_cultures"" => 45, ""max_possible"" => 2048, ""diversity_ratio"" => 0.02197265625)",0.0,0.0,27,23,"Dict(""blue_proportion"" => 0.46, ""red_proportion"" => 0.54)","Dict(:p25 => 15.25, :p75 => 67.0, :p50 => 39.0, :p90 => 102.00000000000003, :p99 => 142.4799999999999, :p95 => 114.55)",4.209389009091149,42,114,50
120,3.762928606440865,"Dict{String, Real}(""unique_cultures"" => 45, ""max_possible"" => 2048, ""diversity_ratio"" => 0.02197265625)",0.0,0.0,26,24,"Dict(""blue_proportion"" => 0.48, ""red_proportion"" => 0.52)","Dict(:p25 => 16.0, :p75 => 68.75, :p50 => 40.0, :p90 => 103.9, :p99 => 144.9899999999999, :p95 => 116.55)",4.317321962557474,42,115,50
121,3.752463643565574,"Dict{String, Real}(""unique_cultures"" => 45, ""max_possible"" => 2048, ""diversity_ratio"" => 0.02197265625)",0.0,0.0,25,25,"Dict(""blue_proportion"" => 0.5, ""red_proportion"" => 0.5)","Dict(:p25 => 16.5, :p75 => 71.25, :p50 => 39.5, :p90 => 105.80000000000001, :p99 => 147.9899999999999, :p95 => 118.55)",4.3669475216085205,43,116,50
122,3.790654493663263,"Dict{String, Real}(""unique_cultures"" => 46, ""max_possible"" => 2048, ""diversity_ratio"" => 0.0224609375)",0.0,0.0,25,25,"Dict(""blue_proportion"" => 0.5, ""red_proportion"" => 0.5)","Dict(:p25 => 17.0, :p75 => 73.75, :p50 => 41.0, :p90 => 107.80000000000001, :p99 => 150.49999999999991, :p95 => 120.55)",4.415308417234149,43,116,50
123,3.762928606440865,"Dict{String, Real}(""unique_cultures"" => 45, ""max_possible"" => 2048, ""diversity_ratio"" => 0.02197265625)",0.0,0.0,23,27,"Dict(""blue_proportion"" => 0.54, ""red_proportion"" => 0.46)","Dict(:p25 => 16.75, :p75 => 74.75, :p50 => 42.5, :p90 => 109.80000000000001, :p99 => 152.4999999999999, :p95 => 122.55)",3.94258854938983,43,116,50
124,3.735202719218467,"Dict{String, Real}(""unique_cultures"" => 44, ""max_possible"" => 2048, ""diversity_ratio"" => 0.021484375)",0.0,0.0,26,24,"Dict(""blue_proportion"" => 0.48, ""red_proportion"" => 0.52)","Dict(:p25 => 18.25, :p75 => 75.75, :p50 => 43.5, :p90 => 111.7, :p99 => 154.9899999999999, :p95 => 124.55)",4.0336406903542,43,118,50
125,3.679750944773671,"Dict{String, Real}(""unique_cultures"" => 42, ""max_possible"" => 2048, ""diversity_ratio"" => 0.0205078125)",0.0,0.0,31,19,"Dict(""blue_proportion"" => 0.38, ""red_proportion"" => 0.62)","Dict(:p25 => 18.5, :p75 => 73.75, :p50 => 43.0, :p90 => 105.80000000000001, :p99 => 156.5199999999999, :p95 => 126.55)",3.4959601638748623,44,119,50
126,3.735202719218467,"Dict{String, Real}(""unique_cultures"" => 44, ""max_possible"" => 2048, ""diversity_ratio"" => 0.021484375)",0.0,0.0,32,18,"Dict(""blue_proportion"" => 0.36, ""red_proportion"" => 0.64)","Dict(:p25 => 20.0, :p75 => 75.5, :p50 => 44.5, :p90 => 106.9, :p99 => 159.5199999999999, :p95 => 128.55)",3.4327187334759084,44,119,50
127,3.7247377563431767,"Dict{String, Real}(""unique_cultures"" => 44, ""max_possible"" => 2048, ""diversity_ratio"" => 0.021484375)",0.0,0.0,34,16,"Dict(""blue_proportion"" => 0.32, ""red_proportion"" => 0.68)","Dict(:p25 => 18.5, :p75 => 75.0, :p50 => 44.0, :p90 => 106.1, :p99 => 162.0099999999999, :p95 => 124.69999999999996)",3.890387102445474,45,119,50
128,3.735202719218467,"Dict{String, Real}(""unique_cultures"" => 44, ""max_possible"" => 2048, ""diversity_ratio"" => 0.021484375)",0.0,0.0,31,19,"Dict(""blue_proportion"" => 0.38, ""red_proportion"" => 0.62)","Dict(:p25 => 19.25, :p75 => 77.5, :p50 => 45.0, :p90 => 108.0, :p99 => 164.5199999999999, :p95 => 126.69999999999996)",3.8306446114111856,45,119,50
129,3.707476831996069,"Dict{String, Real}(""unique_cultures"" => 43, ""max_possible"" => 2048, ""diversity_ratio"" => 0.02099609375)",0.0,0.0,28,22,"Dict(""blue_proportion"" => 0.44, ""red_proportion"" => 0.56)","Dict(:p25 => 17.75, :p75 => 80.0, :p50 => 45.5, :p90 => 109.20000000000002, :p99 => 167.5199999999999, :p95 => 129.24999999999994)",3.8713214121214237,45,120,50
130,3.707476831996069,"Dict{String, Real}(""unique_cultures"" => 43, ""max_possible"" => 2048, ""diversity_ratio"" => 0.02099609375)",0.0,0.0,30,20,"Dict(""blue_proportion"" => 0.4, ""red_proportion"" => 0.6)","Dict(:p25 => 20.0, :p75 => 82.5, :p50 => 45.0, :p90 => 110.4, :p99 => 170.0299999999999, :p95 => 131.24999999999994)",3.9336482474756993,45,121,50
131,3.7247377563431767,"Dict{String, Real}(""unique_cultures"" => 44, ""max_possible"" => 2048, ""diversity_ratio"" => 0.021484375)",0.0,0.0,28,22,"Dict(""blue_proportion"" => 0.44, ""red_proportion"" => 0.56)","Dict(:p25 => 19.25, :p75 => 84.25, :p50 => 45.5, :p90 => 111.6, :p99 => 173.02999999999992, :p95 => 133.24999999999994)",3.837675537233652,45,122,50
132,3.6692859818983807,"Dict{String, Real}(""unique_cultures"" => 42, ""max_possible"" => 2048, ""diversity_ratio"" => 0.0205078125)",0.0,0.0,28,22,"Dict(""blue_proportion"" => 0.44, ""red_proportion"" => 0.56)","Dict(:p25 => 19.25, :p75 => 86.0, :p50 => 45.0, :p90 => 112.80000000000001, :p99 => 175.5199999999999, :p95 => 134.69999999999996)",3.7520951205904964,45,122,50
133,3.679750944773672,"Dict{String, Real}(""unique_cultures"" => 43, ""max_possible"" => 2048, ""diversity_ratio"" => 0.02099609375)",0.0,0.0,26,24,"Dict(""blue_proportion"" => 0.48, ""red_proportion"" => 0.52)","Dict(:p25 => 20.0, :p75 => 88.0, :p50 => 46.0, :p90 => 114.9, :p99 => 178.5199999999999, :p95 => 136.69999999999996)",3.787552237717611,45,122,50
134,3.5583824330087896,"Dict{String, Real}(""unique_cultures"" => 39, ""max_possible"" => 2048, ""diversity_ratio"" => 0.01904296875)",0.0,0.0,25,25,"Dict(""blue_proportion"" => 0.5, ""red_proportion"" => 0.5)","Dict(:p25 => 20.0, :p75 => 90.0, :p50 => 48.0, :p90 => 117.00000000000001, :p99 => 181.00999999999988, :p95 => 138.69999999999996)",3.844001493467405,45,123,50
135,3.6138342074535847,"Dict{String, Real}(""unique_cultures"" => 40, ""max_possible"" => 2048, ""diversity_ratio"" => 0.01953125)",0.0,0.0,29,21,"Dict(""blue_proportion"" => 0.42, ""red_proportion"" => 0.58)","Dict(:p25 => 20.0, :p75 => 91.25, :p50 => 49.0, :p90 => 119.00000000000001, :p99 => 183.4999999999999, :p95 => 139.59999999999997)",3.947572150327059,45,123,50
136,3.6415600946759827,"Dict{String, Real}(""unique_cultures"" => 41, ""max_possible"" => 2048, ""diversity_ratio"" => 0.02001953125)",0.0,0.0,30,20,"Dict(""blue_proportion"" => 0.4, ""red_proportion"" => 0.6)","Dict(:p25 => 20.0, :p75 => 86.75, :p50 => 46.5, :p90 => 121.00000000000001, :p99 => 186.49999999999991, :p95 => 141.59999999999997)",4.106774451012057,46,123,50
137,3.6019848151974543,"Dict{String, Real}(""unique_cultures"" => 41, ""max_possible"" => 2048, ""diversity_ratio"" => 0.02001953125)",0.0,0.0,28,22,"Dict(""blue_proportion"" => 0.44, ""red_proportion"" => 0.56)","Dict(:p25 => 20.25, :p75 => 88.0, :p50 => 47.0, :p90 => 123.10000000000002, :p99 => 188.4999999999999, :p95 => 143.59999999999997)",4.282045361236737,46,124,50
138,3.491081266307863,"Dict{String, Real}(""unique_cultures"" => 37, ""max_possible"" => 2048, ""diversity_ratio"" => 0.01806640625)",0.0,0.0,25,25,"Dict(""blue_proportion"" => 0.5, ""red_proportion"" => 0.5)","Dict(:p25 => 20.25, :p75 => 89.75, :p50 => 47.5, :p90 => 125.20000000000002, :p99 => 191.4999999999999, :p95 => 145.59999999999997)",4.282493621061728,46,125,50
139,3.4647398084663052,"Dict{String, Real}(""unique_cultures"" => 36, ""max_possible"" => 2048, ""diversity_ratio"" => 0.017578125)",0.0,0.0,30,20,"Dict(""blue_proportion"" => 0.4, ""red_proportion"" => 0.6)","Dict(:p25 => 20.5, :p75 => 91.5, :p50 => 48.5, :p90 => 127.30000000000001, :p99 => 193.02999999999992, :p95 => 147.59999999999997)",4.349179816559429,46,125,50
140,3.537452507258208,"Dict{String, Real}(""unique_cultures"" => 38, ""max_possible"" => 2048, ""diversity_ratio"" => 0.0185546875)",0.0,0.0,29,21,"Dict(""blue_proportion"" => 0.42, ""red_proportion"" => 0.58)","Dict(:p25 => 20.75, :p75 => 93.25, :p50 => 49.0, :p90 => 129.40000000000003, :p99 => 195.5199999999999, :p95 => 149.59999999999997)",4.374424598623395,46,125,50
141,3.679750944773671,"Dict{String, Real}(""unique_cultures"" => 42, ""max_possible"" => 2048, ""diversity_ratio"" => 0.0205078125)",0.0,0.0,28,22,"Dict(""blue_proportion"" => 0.44, ""red_proportion"" => 0.56)","Dict(:p25 => 21.0, :p75 => 95.25, :p50 => 50.0, :p90 => 131.50000000000003, :p99 => 197.5199999999999, :p95 => 151.59999999999997)",4.393479572760172,46,126,50
142,3.5861083202311868,"Dict{String, Real}(""unique_cultures"" => 39, ""max_possible"" => 2048, ""diversity_ratio"" => 0.01904296875)",0.0,0.0,26,24,"Dict(""blue_proportion"" => 0.48, ""red_proportion"" => 0.52)","Dict(:p25 => 21.25, :p75 => 97.25, :p50 => 51.0, :p90 => 133.50000000000003, :p99 => 200.5199999999999, :p95 => 153.59999999999997)",4.389459485483647,46,127,50
143,3.6624900204265645,"Dict{String, Real}(""unique_cultures"" => 41, ""max_possible"" => 2048, ""diversity_ratio"" => 0.02001953125)",0.0,0.0,29,21,"Dict(""blue_proportion"" => 0.42, ""red_proportion"" => 0.58)","Dict(:p25 => 20.0, :p75 => 96.25, :p50 => 49.5, :p90 => 132.2, :p99 => 201.4999999999999, :p95 => 149.55)",3.7842244811472865,48,129,50
144,3.679750944773671,"Dict{String, Real}(""unique_cultures"" => 42, ""max_possible"" => 2048, ""diversity_ratio"" => 0.0205078125)",0.0,0.0,29,21,"Dict(""blue_proportion"" => 0.42, ""red_proportion"" => 0.58)","Dict(:p25 => 20.0, :p75 => 98.0, :p50 => 50.0, :p90 => 135.1, :p99 => 203.9899999999999, :p95 => 152.1)",3.707982254650065,48,129,50
145,3.707476831996069,"Dict{String, Real}(""unique_cultures"" => 43, ""max_possible"" => 2048, ""diversity_ratio"" => 0.02099609375)",0.0,0.0,23,27,"Dict(""blue_proportion"" => 0.54, ""red_proportion"" => 0.46)","Dict(:p25 => 20.0, :p75 => 100.0, :p50 => 50.5, :p90 => 137.10000000000002, :p99 => 206.49999999999991, :p95 => 154.64999999999998)",3.7493353425042977,48,130,50
146,3.6415600946759827,"Dict{String, Real}(""unique_cultures"" => 41, ""max_possible"" => 2048, ""diversity_ratio"" => 0.02001953125)",0.0,0.0,26,24,"Dict(""blue_proportion"" => 0.48, ""red_proportion"" => 0.52)","Dict(:p25 => 20.25, :p75 => 102.0, :p50 => 52.0, :p90 => 139.1, :p99 => 207.4799999999999, :p95 => 157.2)",3.6952155973508267,48,130,50
147,3.762928606440865,"Dict{String, Real}(""unique_cultures"" => 45, ""max_possible"" => 2048, ""diversity_ratio"" => 0.02197265625)",0.0,0.0,26,24,"Dict(""blue_proportion"" => 0.48, ""red_proportion"" => 0.52)","Dict(:p25 => 21.25, :p75 => 103.25, :p50 => 53.0, :p90 => 142.1, :p99 => 209.4799999999999, :p95 => 159.2)",3.5394668625984056,49,131,50
148,3.735202719218467,"Dict{String, Real}(""unique_cultures"" => 44, ""max_possible"" => 2048, ""diversity_ratio"" => 0.021484375)",0.0,0.0,24,26,"Dict(""blue_proportion"" => 0.52, ""red_proportion"" => 0.48)","Dict(:p25 => 20.0, :p75 => 90.25, :p50 => 48.0, :p90 => 145.10000000000002, :p99 => 211.0099999999999, :p95 => 161.75)",3.5812813633470104,51,131,50
149,3.7733935693161555,"Dict{String, Real}(""unique_cultures"" => 45, ""max_possible"" => 2048, ""diversity_ratio"" => 0.02197265625)",0.0,0.0,26,24,"Dict(""blue_proportion"" => 0.48, ""red_proportion"" => 0.52)","Dict(:p25 => 18.5, :p75 => 91.5, :p50 => 49.0, :p90 => 147.2, :p99 => 213.4999999999999, :p95 => 163.75)",3.596194848449016,51,131,50
150,3.652025057551273,"Dict{String, Real}(""unique_cultures"" => 41, ""max_possible"" => 2048, ""diversity_ratio"" => 0.02001953125)",0.0,0.0,26,24,"Dict(""blue_proportion"" => 0.48, ""red_proportion"" => 0.52)","Dict(:p25 => 17.0, :p75 => 88.5, :p50 => 46.5, :p90 => 138.20000000000002, :p99 => 179.72999999999996, :p95 => 157.59999999999997)",3.851871690504819,52,131,50
0,3.884297118205747,"Dict{String, Real}(""unique_cultures"" => 49, ""max_possible"" => 2048, ""diversity_ratio"" => 0.02392578125)",0.0,0.0,29,21,"Dict(""blue_proportion"" => 0.42, ""red_proportion"" => 0.58)","Dict(:p25 => 10.25, :p75 => 19.0, :p50 => 14.0, :p90 => 23.1, :p99 => 25.0, :p95 => 24.549999999999997)",9.797632143947327,0,0,50
1,3.912023005428145,"Dict{String, Real}(""unique_cultures"" => 50, ""max_possible"" => 2048, ""diversity_ratio"" => 0.0244140625)",0.0,0.0,28,22,"Dict(""blue_proportion"" => 0.44, ""red_proportion"" => 0.56)","Dict(:p25 => 8.25, :p75 => 19.75, :p50 => 13.0, :p90 => 23.0, :p99 => 24.509999999999998, :p95 => 23.549999999999997)",22.977338591455364,0,0,50
2,3.912023005428145,"Dict{String, Real}(""unique_cultures"" => 50, ""max_possible"" => 2048, ""diversity_ratio"" => 0.0244140625)",0.0,0.0,28,22,"Dict(""blue_proportion"" => 0.44, ""red_proportion"" => 0.56)","Dict(:p25 => 8.0, :p75 => 18.75, :p50 => 12.0, :p90 => 24.0, :p99 => 26.019999999999996, :p95 => 24.0)",9.113401132554415,0,1,50
3,3.912023005428145,"Dict{String, Real}(""unique_cultures"" => 50, ""max_possible"" => 2048, ""diversity_ratio"" => 0.0244140625)",0.0,0.0,28,22,"Dict(""blue_proportion"" => 0.44, ""red_proportion"" => 0.56)","Dict(:p25 => 7.25, :p75 => 19.0, :p50 => 11.0, :p90 => 25.0, :p99 => 28.509999999999998, :p95 => 26.0)",6.36811966835726,0,3,50
4,3.8842971182057475,"Dict{String, Real}(""unique_cultures"" => 49, ""max_possible"" => 2048, ""diversity_ratio"" => 0.02392578125)",0.0,0.0,26,24,"Dict(""blue_proportion"" => 0.48, ""red_proportion"" => 0.52)","Dict(:p25 => 7.25, :p75 => 20.0, :p50 => 12.0, :p90 => 26.1, :p99 => 31.0, :p95 => 28.0)",4.797296537596447,0,6,50
5,3.912023005428145,"Dict{String, Real}(""unique_cultures"" => 50, ""max_possible"" => 2048, ""diversity_ratio"" => 0.0244140625)",0.0,0.0,26,24,"Dict(""blue_proportion"" => 0.48, ""red_proportion"" => 0.52)","Dict(:p25 => 7.25, :p75 => 20.75, :p50 => 12.0, :p90 => 28.1, :p99 => 33.51, :p95 => 30.0)",5.222749867999345,0,10,50
6,3.912023005428145,"Dict{String, Real}(""unique_cultures"" => 50, ""max_possible"" => 2048, ""diversity_ratio"" => 0.0244140625)",0.0,0.0,23,27,"Dict(""blue_proportion"" => 0.54, ""red_proportion"" => 0.46)","Dict(:p25 => 8.0, :p75 => 22.75, :p50 => 12.5, :p90 => 31.0, :p99 => 36.019999999999996, :p95 => 32.0)",5.663200651645212,0,13,50
7,3.884297118205747,"Dict{String, Real}(""unique_cultures"" => 49, ""max_possible"" => 2048, ""diversity_ratio"" => 0.02392578125)",0.0,0.0,23,27,"Dict(""blue_proportion"" => 0.54, ""red_proportion"" => 0.46)","Dict(:p25 => 7.25, :p75 => 23.75, :p50 => 12.5, :p90 => 32.2, :p99 => 38.529999999999994, :p95 => 34.0)",6.093649850565818,0,14,50
8,3.8565712309833495,"Dict{String, Real}(""unique_cultures"" => 48, ""max_possible"" => 2048, ""diversity_ratio"" => 0.0234375)",0.0,0.0,22,28,"Dict(""blue_proportion"" => 0.56, ""red_proportion"" => 0.44)","Dict(:p25 => 7.25, :p75 => 24.0, :p50 => 15.0, :p90 => 34.2, :p99 => 41.03999999999999, :p95 => 36.0)",6.528243218168681,0,16,50
9,3.8288453437609515,"Dict{String, Real}(""unique_cultures"" => 47, ""max_possible"" => 2048, ""diversity_ratio"" => 0.02294921875)",0.0,0.0,23,27,"Dict(""blue_proportion"" => 0.54, ""red_proportion"" => 0.46)","Dict(:p25 => 6.25, :p75 => 25.75, :p50 => 16.0, :p90 => 36.2, :p99 => 43.54999999999999, :p95 => 38.0)",5.677222348913881,0,18,50
10,3.884297118205747,"Dict{String, Real}(""unique_cultures"" => 49, ""max_possible"" => 2048, ""diversity_ratio"" => 0.02392578125)",0.0,0.0,22,28,"Dict(""blue_proportion"" => 0.56, ""red_proportion"" => 0.44)","Dict(:p25 => 6.0, :p75 => 27.5, :p50 => 16.0, :p90 => 38.2, :p99 => 46.05999999999999, :p95 => 40.55)",5.85512334899537,0,18,50
11,3.884297118205747,"Dict{String, Real}(""unique_cultures"" => 49, ""max_possible"" => 2048, ""diversity_ratio"" => 0.02392578125)",0.0,0.0,22,28,"Dict(""blue_proportion"" => 0.56, ""red_proportion"" => 0.44)","Dict(:p25 => 7.75, :p75 => 29.5, :p50 => 17.5, :p90 => 40.1, :p99 => 48.569999999999986, :p95 => 43.099999999999994)",5.254610273151022,0,20,50
12,3.8288453437609515,"Dict{String, Real}(""unique_cultures"" => 47, ""max_possible"" => 2048, ""diversity_ratio"" => 0.02294921875)",0.0,0.0,19,31,"Dict(""blue_proportion"" => 0.62, ""red_proportion"" => 0.38)","Dict(:p25 => 12.0, :p75 => 31.75, :p50 => 17.5, :p90 => 42.0, :p99 => 50.569999999999986, :p95 => 45.099999999999994)",4.831162385963895,0,22,50
13,3.762928606440865,"Dict{String, Real}(""unique_cultures"" => 45, ""max_possible"" => 2048, ""diversity_ratio"" => 0.02197265625)",0.0,0.0,17,33,"Dict(""blue_proportion"" => 0.66, ""red_proportion"" => 0.34)","Dict(:p25 => 12.0, :p75 => 33.75, :p50 => 20.5, :p90 => 44.0, :p99 => 52.569999999999986, :p95 => 46.64999999999999)",5.075076870903172,0,24,50
14,3.8288453437609515,"Dict{String, Real}(""unique_cultures"" => 47, ""max_possible"" => 2048, ""diversity_ratio"" => 0.02294921875)",0.0,0.0,20,30,"Dict(""blue_proportion"" => 0.6, ""red_proportion"" => 0.4)","Dict(:p25 => 12.0, :p75 => 35.0, :p50 => 21.0, :p90 => 46.0, :p99 => 55.079999999999984, :p95 => 48.64999999999999)",4.680923947810294,0,27,50
15,3.8011194565385535,"Dict{String, Real}(""unique_cultures"" => 46, ""max_possible"" => 2048, ""diversity_ratio"" => 0.0224609375)",0.0,0.0,16,34,"Dict(""blue_proportion"" => 0.68, ""red_proportion"" => 0.32)","Dict(:p25 => 12.0, :p75 => 35.75, :p50 => 21.5, :p90 => 48.0, :p99 => 57.079999999999984, :p95 => 51.099999999999994)",4.959901687008508,0,28,50
16,3.8011194565385535,"Dict{String, Real}(""unique_cultures"" => 46, ""max_possible"" => 2048, ""diversity_ratio"" => 0.0224609375)",0.0,0.0,18,32,"Dict(""blue_proportion"" => 0.64, ""red_proportion"" => 0.36)","Dict(:p25 => 12.0, :p75 => 36.5, :p50 => 21.0, :p90 => 50.0, :p99 => 59.079999999999984, :p95 => 53.099999999999994)",5.8379666377022925,0,28,50
17,3.8183803808856607,"Dict{String, Real}(""unique_cultures"" => 47, ""max_possible"" => 2048, ""diversity_ratio"" => 0.02294921875)",0.0,0.0,15,35,"Dict(""blue_proportion"" => 0.7, ""red_proportion"" => 0.3)","Dict(:p25 => 12.0, :p75 => 38.0, :p50 => 23.5, :p90 => 51.1, :p99 => 61.58999999999998, :p95 => 55.55)",6.112827598030088,0,30,50
18,3.8011194565385535,"Dict{String, Real}(""unique_cultures"" => 46, ""max_possible"" => 2048, ""diversity_ratio"" => 0.0224609375)",0.0,0.0,17,33,"Dict(""blue_proportion"" => 0.66, ""red_proportion"" => 0.34)","Dict(:p25 => 12.0, :p75 => 40.5, :p50 => 24.0, :p90 => 52.2, :p99 => 64.09999999999998, :p95 => 58.0)",6.472416992225665,0,30,50
19,3.8011194565385535,"Dict{String, Real}(""unique_cultures"" => 46, ""max_possible"" => 2048, ""diversity_ratio"" => 0.0224609375)",0.0,0.0,17,33,"Dict(""blue_proportion"" => 0.66, ""red_proportion"" => 0.34)","Dict(:p25 => 13.0, :p75 => 43.0, :p50 => 24.0, :p90 => 54.1, :p99 => 66.60999999999999, :p95 => 60.0)",5.903736389588149,0,33,50
20,3.8288453437609515,"Dict{String, Real}(""unique_cultures"" => 47, ""max_possible"" => 2048, ""diversity_ratio"" => 0.02294921875)",0.0,0.0,15,35,"Dict(""blue_proportion"" => 0.7, ""red_proportion"" => 0.3)","Dict(:p25 => 12.0, :p75 => 44.0, :p50 => 24.5, :p90 => 56.1, :p99 => 69.11999999999998, :p95 => 62.0)",6.070486523797915,0,33,50
21,3.8011194565385535,"Dict{String, Real}(""unique_cultures"" => 46, ""max_possible"" => 2048, ""diversity_ratio"" => 0.0224609375)",0.0,0.0,17,33,"Dict(""blue_proportion"" => 0.66, ""red_proportion"" => 0.34)","Dict(:p25 => 12.0, :p75 => 46.0, :p50 => 25.0, :p90 => 58.0, :p99 => 71.62999999999997, :p95 => 64.55)",6.174752371909702,0,33,50
22,3.7456676820937576,"Dict{String, Real}(""unique_cultures"" => 44, ""max_possible"" => 2048, ""diversity_ratio"" => 0.021484375)",0.0,0.0,18,32,"Dict(""blue_proportion"" => 0.64, ""red_proportion"" => 0.36)","Dict(:p25 => 12.0, :p75 => 47.25, :p50 => 26.5, :p90 => 60.0, :p99 => 74.62999999999997, :p95 => 66.55)",6.280270824066902,0,34,50
23,3.6692859818983807,"Dict{String, Real}(""unique_cultures"" => 42, ""max_possible"" => 2048, ""diversity_ratio"" => 0.0205078125)",0.0,0.0,19,31,"Dict(""blue_proportion"" => 0.62, ""red_proportion"" => 0.38)","Dict(:p25 => 12.0, :p75 => 48.5, :p50 => 28.5, :p90 => 61.1, :p99 => 77.13999999999997, :p95 => 68.55)",6.508728428340211,0,34,50
24,3.8011194565385535,"Dict{String, Real}(""unique_cultures"" => 46, ""max_possible"" => 2048, ""diversity_ratio"" => 0.0224609375)",0.0,0.0,18,32,"Dict(""blue_proportion"" => 0.64, ""red_proportion"" => 0.36)","Dict(:p25 => 12.0, :p75 => 49.75, :p50 => 30.0, :p90 => 63.0, :p99 => 80.13999999999997, :p95 => 70.55)",6.6748681431834775,0,36,50
25,3.707476831996069,"Dict{String, Real}(""unique_cultures"" => 43, ""max_possible"" => 2048, ""diversity_ratio"" => 0.02099609375)",0.0,0.0,24,26,"Dict(""blue_proportion"" => 0.52, ""red_proportion"" => 0.48)","Dict(:p25 => 12.0, :p75 => 51.0, :p50 => 31.0, :p90 => 65.0, :p99 => 83.13999999999997, :p95 => 72.55)",6.194548821929101,0,37,50
26,3.707476831996069,"Dict{String, Real}(""unique_cultures"" => 43, ""max_possible"" => 2048, ""diversity_ratio"" => 0.02099609375)",0.0,0.0,23,27,"Dict(""blue_proportion"" => 0.54, ""red_proportion"" => 0.46)","Dict(:p25 => 13.25, :p75 => 52.75, :p50 => 32.0, :p90 => 67.0, :p99 => 86.13999999999997, :p95 => 74.55)",6.286954876816186,0,41,50
27,3.762928606440865,"Dict{String, Real}(""unique_cultures"" => 45, ""max_possible"" => 2048, ""diversity_ratio"" => 0.02197265625)",0.0,0.0,24,26,"Dict(""blue_proportion"" => 0.52, ""red_proportion"" => 0.48)","Dict(:p25 => 13.25, :p75 => 52.75, :p50 => 33.0, :p90 => 69.1, :p99 => 89.13999999999997, :p95 => 76.55)",6.379389166491279,0,42,50
28,3.8011194565385535,"Dict{String, Real}(""unique_cultures"" => 46, ""max_possible"" => 2048, ""diversity_ratio"" => 0.0224609375)",0.0,0.0,26,24,"Dict(""blue_proportion"" => 0.48, ""red_proportion"" => 0.52)","Dict(:p25 => 13.25, :p75 => 54.0, :p50 => 34.0, :p90 => 70.2, :p99 => 92.13999999999997, :p95 => 78.55)",6.589071510877723,0,42,50
29,3.8288453437609515,"Dict{String, Real}(""unique_cultures"" => 47, ""max_possible"" => 2048, ""diversity_ratio"" => 0.02294921875)",0.0,0.0,24,26,"Dict(""blue_proportion"" => 0.52, ""red_proportion"" => 0.48)","Dict(:p25 => 13.0, :p75 => 55.0, :p50 => 35.0, :p90 => 71.4, :p99 => 95.13999999999997, :p95 => 80.55)",6.742371278295333,0,43,50
30,3.7733935693161555,"Dict{String, Real}(""unique_cultures"" => 45, ""max_possible"" => 2048, ""diversity_ratio"" => 0.02197265625)",0.0,0.0,23,27,"Dict(""blue_proportion"" => 0.54, ""red_proportion"" => 0.46)","Dict(:p25 => 13.0, :p75 => 57.0, :p50 => 36.0, :p90 => 72.60000000000001, :p99 => 98.13999999999997, :p95 => 82.55)",6.259650824500441,0,44,50
31,3.790654493663263,"Dict{String, Real}(""unique_cultures"" => 46, ""max_possible"" => 2048, ""diversity_ratio"" => 0.0224609375)",0.0,0.0,21,29,"Dict(""blue_proportion"" => 0.58, ""red_proportion"" => 0.42)","Dict(:p25 => 13.25, :p75 => 59.75, :p50 => 36.5, :p90 => 74.70000000000002, :p99 => 100.64999999999998, :p95 => 84.55)",6.390844394054724,0,46,50
32,3.790654493663263,"Dict{String, Real}(""unique_cultures"" => 46, ""max_possible"" => 2048, ""diversity_ratio"" => 0.0224609375)",0.0,0.0,20,30,"Dict(""blue_proportion"" => 0.6, ""red_proportion"" => 0.4)","Dict(:p25 => 15.0, :p75 => 62.25, :p50 => 37.0, :p90 => 76.80000000000001, :p99 => 103.15999999999997, :p95 => 86.55)",6.636968209430037,0,47,50
33,3.790654493663263,"Dict{String, Real}(""unique_cultures"" => 46, ""max_possible"" => 2048, ""diversity_ratio"" => 0.0224609375)",0.0,0.0,21,29,"Dict(""blue_proportion"" => 0.58, ""red_proportion"" => 0.42)","Dict(:p25 => 15.25, :p75 => 63.5, :p50 => 38.0, :p90 => 78.60000000000001, :p99 => 106.15999999999997, :p95 => 88.55)",6.884413116726753,0,48,50
34,3.7733935693161555,"Dict{String, Real}(""unique_cultures"" => 45, ""max_possible"" => 2048, ""diversity_ratio"" => 0.02197265625)",0.0,0.0,24,26,"Dict(""blue_proportion"" => 0.52, ""red_proportion"" => 0.48)","Dict(:p25 => 15.0, :p75 => 65.5, :p50 => 39.0, :p90 => 80.70000000000002, :p99 => 108.66999999999996, :p95 => 90.55)",7.013714104156597,0,48,50
35,3.8011194565385535,"Dict{String, Real}(""unique_cultures"" => 46, ""max_possible"" => 2048, ""diversity_ratio"" => 0.0224609375)",0.0,0.0,23,27,"Dict(""blue_proportion"" => 0.54, ""red_proportion"" => 0.46)","Dict(:p25 => 15.0, :p75 => 67.5, :p50 => 40.0, :p90 => 82.70000000000002, :p99 => 110.66999999999996, :p95 => 92.55)",7.243681235617128,0,48,50
36,3.7456676820937576,"Dict{String, Real}(""unique_cultures"" => 44, ""max_possible"" => 2048, ""diversity_ratio"" => 0.021484375)",0.0,0.0,23,27,"Dict(""blue_proportion"" => 0.54, ""red_proportion"" => 0.46)","Dict(:p25 => 14.25, :p75 => 69.5, :p50 => 41.0, :p90 => 84.80000000000001, :p99 => 113.15999999999997, :p95 => 94.55)",7.364612260201448,0,48,50
37,3.7179417948713605,"Dict{String, Real}(""unique_cultures"" => 43, ""max_possible"" => 2048, ""diversity_ratio"" => 0.02099609375)",0.0,0.0,22,28,"Dict(""blue_proportion"" => 0.56, ""red_proportion"" => 0.44)","Dict(:p25 => 14.25, :p75 => 70.75, :p50 => 42.0, :p90 => 86.9, :p99 => 115.64999999999998, :p95 => 96.55)",7.485270795922591,0,49,50
38,3.652025057551273,"Dict{String, Real}(""unique_cultures"" => 41, ""max_possible"" => 2048, ""diversity_ratio"" => 0.02001953125)",0.0,0.0,24,26,"Dict(""blue_proportion"" => 0.52, ""red_proportion"" => 0.48)","Dict(:p25 => 13.25, :p75 => 72.5, :p50 => 43.0, :p90 => 89.00000000000001, :p99 => 118.15999999999997, :p95 => 98.55)",7.611084084039925,0,49,50
39,3.624299170328876,"Dict{String, Real}(""unique_cultures"" => 40, ""max_possible"" => 2048, ""diversity_ratio"" => 0.01953125)",0.0,0.0,22,28,"Dict(""blue_proportion"" => 0.56, ""red_proportion"" => 0.44)","Dict(:p25 => 13.75, :p75 => 73.75, :p50 => 44.0, :p90 => 91.00000000000001, :p99 => 120.66999999999996, :p95 => 100.55)",7.868246786494157,0,50,50
40,3.6692859818983807,"Dict{String, Real}(""unique_cultures"" => 42, ""max_possible"" => 2048, ""diversity_ratio"" => 0.0205078125)",0.0,0.0,19,31,"Dict(""blue_proportion"" => 0.62, ""red_proportion"" => 0.38)","Dict(:p25 => 13.5, :p75 => 75.75, :p50 => 45.0, :p90 => 93.00000000000001, :p99 => 123.66999999999996, :p95 => 103.0)",7.331481481401565,0,50,50
41,3.7247377563431767,"Dict{String, Real}(""unique_cultures"" => 44, ""max_possible"" => 2048, ""diversity_ratio"" => 0.021484375)",0.0,0.0,19,31,"Dict(""blue_proportion"" => 0.62, ""red_proportion"" => 0.38)","Dict(:p25 => 13.25, :p75 => 76.75, :p50 => 46.0, :p90 => 95.00000000000001, :p99 => 126.15999999999997, :p95 => 105.0)",7.560241727276141,0,50,50
42,3.707476831996069,"Dict{String, Real}(""unique_cultures"" => 43, ""max_possible"" => 2048, ""diversity_ratio"" => 0.02099609375)",0.0,0.0,25,25,"Dict(""blue_proportion"" => 0.5, ""red_proportion"" => 0.5)","Dict(:p25 => 15.25, :p75 => 77.75, :p50 => 47.0, :p90 => 96.9, :p99 => 128.64999999999998, :p95 => 107.0)",7.278074085389392,0,53,50
43,3.707476831996069,"Dict{String, Real}(""unique_cultures"" => 43, ""max_possible"" => 2048, ""diversity_ratio"" => 0.02099609375)",0.0,0.0,24,26,"Dict(""blue_proportion"" => 0.52, ""red_proportion"" => 0.48)","Dict(:p25 => 14.5, :p75 => 79.0, :p50 => 48.0, :p90 => 98.9, :p99 => 131.15999999999997, :p95 => 109.0)",6.981431860980457,0,53,50
44,3.707476831996069,"Dict{String, Real}(""unique_cultures"" => 43, ""max_possible"" => 2048, ""diversity_ratio"" => 0.02099609375)",0.0,0.0,24,26,"Dict(""blue_proportion"" => 0.52, ""red_proportion"" => 0.48)","Dict(:p25 => 14.25, :p75 => 80.75, :p50 => 49.0, :p90 => 100.9, :p99 => 134.15999999999997, :p95 => 111.0)",7.042410321174528,0,53,50
45,3.6415600946759827,"Dict{String, Real}(""unique_cultures"" => 41, ""max_possible"" => 2048, ""diversity_ratio"" => 0.02001953125)",0.0,0.0,24,26,"Dict(""blue_proportion"" => 0.52, ""red_proportion"" => 0.48)","Dict(:p25 => 14.5, :p75 => 82.0, :p50 => 50.0, :p90 => 102.9, :p99 => 137.15999999999997, :p95 => 113.0)",7.0495726127279585,0,55,50
46,3.5583824330087888,"Dict{String, Real}(""unique_cultures"" => 38, ""max_possible"" => 2048, ""diversity_ratio"" => 0.0185546875)",0.0,0.0,24,26,"Dict(""blue_proportion"" => 0.52, ""red_proportion"" => 0.48)","Dict(:p25 => 14.75, :p75 => 84.5, :p50 => 50.5, :p90 => 104.9, :p99 => 140.15999999999997, :p95 => 115.0)",6.662249584154614,0,55,50
47,3.7179417948713605,"Dict{String, Real}(""unique_cultures"" => 43, ""max_possible"" => 2048, ""diversity_ratio"" => 0.02099609375)",0.0,0.0,24,26,"Dict(""blue_proportion"" => 0.52, ""red_proportion"" => 0.48)","Dict(:p25 => 18.0, :p75 => 87.0, :p50 => 51.0, :p90 => 107.00000000000001, :p99 => 143.15999999999997, :p95 => 117.0)",6.727951100222836,0,56,50
