id,pos_1,pos_2,vision,metabolism,sugar,age,max_age,sex,has_reproduced,has_spread_culture,has_accepted_culture,initial_sugar,children,total_inheritance_received,culture,loans_given,loans_owed,diseases,immunity,last_partner_id,last_credit_partner,last_combat_partner,chose_not_to_attack,chose_not_to_borrow,chose_not_to_lend,chose_not_to_reproduce,chose_not_to_spread_culture,schwartz_values
5,3,34,6,1,22.0,0,89,female,false,false,false,22.0,Int64[],0.0,"Bool[1, 1, 0, 1, 1, 0, 0, 1, 0, 0, 0]","Dict{Int64, Vector{Sugarscape.Loan}}()","Dict{Int64, Vector{Sugarscape.Loan}}()",BitVector[],"Bool[0, 0, 0, 0, 0, 0, 0, 0, 0, 0, 0, 0, 0, 0, 0, 0, 0, 0, 0, 0, 0, 0, 0, 0, 0, 0, 0, 0, 0, 0, 0, 0]",Int64[],Int64[],Int64[],false,false,false,false,false,"(self_direction = 1.49f0, stimulation = 1.07f0, hedonism = 0.25f0, achievement = 0.07f0, power = -1.2f0, security = -0.4f0, conformity = -1.16f0, tradition = -1.8f0, benevolence = 1.81f0, universalism = -0.13f0)"
35,31,50,4,2,13.0,0,76,male,false,false,false,13.0,Int64[],0.0,"Bool[0, 0, 0, 1, 0, 0, 0, 1, 0, 0, 0]","Dict{Int64, Vector{Sugarscape.Loan}}()","Dict{Int64, Vector{Sugarscape.Loan}}()",BitVector[],"Bool[0, 0, 0, 0, 0, 0, 0, 0, 0, 0, 0, 0, 0, 0, 0, 0, 0, 0, 0, 0, 0, 0, 0, 0, 0, 0, 0, 0, 0, 0, 0, 0]",Int64[],Int64[],Int64[],false,false,false,false,false,"(self_direction = 1.77f0, stimulation = 1.24f0, hedonism = 1.47f0, achievement = 0.32f0, power = -0.22f0, security = -0.41f0, conformity = -2.95f0, tradition = -1.03f0, benevolence = 0.76f0, universalism = -0.95f0)"
30,17,36,2,3,19.0,0,91,female,false,false,false,19.0,Int64[],0.0,"Bool[0, 1, 1, 1, 0, 0, 1, 1, 1, 0, 0]","Dict{Int64, Vector{Sugarscape.Loan}}()","Dict{Int64, Vector{Sugarscape.Loan}}()",BitVector[],"Bool[0, 0, 0, 0, 0, 0, 0, 0, 0, 0, 0, 0, 0, 0, 0, 0, 0, 0, 0, 0, 0, 0, 0, 0, 0, 0, 0, 0, 0, 0, 0, 0]",Int64[],Int64[],Int64[],false,false,false,false,false,"(self_direction = 0.81f0, stimulation = -2.55f0, hedonism = -0.64f0, achievement = -0.87f0, power = -2.27f0, security = 1.25f0, conformity = 0.46f0, tradition = 1.15f0, benevolence = 2.28f0, universalism = 0.39f0)"
32,25,41,2,4,16.0,0,74,female,false,false,false,16.0,Int64[],0.0,"Bool[1, 1, 1, 0, 1, 0, 0, 1, 1, 0, 1]","Dict{Int64, Vector{Sugarscape.Loan}}()","Dict{Int64, Vector{Sugarscape.Loan}}()",BitVector[],"Bool[0, 0, 0, 0, 0, 0, 0, 0, 0, 0, 0, 0, 0, 0, 0, 0, 0, 0, 0, 0, 0, 0, 0, 0, 0, 0, 0, 0, 0, 0, 0, 0]",Int64[],Int64[],Int64[],false,false,false,false,false,"(self_direction = 1.17f0, stimulation = -0.62f0, hedonism = 0.48f0, achievement = 0.86f0, power = -0.03f0, security = -0.21f0, conformity = -1.71f0, tradition = -1.86f0, benevolence = 1.96f0, universalism = -0.03f0)"
6,26,27,3,2,11.0,0,92,female,false,false,false,11.0,Int64[],0.0,"Bool[0, 0, 0, 1, 0, 0, 0, 0, 1, 1, 0]","Dict{Int64, Vector{Sugarscape.Loan}}()","Dict{Int64, Vector{Sugarscape.Loan}}()",BitVector[],"Bool[0, 0, 0, 0, 0, 0, 0, 0, 0, 0, 0, 0, 0, 0, 0, 0, 0, 0, 0, 0, 0, 0, 0, 0, 0, 0, 0, 0, 0, 0, 0, 0]",Int64[],Int64[],Int64[],false,false,false,false,false,"(self_direction = -0.73f0, stimulation = 0.62f0, hedonism = -1.02f0, achievement = 0.51f0, power = -0.76f0, security = 0.31f0, conformity = 0.43f0, tradition = -1.01f0, benevolence = 1.28f0, universalism = 0.36f0)"
45,44,32,6,3,14.0,0,92,male,false,false,false,14.0,Int64[],0.0,"Bool[0, 0, 1, 1, 1, 0, 0, 1, 0, 0, 1]","Dict{Int64, Vector{Sugarscape.Loan}}()","Dict{Int64, Vector{Sugarscape.Loan}}()",BitVector[],"Bool[0, 0, 0, 0, 0, 0, 0, 0, 0, 0, 0, 0, 0, 0, 0, 0, 0, 0, 0, 0, 0, 0, 0, 0, 0, 0, 0, 0, 0, 0, 0, 0]",Int64[],Int64[],Int64[],false,false,false,false,false,"(self_direction = 0.68f0, stimulation = -0.06f0, hedonism = 1.49f0, achievement = -0.42f0, power = -0.94f0, security = 0.07f0, conformity = -1.04f0, tradition = -1.25f0, benevolence = 0.44f0, universalism = 1.03f0)"
4,9,13,6,2,16.0,0,86,male,false,false,false,16.0,Int64[],0.0,"Bool[1, 1, 1, 0, 0, 1, 1, 0, 1, 0, 0]","Dict{Int64, Vector{Sugarscape.Loan}}()","Dict{Int64, Vector{Sugarscape.Loan}}()",BitVector[],"Bool[0, 0, 0, 0, 0, 0, 0, 0, 0, 0, 0, 0, 0, 0, 0, 0, 0, 0, 0, 0, 0, 0, 0, 0, 0, 0, 0, 0, 0, 0, 0, 0]",Int64[],Int64[],Int64[],false,false,false,false,false,"(self_direction = -0.29f0, stimulation = -2.77f0, hedonism = -3.15f0, achievement = -0.69f0, power = 0.74f0, security = 0.41f0, conformity = 0.31f0, tradition = 3.16f0, benevolence = 1.17f0, universalism = 1.11f0)"
13,17,26,6,4,14.0,0,65,male,false,false,false,14.0,Int64[],0.0,"Bool[0, 1, 0, 0, 0, 1, 1, 1, 1, 0, 0]","Dict{Int64, Vector{Sugarscape.Loan}}()","Dict{Int64, Vector{Sugarscape.Loan}}()",BitVector[],"Bool[0, 0, 0, 0, 0, 0, 0, 0, 0, 0, 0, 0, 0, 0, 0, 0, 0, 0, 0, 0, 0, 0, 0, 0, 0, 0, 0, 0, 0, 0, 0, 0]",Int64[],Int64[],Int64[],false,false,false,false,false,"(self_direction = 0.17f0, stimulation = -1.26f0, hedonism = -1.19f0, achievement = 0.16f0, power = 0.04f0, security = 0.8f0, conformity = -0.21f0, tradition = -0.15f0, benevolence = 0.6f0, universalism = 1.04f0)"
12,21,9,6,2,8.0,0,88,male,false,false,false,8.0,Int64[],0.0,"Bool[1, 0, 0, 0, 0, 0, 0, 1, 0, 0, 1]","Dict{Int64, Vector{Sugarscape.Loan}}()","Dict{Int64, Vector{Sugarscape.Loan}}()",BitVector[],"Bool[0, 0, 0, 0, 0, 0, 0, 0, 0, 0, 0, 0, 0, 0, 0, 0, 0, 0, 0, 0, 0, 0, 0, 0, 0, 0, 0, 0, 0, 0, 0, 0]",Int64[],Int64[],Int64[],false,false,false,false,false,"(self_direction = 2.07f0, stimulation = -0.13f0, hedonism = 0.89f0, achievement = -1.37f0, power = -1.05f0, security = 0.24f0, conformity = -2.2f0, tradition = -0.61f0, benevolence = 0.75f0, universalism = 1.41f0)"
28,26,19,2,4,5.0,0,91,male,false,false,false,5.0,Int64[],0.0,"Bool[0, 0, 1, 0, 1, 0, 0, 0, 0, 0, 1]","Dict{Int64, Vector{Sugarscape.Loan}}()","Dict{Int64, Vector{Sugarscape.Loan}}()",BitVector[],"Bool[0, 0, 0, 0, 0, 0, 0, 0, 0, 0, 0, 0, 0, 0, 0, 0, 0, 0, 0, 0, 0, 0, 0, 0, 0, 0, 0, 0, 0, 0, 0, 0]",Int64[],Int64[],Int64[],false,false,false,false,false,"(self_direction = 0.43f0, stimulation = -1.13f0, hedonism = -1.1f0, achievement = 0.68f0, power = -0.0f0, security = 0.04f0, conformity = 0.26f0, tradition = 1.39f0, benevolence = 0.12f0, universalism = -0.7f0)"
23,31,2,2,1,23.0,0,60,male,false,false,false,23.0,Int64[],0.0,"Bool[1, 1, 0, 0, 1, 0, 0, 0, 1, 1, 0]","Dict{Int64, Vector{Sugarscape.Loan}}()","Dict{Int64, Vector{Sugarscape.Loan}}()",BitVector[],"Bool[0, 0, 0, 0, 0, 0, 0, 0, 0, 0, 0, 0, 0, 0, 0, 0, 0, 0, 0, 0, 0, 0, 0, 0, 0, 0, 0, 0, 0, 0, 0, 0]",Int64[],Int64[],Int64[],false,false,false,false,false,"(self_direction = 0.38f0, stimulation = -0.36f0, hedonism = -0.67f0, achievement = -0.41f0, power = -0.84f0, security = 0.34f0, conformity = -0.84f0, tradition = 0.81f0, benevolence = 0.84f0, universalism = 0.74f0)"
41,2,18,1,3,6.0,0,72,female,false,false,false,6.0,Int64[],0.0,"Bool[0, 1, 0, 0, 0, 1, 0, 1, 0, 1, 0]","Dict{Int64, Vector{Sugarscape.Loan}}()","Dict{Int64, Vector{Sugarscape.Loan}}()",BitVector[],"Bool[0, 0, 0, 0, 0, 0, 0, 0, 0, 0, 0, 0, 0, 0, 0, 0, 0, 0, 0, 0, 0, 0, 0, 0, 0, 0, 0, 0, 0, 0, 0, 0]",Int64[],Int64[],Int64[],false,false,false,false,false,"(self_direction = -0.53f0, stimulation = 0.3f0, hedonism = 0.39f0, achievement = -0.6f0, power = -1.18f0, security = 0.1f0, conformity = -0.16f0, tradition = -0.83f0, benevolence = 1.29f0, universalism = 1.22f0)"
43,48,9,3,4,10.0,0,63,male,false,false,false,10.0,Int64[],0.0,"Bool[1, 1, 1, 1, 0, 1, 1, 1, 0, 0, 0]","Dict{Int64, Vector{Sugarscape.Loan}}()","Dict{Int64, Vector{Sugarscape.Loan}}()",BitVector[],"Bool[0, 0, 0, 0, 0, 0, 0, 0, 0, 0, 0, 0, 0, 0, 0, 0, 0, 0, 0, 0, 0, 0, 0, 0, 0, 0, 0, 0, 0, 0, 0, 0]",Int64[],Int64[],Int64[],false,false,false,false,false,"(self_direction = 0.29f0, stimulation = 0.21f0, hedonism = -0.41f0, achievement = -0.27f0, power = -1.34f0, security = 0.75f0, conformity = -0.01f0, tradition = -0.82f0, benevolence = 0.75f0, universalism = 0.84f0)"
11,35,1,2,2,8.0,0,92,male,false,false,false,8.0,Int64[],0.0,"Bool[1, 1, 0, 0, 0, 0, 1, 1, 1, 1, 0]","Dict{Int64, Vector{Sugarscape.Loan}}()","Dict{Int64, Vector{Sugarscape.Loan}}()",BitVector[],"Bool[0, 0, 0, 0, 0, 0, 0, 0, 0, 0, 0, 0, 0, 0, 0, 0, 0, 0, 0, 0, 0, 0, 0, 0, 0, 0, 0, 0, 0, 0, 0, 0]",Int64[],Int64[],Int64[],false,false,false,false,false,"(self_direction = 0.97f0, stimulation = 0.79f0, hedonism = -0.65f0, achievement = -1.3f0, power = -0.64f0, security = 1.39f0, conformity = -1.27f0, tradition = -1.05f0, benevolence = 0.7f0, universalism = 1.07f0)"
36,43,42,1,1,6.0,0,64,female,false,false,false,6.0,Int64[],0.0,"Bool[1, 1, 1, 0, 1, 1, 0, 1, 1, 1, 1]","Dict{Int64, Vector{Sugarscape.Loan}}()","Dict{Int64, Vector{Sugarscape.Loan}}()",BitVector[],"Bool[0, 0, 0, 0, 0, 0, 0, 0, 0, 0, 0, 0, 0, 0, 0, 0, 0, 0, 0, 0, 0, 0, 0, 0, 0, 0, 0, 0, 0, 0, 0, 0]",Int64[],Int64[],Int64[],false,false,false,false,false,"(self_direction = 0.16f0, stimulation = -1.07f0, hedonism = -2.18f0, achievement = 0.28f0, power = -0.43f0, security = 1.72f0, conformity = -0.95f0, tradition = -0.2f0, benevolence = 1.03f0, universalism = 1.63f0)"
39,9,24,1,1,15.0,0,99,female,false,false,false,15.0,Int64[],0.0,"Bool[0, 0, 0, 1, 1, 0, 1, 1, 1, 1, 1]","Dict{Int64, Vector{Sugarscape.Loan}}()","Dict{Int64, Vector{Sugarscape.Loan}}()",BitVector[],"Bool[0, 0, 0, 0, 0, 0, 0, 0, 0, 0, 0, 0, 0, 0, 0, 0, 0, 0, 0, 0, 0, 0, 0, 0, 0, 0, 0, 0, 0, 0, 0, 0]",Int64[],Int64[],Int64[],false,false,false,false,false,"(self_direction = 0.88f0, stimulation = -0.0f0, hedonism = -1.55f0, achievement = -1.08f0, power = -1.11f0, security = 1.23f0, conformity = -0.74f0, tradition = 0.32f0, benevolence = 1.17f0, universalism = 0.88f0)"
7,9,40,1,1,8.0,0,76,male,false,false,false,8.0,Int64[],0.0,"Bool[1, 0, 0, 1, 0, 0, 1, 0, 0, 1, 0]","Dict{Int64, Vector{Sugarscape.Loan}}()","Dict{Int64, Vector{Sugarscape.Loan}}()",BitVector[],"Bool[0, 0, 0, 0, 0, 0, 0, 0, 0, 0, 0, 0, 0, 0, 0, 0, 0, 0, 0, 0, 0, 0, 0, 0, 0, 0, 0, 0, 0, 0, 0, 0]",Int64[],Int64[],Int64[],false,false,false,false,false,"(self_direction = 1.07f0, stimulation = -1.63f0, hedonism = -1.01f0, achievement = 1.69f0, power = 0.47f0, security = 1.15f0, conformity = 0.14f0, tradition = -1.45f0, benevolence = 0.14f0, universalism = -0.59f0)"
25,10,9,2,3,18.0,0,89,female,false,false,false,18.0,Int64[],0.0,"Bool[1, 0, 1, 1, 0, 1, 1, 0, 1, 0, 0]","Dict{Int64, Vector{Sugarscape.Loan}}()","Dict{Int64, Vector{Sugarscape.Loan}}()",BitVector[],"Bool[0, 0, 0, 0, 0, 0, 0, 0, 0, 0, 0, 0, 0, 0, 0, 0, 0, 0, 0, 0, 0, 0, 0, 0, 0, 0, 0, 0, 0, 0, 0, 0]",Int64[],Int64[],Int64[],false,false,false,false,false,"(self_direction = 0.36f0, stimulation = -0.35f0, hedonism = 0.17f0, achievement = -1.33f0, power = -1.91f0, security = -0.26f0, conformity = 0.46f0, tradition = -0.09f0, benevolence = 1.15f0, universalism = 1.79f0)"
34,5,33,1,4,24.0,0,69,male,false,false,false,24.0,Int64[],0.0,"Bool[1, 0, 1, 1, 1, 1, 1, 0, 1, 0, 0]","Dict{Int64, Vector{Sugarscape.Loan}}()","Dict{Int64, Vector{Sugarscape.Loan}}()",BitVector[],"Bool[0, 0, 0, 0, 0, 0, 0, 0, 0, 0, 0, 0, 0, 0, 0, 0, 0, 0, 0, 0, 0, 0, 0, 0, 0, 0, 0, 0, 0, 0, 0, 0]",Int64[],Int64[],Int64[],false,false,false,false,false,"(self_direction = 0.14f0, stimulation = -2.09f0, hedonism = 0.67f0, achievement = -1.53f0, power = -1.52f0, security = 1.53f0, conformity = 0.14f0, tradition = 0.24f0, benevolence = 0.55f0, universalism = 1.87f0)"
50,14,21,5,2,25.0,0,62,female,false,false,false,25.0,Int64[],0.0,"Bool[1, 1, 1, 1, 1, 1, 0, 1, 1, 0, 1]","Dict{Int64, Vector{Sugarscape.Loan}}()","Dict{Int64, Vector{Sugarscape.Loan}}()",BitVector[],"Bool[0, 0, 0, 0, 0, 0, 0, 0, 0, 0, 0, 0, 0, 0, 0, 0, 0, 0, 0, 0, 0, 0, 0, 0, 0, 0, 0, 0, 0, 0, 0, 0]",Int64[],Int64[],Int64[],false,false,false,false,false,"(self_direction = -0.12f0, stimulation = -0.56f0, hedonism = -0.46f0, achievement = 0.7f0, power = 0.63f0, security = 0.51f0, conformity = -0.02f0, tradition = -0.3f0, benevolence = -0.08f0, universalism = -0.3f0)"
2,10,47,6,1,6.0,0,93,male,false,false,false,6.0,Int64[],0.0,"Bool[0, 0, 1, 0, 0, 1, 1, 0, 0, 1, 1]","Dict{Int64, Vector{Sugarscape.Loan}}()","Dict{Int64, Vector{Sugarscape.Loan}}()",BitVector[],"Bool[0, 0, 0, 0, 0, 0, 0, 0, 0, 0, 0, 0, 0, 0, 0, 0, 0, 0, 0, 0, 0, 0, 0, 0, 0, 0, 0, 0, 0, 0, 0, 0]",Int64[],Int64[],Int64[],false,false,false,false,false,"(self_direction = 0.2f0, stimulation = -1.45f0, hedonism = 0.05f0, achievement = -0.65f0, power = -1.89f0, security = -0.04f0, conformity = -0.16f0, tradition = 0.38f0, benevolence = 1.89f0, universalism = 1.67f0)"
10,39,45,6,1,14.0,0,71,male,false,false,false,14.0,Int64[],0.0,"Bool[0, 1, 0, 0, 0, 0, 1, 1, 0, 1, 0]","Dict{Int64, Vector{Sugarscape.Loan}}()","Dict{Int64, Vector{Sugarscape.Loan}}()",BitVector[],"Bool[0, 0, 0, 0, 0, 0, 0, 0, 0, 0, 0, 0, 0, 0, 0, 0, 0, 0, 0, 0, 0, 0, 0, 0, 0, 0, 0, 0, 0, 0, 0, 0]",Int64[],Int64[],Int64[],false,false,false,false,false,"(self_direction = 0.61f0, stimulation = -0.1f0, hedonism = 0.14f0, achievement = -1.32f0, power = 0.33f0, security = 0.16f0, conformity = -0.05f0, tradition = -1.67f0, benevolence = 1.26f0, universalism = 0.64f0)"
18,50,21,5,4,11.0,0,61,female,false,false,false,11.0,Int64[],0.0,"Bool[1, 0, 1, 0, 1, 0, 1, 0, 1, 0, 1]","Dict{Int64, Vector{Sugarscape.Loan}}()","Dict{Int64, Vector{Sugarscape.Loan}}()",BitVector[],"Bool[0, 0, 0, 0, 0, 0, 0, 0, 0, 0, 0, 0, 0, 0, 0, 0, 0, 0, 0, 0, 0, 0, 0, 0, 0, 0, 0, 0, 0, 0, 0, 0]",Int64[],Int64[],Int64[],false,false,false,false,false,"(self_direction = -0.16f0, stimulation = -1.26f0, hedonism = 0.23f0, achievement = 0.38f0, power = 0.66f0, security = 1.16f0, conformity = -1.33f0, tradition = -1.05f0, benevolence = 0.54f0, universalism = 0.84f0)"
26,44,18,2,3,19.0,0,61,female,false,false,false,19.0,Int64[],0.0,"Bool[1, 0, 1, 1, 0, 0, 1, 1, 1, 0, 1]","Dict{Int64, Vector{Sugarscape.Loan}}()","Dict{Int64, Vector{Sugarscape.Loan}}()",BitVector[],"Bool[0, 0, 0, 0, 0, 0, 0, 0, 0, 0, 0, 0, 0, 0, 0, 0, 0, 0, 0, 0, 0, 0, 0, 0, 0, 0, 0, 0, 0, 0, 0, 0]",Int64[],Int64[],Int64[],false,false,false,false,false,"(self_direction = 0.1f0, stimulation = 1.0f0, hedonism = 0.98f0, achievement = 0.04f0, power = -1.53f0, security = 0.05f0, conformity = -0.55f0, tradition = -1.16f0, benevolence = 0.37f0, universalism = 0.69f0)"
27,37,1,1,3,25.0,0,76,male,false,false,false,25.0,Int64[],0.0,"Bool[0, 0, 1, 1, 0, 1, 1, 0, 0, 1, 1]","Dict{Int64, Vector{Sugarscape.Loan}}()","Dict{Int64, Vector{Sugarscape.Loan}}()",BitVector[],"Bool[0, 0, 0, 0, 0, 0, 0, 0, 0, 0, 0, 0, 0, 0, 0, 0, 0, 0, 0, 0, 0, 0, 0, 0, 0, 0, 0, 0, 0, 0, 0, 0]",Int64[],Int64[],Int64[],false,false,false,false,false,"(self_direction = 0.8f0, stimulation = -1.6f0, hedonism = 0.25f0, achievement = -1.3f0, power = -3.17f0, security = -0.7f0, conformity = 0.93f0, tradition = 1.08f0, benevolence = 2.33f0, universalism = 1.36f0)"
42,23,13,2,1,16.0,0,67,male,false,false,false,16.0,Int64[],0.0,"Bool[1, 1, 1, 0, 1, 0, 1, 0, 1, 1, 0]","Dict{Int64, Vector{Sugarscape.Loan}}()","Dict{Int64, Vector{Sugarscape.Loan}}()",BitVector[],"Bool[0, 0, 0, 0, 0, 0, 0, 0, 0, 0, 0, 0, 0, 0, 0, 0, 0, 0, 0, 0, 0, 0, 0, 0, 0, 0, 0, 0, 0, 0, 0, 0]",Int64[],Int64[],Int64[],false,false,false,false,false,"(self_direction = 0.86f0, stimulation = -1.43f0, hedonism = 0.22f0, achievement = -0.77f0, power = -0.99f0, security = 0.06f0, conformity = -0.76f0, tradition = 1.48f0, benevolence = 1.87f0, universalism = -0.54f0)"
16,38,38,6,3,11.0,0,91,female,false,false,false,11.0,Int64[],0.0,"Bool[1, 1, 0, 1, 1, 0, 0, 1, 1, 1, 1]","Dict{Int64, Vector{Sugarscape.Loan}}()","Dict{Int64, Vector{Sugarscape.Loan}}()",BitVector[],"Bool[0, 0, 0, 0, 0, 0, 0, 0, 0, 0, 0, 0, 0, 0, 0, 0, 0, 0, 0, 0, 0, 0, 0, 0, 0, 0, 0, 0, 0, 0, 0, 0]",Int64[],Int64[],Int64[],false,false,false,false,false,"(self_direction = 1.74f0, stimulation = -0.89f0, hedonism = -1.54f0, achievement = 0.5f0, power = -1.6f0, security = -1.1f0, conformity = -0.3f0, tradition = 0.26f0, benevolence = 1.91f0, universalism = 1.02f0)"
20,13,9,4,1,14.0,0,87,male,false,false,false,14.0,Int64[],0.0,"Bool[0, 1, 1, 1, 0, 0, 1, 1, 0, 1, 0]","Dict{Int64, Vector{Sugarscape.Loan}}()","Dict{Int64, Vector{Sugarscape.Loan}}()",BitVector[],"Bool[0, 0, 0, 0, 0, 0, 0, 0, 0, 0, 0, 0, 0, 0, 0, 0, 0, 0, 0, 0, 0, 0, 0, 0, 0, 0, 0, 0, 0, 0, 0, 0]",Int64[],Int64[],Int64[],false,false,false,false,false,"(self_direction = 1.67f0, stimulation = -0.52f0, hedonism = -1.8f0, achievement = 0.51f0, power = -1.4f0, security = 0.75f0, conformity = -1.02f0, tradition = -0.01f0, benevolence = 0.95f0, universalism = 0.87f0)"
19,48,27,4,2,22.0,0,98,female,false,false,false,22.0,Int64[],0.0,"Bool[0, 1, 1, 0, 0, 0, 1, 0, 1, 1, 1]","Dict{Int64, Vector{Sugarscape.Loan}}()","Dict{Int64, Vector{Sugarscape.Loan}}()",BitVector[],"Bool[0, 0, 0, 0, 0, 0, 0, 0, 0, 0, 0, 0, 0, 0, 0, 0, 0, 0, 0, 0, 0, 0, 0, 0, 0, 0, 0, 0, 0, 0, 0, 0]",Int64[],Int64[],Int64[],false,false,false,false,false,"(self_direction = 0.6f0, stimulation = -0.58f0, hedonism = -1.04f0, achievement = -0.53f0, power = -0.83f0, security = 1.85f0, conformity = 0.55f0, tradition = 0.03f0, benevolence = 0.29f0, universalism = -0.35f0)"
49,6,24,1,1,13.0,0,82,female,false,false,false,13.0,Int64[],0.0,"Bool[1, 1, 1, 0, 1, 1, 0, 0, 0, 0, 1]","Dict{Int64, Vector{Sugarscape.Loan}}()","Dict{Int64, Vector{Sugarscape.Loan}}()",BitVector[],"Bool[0, 0, 0, 0, 0, 0, 0, 0, 0, 0, 0, 0, 0, 0, 0, 0, 0, 0, 0, 0, 0, 0, 0, 0, 0, 0, 0, 0, 0, 0, 0, 0]",Int64[],Int64[],Int64[],false,false,false,false,false,"(self_direction = 0.19f0, stimulation = -1.08f0, hedonism = 0.58f0, achievement = 0.4f0, power = -0.64f0, security = 0.72f0, conformity = 0.27f0, tradition = -0.27f0, benevolence = -0.1f0, universalism = -0.07f0)"
44,10,1,2,3,18.0,0,100,female,false,false,false,18.0,Int64[],0.0,"Bool[1, 1, 1, 1, 0, 0, 1, 1, 0, 1, 1]","Dict{Int64, Vector{Sugarscape.Loan}}()","Dict{Int64, Vector{Sugarscape.Loan}}()",BitVector[],"Bool[0, 0, 0, 0, 0, 0, 0, 0, 0, 0, 0, 0, 0, 0, 0, 0, 0, 0, 0, 0, 0, 0, 0, 0, 0, 0, 0, 0, 0, 0, 0, 0]",Int64[],Int64[],Int64[],false,false,false,false,false,"(self_direction = 0.1f0, stimulation = 0.17f0, hedonism = -0.78f0, achievement = -0.89f0, power = -0.58f0, security = 0.48f0, conformity = 0.45f0, tradition = 0.05f0, benevolence = 0.47f0, universalism = 0.54f0)"
9,13,19,2,4,13.0,0,95,male,false,false,false,13.0,Int64[],0.0,"Bool[0, 0, 1, 0, 0, 1, 1, 0, 0, 1, 1]","Dict{Int64, Vector{Sugarscape.Loan}}()","Dict{Int64, Vector{Sugarscape.Loan}}()",BitVector[],"Bool[0, 0, 0, 0, 0, 0, 0, 0, 0, 0, 0, 0, 0, 0, 0, 0, 0, 0, 0, 0, 0, 0, 0, 0, 0, 0, 0, 0, 0, 0, 0, 0]",Int64[],Int64[],Int64[],false,false,false,false,false,"(self_direction = 0.93f0, stimulation = 0.51f0, hedonism = 0.7f0, achievement = -1.76f0, power = -1.25f0, security = 0.97f0, conformity = -1.04f0, tradition = -0.76f0, benevolence = 1.08f0, universalism = 0.62f0)"
31,19,39,5,2,20.0,0,60,female,false,false,false,20.0,Int64[],0.0,"Bool[0, 1, 1, 0, 0, 1, 0, 1, 1, 1, 1]","Dict{Int64, Vector{Sugarscape.Loan}}()","Dict{Int64, Vector{Sugarscape.Loan}}()",BitVector[],"Bool[0, 0, 0, 0, 0, 0, 0, 0, 0, 0, 0, 0, 0, 0, 0, 0, 0, 0, 0, 0, 0, 0, 0, 0, 0, 0, 0, 0, 0, 0, 0, 0]",Int64[],Int64[],Int64[],false,false,false,false,false,"(self_direction = 0.65f0, stimulation = 0.51f0, hedonism = 1.31f0, achievement = -0.24f0, power = -0.78f0, security = -1.08f0, conformity = -1.09f0, tradition = -0.77f0, benevolence = 1.23f0, universalism = 0.26f0)"
29,43,15,5,4,14.0,0,98,male,false,false,false,14.0,Int64[],0.0,"Bool[0, 0, 0, 1, 1, 0, 1, 1, 1, 0, 0]","Dict{Int64, Vector{Sugarscape.Loan}}()","Dict{Int64, Vector{Sugarscape.Loan}}()",BitVector[],"Bool[0, 0, 0, 0, 0, 0, 0, 0, 0, 0, 0, 0, 0, 0, 0, 0, 0, 0, 0, 0, 0, 0, 0, 0, 0, 0, 0, 0, 0, 0, 0, 0]",Int64[],Int64[],Int64[],false,false,false,false,false,"(self_direction = 1.07f0, stimulation = -1.52f0, hedonism = -0.25f0, achievement = -1.09f0, power = -1.85f0, security = 1.45f0, conformity = 0.03f0, tradition = 0.98f0, benevolence = 0.69f0, universalism = 0.49f0)"
46,23,40,6,2,21.0,0,68,male,false,false,false,21.0,Int64[],0.0,"Bool[1, 1, 0, 0, 1, 0, 1, 0, 1, 1, 0]","Dict{Int64, Vector{Sugarscape.Loan}}()","Dict{Int64, Vector{Sugarscape.Loan}}()",BitVector[],"Bool[0, 0, 0, 0, 0, 0, 0, 0, 0, 0, 0, 0, 0, 0, 0, 0, 0, 0, 0, 0, 0, 0, 0, 0, 0, 0, 0, 0, 0, 0, 0, 0]",Int64[],Int64[],Int64[],false,false,false,false,false,"(self_direction = -0.47f0, stimulation = -0.48f0, hedonism = -0.78f0, achievement = 0.52f0, power = -0.21f0, security = 0.49f0, conformity = 0.34f0, tradition = 0.21f0, benevolence = 0.7f0, universalism = -0.31f0)"
21,6,20,4,1,24.0,0,91,female,false,false,false,24.0,Int64[],0.0,"Bool[1, 1, 1, 1, 1, 0, 1, 0, 1, 1, 0]","Dict{Int64, Vector{Sugarscape.Loan}}()","Dict{Int64, Vector{Sugarscape.Loan}}()",BitVector[],"Bool[0, 0, 0, 0, 0, 0, 0, 0, 0, 0, 0, 0, 0, 0, 0, 0, 0, 0, 0, 0, 0, 0, 0, 0, 0, 0, 0, 0, 0, 0, 0, 0]",Int64[],Int64[],Int64[],false,false,false,false,false,"(self_direction = 0.82f0, stimulation = 0.39f0, hedonism = 0.31f0, achievement = -0.67f0, power = 0.38f0, security = 0.97f0, conformity = -1.0f0, tradition = -0.92f0, benevolence = 0.17f0, universalism = -0.44f0)"
38,38,17,2,1,17.0,0,60,female,false,false,false,17.0,Int64[],0.0,"Bool[0, 1, 1, 0, 1, 0, 0, 0, 0, 1, 1]","Dict{Int64, Vector{Sugarscape.Loan}}()","Dict{Int64, Vector{Sugarscape.Loan}}()",BitVector[],"Bool[0, 0, 0, 0, 0, 0, 0, 0, 0, 0, 0, 0, 0, 0, 0, 0, 0, 0, 0, 0, 0, 0, 0, 0, 0, 0, 0, 0, 0, 0, 0, 0]",Int64[],Int64[],Int64[],false,false,false,false,false,"(self_direction = -0.04f0, stimulation = -0.65f0, hedonism = 0.44f0, achievement = -0.78f0, power = -1.09f0, security = 1.24f0, conformity = -0.68f0, tradition = 0.12f0, benevolence = 0.7f0, universalism = 0.73f0)"
24,12,50,6,2,14.0,0,83,female,false,false,false,14.0,Int64[],0.0,"Bool[1, 0, 0, 1, 0, 0, 0, 1, 1, 0, 1]","Dict{Int64, Vector{Sugarscape.Loan}}()","Dict{Int64, Vector{Sugarscape.Loan}}()",BitVector[],"Bool[0, 0, 0, 0, 0, 0, 0, 0, 0, 0, 0, 0, 0, 0, 0, 0, 0, 0, 0, 0, 0, 0, 0, 0, 0, 0, 0, 0, 0, 0, 0, 0]",Int64[],Int64[],Int64[],false,false,false,false,false,"(self_direction = 1.53f0, stimulation = -1.09f0, hedonism = -1.05f0, achievement = -0.79f0, power = -0.61f0, security = 0.71f0, conformity = -0.72f0, tradition = -0.01f0, benevolence = 0.3f0, universalism = 1.72f0)"
8,33,22,4,3,15.0,0,74,male,false,false,false,15.0,Int64[],0.0,"Bool[1, 1, 1, 0, 0, 0, 1, 1, 0, 0, 1]","Dict{Int64, Vector{Sugarscape.Loan}}()","Dict{Int64, Vector{Sugarscape.Loan}}()",BitVector[],"Bool[0, 0, 0, 0, 0, 0, 0, 0, 0, 0, 0, 0, 0, 0, 0, 0, 0, 0, 0, 0, 0, 0, 0, 0, 0, 0, 0, 0, 0, 0, 0, 0]",Int64[],Int64[],Int64[],false,false,false,false,false,"(self_direction = 1.23f0, stimulation = -2.58f0, hedonism = 0.2f0, achievement = 0.04f0, power = -0.02f0, security = -0.37f0, conformity = 0.04f0, tradition = -0.29f0, benevolence = 0.36f0, universalism = 1.39f0)"
17,13,44,1,2,22.0,0,93,male,false,false,false,22.0,Int64[],0.0,"Bool[1, 0, 1, 1, 1, 0, 1, 0, 0, 1, 0]","Dict{Int64, Vector{Sugarscape.Loan}}()","Dict{Int64, Vector{Sugarscape.Loan}}()",BitVector[],"Bool[0, 0, 0, 0, 0, 0, 0, 0, 0, 0, 0, 0, 0, 0, 0, 0, 0, 0, 0, 0, 0, 0, 0, 0, 0, 0, 0, 0, 0, 0, 0, 0]",Int64[],Int64[],Int64[],false,false,false,false,false,"(self_direction = -0.22f0, stimulation = -1.9f0, hedonism = -0.9f0, achievement = -1.15f0, power = 0.47f0, security = 0.89f0, conformity = 1.4f0, tradition = 1.09f0, benevolence = 0.12f0, universalism = 0.2f0)"
37,24,8,6,3,5.0,0,91,female,false,false,false,5.0,Int64[],0.0,"Bool[1, 1, 0, 1, 1, 0, 1, 0, 1, 0, 0]","Dict{Int64, Vector{Sugarscape.Loan}}()","Dict{Int64, Vector{Sugarscape.Loan}}()",BitVector[],"Bool[0, 0, 0, 0, 0, 0, 0, 0, 0, 0, 0, 0, 0, 0, 0, 0, 0, 0, 0, 0, 0, 0, 0, 0, 0, 0, 0, 0, 0, 0, 0, 0]",Int64[],Int64[],Int64[],false,false,false,false,false,"(self_direction = -0.11f0, stimulation = 0.24f0, hedonism = 0.51f0, achievement = -0.77f0, power = -3.86f0, security = 1.78f0, conformity = -0.27f0, tradition = 1.02f0, benevolence = 0.57f0, universalism = 0.9f0)"
1,2,21,6,2,9.0,0,92,male,false,false,false,9.0,Int64[],0.0,"Bool[0, 0, 1, 1, 1, 0, 0, 0, 0, 1, 1]","Dict{Int64, Vector{Sugarscape.Loan}}()","Dict{Int64, Vector{Sugarscape.Loan}}()",BitVector[],"Bool[0, 0, 0, 0, 0, 0, 0, 0, 0, 0, 0, 0, 0, 0, 0, 0, 0, 0, 0, 0, 0, 0, 0, 0, 0, 0, 0, 0, 0, 0, 0, 0]",Int64[],Int64[],Int64[],false,false,false,false,false,"(self_direction = 1.72f0, stimulation = -0.33f0, hedonism = 1.65f0, achievement = -0.58f0, power = -2.11f0, security = -0.01f0, conformity = -0.72f0, tradition = -1.01f0, benevolence = 0.82f0, universalism = 0.57f0)"
22,20,18,1,3,25.0,0,97,male,false,false,false,25.0,Int64[],0.0,"Bool[1, 1, 0, 0, 0, 0, 1, 0, 1, 1, 1]","Dict{Int64, Vector{Sugarscape.Loan}}()","Dict{Int64, Vector{Sugarscape.Loan}}()",BitVector[],"Bool[0, 0, 0, 0, 0, 0, 0, 0, 0, 0, 0, 0, 0, 0, 0, 0, 0, 0, 0, 0, 0, 0, 0, 0, 0, 0, 0, 0, 0, 0, 0, 0]",Int64[],Int64[],Int64[],false,false,false,false,false,"(self_direction = 1.34f0, stimulation = -1.49f0, hedonism = -0.06f0, achievement = 0.04f0, power = -0.66f0, security = -0.17f0, conformity = -0.64f0, tradition = 0.62f0, benevolence = 0.72f0, universalism = 0.3f0)"
47,5,12,2,4,11.0,0,62,female,false,false,false,11.0,Int64[],0.0,"Bool[0, 0, 0, 1, 1, 0, 1, 1, 0, 0, 0]","Dict{Int64, Vector{Sugarscape.Loan}}()","Dict{Int64, Vector{Sugarscape.Loan}}()",BitVector[],"Bool[0, 0, 0, 0, 0, 0, 0, 0, 0, 0, 0, 0, 0, 0, 0, 0, 0, 0, 0, 0, 0, 0, 0, 0, 0, 0, 0, 0, 0, 0, 0, 0]",Int64[],Int64[],Int64[],false,false,false,false,false,"(self_direction = 0.69f0, stimulation = -0.76f0, hedonism = 1.38f0, achievement = -0.08f0, power = -0.59f0, security = -0.0f0, conformity = -0.94f0, tradition = -0.65f0, benevolence = 0.83f0, universalism = 0.11f0)"
14,13,40,2,2,10.0,0,69,male,false,false,false,10.0,Int64[],0.0,"Bool[0, 1, 0, 0, 0, 0, 1, 0, 0, 1, 1]","Dict{Int64, Vector{Sugarscape.Loan}}()","Dict{Int64, Vector{Sugarscape.Loan}}()",BitVector[],"Bool[0, 0, 0, 0, 0, 0, 0, 0, 0, 0, 0, 0, 0, 0, 0, 0, 0, 0, 0, 0, 0, 0, 0, 0, 0, 0, 0, 0, 0, 0, 0, 0]",Int64[],Int64[],Int64[],false,false,false,false,false,"(self_direction = 0.47f0, stimulation = -2.74f0, hedonism = -0.58f0, achievement = -0.32f0, power = -0.19f0, security = 1.51f0, conformity = -0.38f0, tradition = 0.3f0, benevolence = 0.25f0, universalism = 1.69f0)"
3,30,6,1,4,14.0,0,97,female,false,false,false,14.0,Int64[],0.0,"Bool[0, 1, 1, 0, 1, 0, 1, 1, 1, 0, 1]","Dict{Int64, Vector{Sugarscape.Loan}}()","Dict{Int64, Vector{Sugarscape.Loan}}()",BitVector[],"Bool[0, 0, 0, 0, 0, 0, 0, 0, 0, 0, 0, 0, 0, 0, 0, 0, 0, 0, 0, 0, 0, 0, 0, 0, 0, 0, 0, 0, 0, 0, 0, 0]",Int64[],Int64[],Int64[],false,false,false,false,false,"(self_direction = 0.36f0, stimulation = -2.45f0, hedonism = -1.34f0, achievement = -0.84f0, power = -1.28f0, security = 1.27f0, conformity = 0.67f0, tradition = -0.72f0, benevolence = 2.18f0, universalism = 2.15f0)"
33,26,2,2,4,7.0,0,88,female,false,false,false,7.0,Int64[],0.0,"Bool[0, 1, 0, 1, 0, 1, 1, 0, 0, 0, 1]","Dict{Int64, Vector{Sugarscape.Loan}}()","Dict{Int64, Vector{Sugarscape.Loan}}()",BitVector[],"Bool[0, 0, 0, 0, 0, 0, 0, 0, 0, 0, 0, 0, 0, 0, 0, 0, 0, 0, 0, 0, 0, 0, 0, 0, 0, 0, 0, 0, 0, 0, 0, 0]",Int64[],Int64[],Int64[],false,false,false,false,false,"(self_direction = 0.5f0, stimulation = -0.04f0, hedonism = -0.42f0, achievement = -1.78f0, power = -1.37f0, security = 0.18f0, conformity = -0.53f0, tradition = 0.84f0, benevolence = 1.51f0, universalism = 1.12f0)"
40,19,35,5,4,21.0,0,95,female,false,false,false,21.0,Int64[],0.0,"Bool[0, 0, 1, 0, 0, 0, 0, 0, 1, 0, 1]","Dict{Int64, Vector{Sugarscape.Loan}}()","Dict{Int64, Vector{Sugarscape.Loan}}()",BitVector[],"Bool[0, 0, 0, 0, 0, 0, 0, 0, 0, 0, 0, 0, 0, 0, 0, 0, 0, 0, 0, 0, 0, 0, 0, 0, 0, 0, 0, 0, 0, 0, 0, 0]",Int64[],Int64[],Int64[],false,false,false,false,false,"(self_direction = -0.16f0, stimulation = 0.27f0, hedonism = 0.8f0, achievement = 1.08f0, power = -0.08f0, security = -0.09f0, conformity = -0.75f0, tradition = -0.89f0, benevolence = -0.11f0, universalism = -0.08f0)"
48,44,33,5,4,18.0,0,90,female,false,false,false,18.0,Int64[],0.0,"Bool[0, 1, 0, 1, 0, 1, 1, 1, 1, 0, 0]","Dict{Int64, Vector{Sugarscape.Loan}}()","Dict{Int64, Vector{Sugarscape.Loan}}()",BitVector[],"Bool[0, 0, 0, 0, 0, 0, 0, 0, 0, 0, 0, 0, 0, 0, 0, 0, 0, 0, 0, 0, 0, 0, 0, 0, 0, 0, 0, 0, 0, 0, 0, 0]",Int64[],Int64[],Int64[],false,false,false,false,false,"(self_direction = 0.59f0, stimulation = -1.68f0, hedonism = 0.89f0, achievement = 0.69f0, power = -0.53f0, security = 0.51f0, conformity = -1.17f0, tradition = -1.11f0, benevolence = 0.44f0, universalism = 1.36f0)"
15,28,20,4,2,5.0,0,60,female,false,false,false,5.0,Int64[],0.0,"Bool[1, 0, 0, 1, 1, 0, 0, 1, 0, 1, 1]","Dict{Int64, Vector{Sugarscape.Loan}}()","Dict{Int64, Vector{Sugarscape.Loan}}()",BitVector[],"Bool[0, 0, 0, 0, 0, 0, 0, 0, 0, 0, 0, 0, 0, 0, 0, 0, 0, 0, 0, 0, 0, 0, 0, 0, 0, 0, 0, 0, 0, 0, 0, 0]",Int64[],Int64[],Int64[],false,false,false,false,false,"(self_direction = -0.69f0, stimulation = -1.1f0, hedonism = -0.19f0, achievement = -0.06f0, power = 0.12f0, security = -0.08f0, conformity = 0.13f0, tradition = -0.34f0, benevolence = 1.61f0, universalism = 0.62f0)"
