time,calculate_cultural_entropy,calculate_cultural_diversity,calculate_spatial_segregation,calculate_clustering_coefficient,count_red_tribe,count_blue_tribe,calculate_tribe_proportions,calculate_wealth_percentiles,calculate_pareto_alpha,model.deaths_age,model.deaths_starvation,calculate_cultural_initiation_by_tribe,nagents
0,3.884297118205747,"Dict{String, Real}(""unique_cultures"" => 49, ""max_possible"" => 2048, ""diversity_ratio"" => 0.02392578125)",0.0,0.0,29,21,"Dict(""blue_proportion"" => 0.42, ""red_proportion"" => 0.58)","Dict(:p25 => 10.25, :p75 => 19.0, :p50 => 14.0, :p90 => 23.1, :p99 => 25.0, :p95 => 24.549999999999997)",9.797632143947327,0,0,"Dict{String, Real}(""red_transmission_rate"" => 0.0, ""blue_transmission_rate"" => 0.0, ""blue_initiated_transmissions"" => 0, ""red_initiated_transmissions"" => 0, ""total_transmissions"" => 0)",50
1,3.912023005428145,"Dict{String, Real}(""unique_cultures"" => 50, ""max_possible"" => 2048, ""diversity_ratio"" => 0.0244140625)",0.0,0.0,30,20,"Dict(""blue_proportion"" => 0.4, ""red_proportion"" => 0.6)","Dict(:p25 => 8.25, :p75 => 19.75, :p50 => 13.0, :p90 => 23.0, :p99 => 24.509999999999998, :p95 => 23.0)",25.467857350961356,0,0,"Dict{String, Real}(""red_transmission_rate"" => 0.5, ""blue_transmission_rate"" => 0.5, ""blue_initiated_transmissions"" => 1, ""red_initiated_transmissions"" => 1, ""total_transmissions"" => 2)",50
0,3.884297118205747,"Dict{String, Real}(""unique_cultures"" => 49, ""max_possible"" => 2048, ""diversity_ratio"" => 0.02392578125)",0.0,0.0,29,21,"Dict(""blue_proportion"" => 0.42, ""red_proportion"" => 0.58)","Dict(:p25 => 10.25, :p75 => 19.0, :p50 => 14.0, :p90 => 23.1, :p99 => 25.0, :p95 => 24.549999999999997)",9.797632143947327,0,0,"Dict{String, Real}(""red_transmission_rate"" => 0.0, ""blue_transmission_rate"" => 0.0, ""blue_initiated_transmissions"" => 0, ""red_initiated_transmissions"" => 0, ""total_transmissions"" => 0)",50
1,3.884297118205747,"Dict{String, Real}(""unique_cultures"" => 49, ""max_possible"" => 2048, ""diversity_ratio"" => 0.02392578125)",0.0,0.0,28,22,"Dict(""blue_proportion"" => 0.44, ""red_proportion"" => 0.56)","Dict(:p25 => 8.25, :p75 => 19.75, :p50 => 13.0, :p90 => 23.0, :p99 => 24.509999999999998, :p95 => 23.549999999999997)",22.977338591455364,0,0,"Dict{String, Real}(""red_transmission_rate"" => 0.0, ""blue_transmission_rate"" => 1.0, ""blue_initiated_transmissions"" => 1, ""red_initiated_transmissions"" => 0, ""total_transmissions"" => 1)",50
2,3.884297118205747,"Dict{String, Real}(""unique_cultures"" => 49, ""max_possible"" => 2048, ""diversity_ratio"" => 0.02392578125)",0.0,0.0,29,21,"Dict(""blue_proportion"" => 0.42, ""red_proportion"" => 0.58)","Dict(:p25 => 8.0, :p75 => 18.75, :p50 => 12.0, :p90 => 23.0, :p99 => 25.529999999999994, :p95 => 24.0)",10.788741200438297,0,1,"Dict{String, Real}(""red_transmission_rate"" => 0.0, ""blue_transmission_rate"" => 1.0, ""blue_initiated_transmissions"" => 2, ""red_initiated_transmissions"" => 0, ""total_transmissions"" => 2)",50
3,3.912023005428145,"Dict{String, Real}(""unique_cultures"" => 50, ""max_possible"" => 2048, ""diversity_ratio"" => 0.0244140625)",0.0,0.0,29,21,"Dict(""blue_proportion"" => 0.42, ""red_proportion"" => 0.58)","Dict(:p25 => 8.0, :p75 => 18.75, :p50 => 11.0, :p90 => 23.1, :p99 => 26.509999999999998, :p95 => 25.0)",8.182567594494186,0,4,"Dict{String, Real}(""red_transmission_rate"" => 0.5, ""blue_transmission_rate"" => 0.5, ""blue_initiated_transmissions"" => 2, ""red_initiated_transmissions"" => 2, ""total_transmissions"" => 4)",50
4,3.912023005428145,"Dict{String, Real}(""unique_cultures"" => 50, ""max_possible"" => 2048, ""diversity_ratio"" => 0.0244140625)",0.0,0.0,30,20,"Dict(""blue_proportion"" => 0.4, ""red_proportion"" => 0.6)","Dict(:p25 => 7.0, :p75 => 19.75, :p50 => 11.5, :p90 => 25.1, :p99 => 28.509999999999998, :p95 => 26.549999999999997)",5.633432560031887,0,7,"Dict{String, Real}(""red_transmission_rate"" => 0.5, ""blue_transmission_rate"" => 0.5, ""blue_initiated_transmissions"" => 3, ""red_initiated_transmissions"" => 3, ""total_transmissions"" => 6)",50
5,3.912023005428145,"Dict{String, Real}(""unique_cultures"" => 50, ""max_possible"" => 2048, ""diversity_ratio"" => 0.0244140625)",0.0,0.0,29,21,"Dict(""blue_proportion"" => 0.42, ""red_proportion"" => 0.58)","Dict(:p25 => 7.0, :p75 => 20.0, :p50 => 12.0, :p90 => 28.0, :p99 => 30.509999999999998, :p95 => 28.549999999999997)",8.009265116425167,0,11,"Dict{String, Real}(""red_transmission_rate"" => 0.4, ""blue_transmission_rate"" => 0.6, ""blue_initiated_transmissions"" => 3, ""red_initiated_transmissions"" => 2, ""total_transmissions"" => 5)",50
6,3.8565712309833495,"Dict{String, Real}(""unique_cultures"" => 48, ""max_possible"" => 2048, ""diversity_ratio"" => 0.0234375)",0.0,0.0,26,24,"Dict(""blue_proportion"" => 0.48, ""red_proportion"" => 0.52)","Dict(:p25 => 7.25, :p75 => 22.0, :p50 => 12.0, :p90 => 30.1, :p99 => 32.51, :p95 => 31.0)",6.990128152813169,0,14,"Dict{String, Real}(""red_transmission_rate"" => 0.4, ""blue_transmission_rate"" => 0.6, ""blue_initiated_transmissions"" => 6, ""red_initiated_transmissions"" => 4, ""total_transmissions"" => 10)",50
7,3.912023005428145,"Dict{String, Real}(""unique_cultures"" => 50, ""max_possible"" => 2048, ""diversity_ratio"" => 0.0244140625)",0.0,0.0,26,24,"Dict(""blue_proportion"" => 0.48, ""red_proportion"" => 0.52)","Dict(:p25 => 7.0, :p75 => 23.75, :p50 => 12.5, :p90 => 32.1, :p99 => 34.51, :p95 => 33.55)",6.0007554256206275,0,15,"Dict{String, Real}(""red_transmission_rate"" => 0.4166666666666667, ""blue_transmission_rate"" => 0.5833333333333334, ""blue_initiated_transmissions"" => 7, ""red_initiated_transmissions"" => 5, ""total_transmissions"" => 12)",50
8,3.912023005428145,"Dict{String, Real}(""unique_cultures"" => 50, ""max_possible"" => 2048, ""diversity_ratio"" => 0.0244140625)",0.0,0.0,26,24,"Dict(""blue_proportion"" => 0.48, ""red_proportion"" => 0.52)","Dict(:p25 => 7.0, :p75 => 24.0, :p50 => 15.5, :p90 => 34.1, :p99 => 37.0, :p95 => 36.0)",5.239035675684237,0,18,"Dict{String, Real}(""red_transmission_rate"" => 0.5, ""blue_transmission_rate"" => 0.5, ""blue_initiated_transmissions"" => 5, ""red_initiated_transmissions"" => 5, ""total_transmissions"" => 10)",50
9,3.884297118205747,"Dict{String, Real}(""unique_cultures"" => 49, ""max_possible"" => 2048, ""diversity_ratio"" => 0.02392578125)",0.0,0.0,27,23,"Dict(""blue_proportion"" => 0.46, ""red_proportion"" => 0.54)","Dict(:p25 => 7.25, :p75 => 26.0, :p50 => 16.5, :p90 => 36.1, :p99 => 38.51, :p95 => 37.55)",4.944672076686849,0,20,"Dict{String, Real}(""red_transmission_rate"" => 0.375, ""blue_transmission_rate"" => 0.625, ""blue_initiated_transmissions"" => 5, ""red_initiated_transmissions"" => 3, ""total_transmissions"" => 8)",50
10,3.8565712309833495,"Dict{String, Real}(""unique_cultures"" => 48, ""max_possible"" => 2048, ""diversity_ratio"" => 0.0234375)",0.0,0.0,30,20,"Dict(""blue_proportion"" => 0.4, ""red_proportion"" => 0.6)","Dict(:p25 => 7.0, :p75 => 27.75, :p50 => 15.5, :p90 => 37.1, :p99 => 41.0, :p95 => 40.099999999999994)",5.350432427708759,0,20,"Dict{String, Real}(""red_transmission_rate"" => 0.5, ""blue_transmission_rate"" => 0.5, ""blue_initiated_transmissions"" => 5, ""red_initiated_transmissions"" => 5, ""total_transmissions"" => 10)",50
11,3.8565712309833495,"Dict{String, Real}(""unique_cultures"" => 48, ""max_possible"" => 2048, ""diversity_ratio"" => 0.0234375)",0.0,0.0,27,23,"Dict(""blue_proportion"" => 0.46, ""red_proportion"" => 0.54)","Dict(:p25 => 10.5, :p75 => 28.75, :p50 => 17.0, :p90 => 38.1, :p99 => 44.0, :p95 => 42.099999999999994)",5.786060984919837,0,24,"Dict{String, Real}(""red_transmission_rate"" => 0.42857142857142855, ""blue_transmission_rate"" => 0.5714285714285714, ""blue_initiated_transmissions"" => 4, ""red_initiated_transmissions"" => 3, ""total_transmissions"" => 7)",50
12,3.8011194565385535,"Dict{String, Real}(""unique_cultures"" => 46, ""max_possible"" => 2048, ""diversity_ratio"" => 0.0224609375)",0.0,0.0,25,25,"Dict(""blue_proportion"" => 0.5, ""red_proportion"" => 0.5)","Dict(:p25 => 11.0, :p75 => 29.75, :p50 => 17.5, :p90 => 40.1, :p99 => 46.51, :p95 => 44.099999999999994)",5.192632911401472,0,25,"Dict{String, Real}(""red_transmission_rate"" => 0.6, ""blue_transmission_rate"" => 0.4, ""blue_initiated_transmissions"" => 2, ""red_initiated_transmissions"" => 3, ""total_transmissions"" => 5)",50
13,3.8011194565385535,"Dict{String, Real}(""unique_cultures"" => 46, ""max_possible"" => 2048, ""diversity_ratio"" => 0.0224609375)",0.0,0.0,23,27,"Dict(""blue_proportion"" => 0.54, ""red_proportion"" => 0.46)","Dict(:p25 => 11.0, :p75 => 30.75, :p50 => 18.0, :p90 => 42.1, :p99 => 49.0, :p95 => 46.099999999999994)",4.739146437536376,0,26,"Dict{String, Real}(""red_transmission_rate"" => 0.4444444444444444, ""blue_transmission_rate"" => 0.5555555555555556, ""blue_initiated_transmissions"" => 5, ""red_initiated_transmissions"" => 4, ""total_transmissions"" => 9)",50
14,3.7456676820937576,"Dict{String, Real}(""unique_cultures"" => 44, ""max_possible"" => 2048, ""diversity_ratio"" => 0.021484375)",0.0,0.0,22,28,"Dict(""blue_proportion"" => 0.56, ""red_proportion"" => 0.44)","Dict(:p25 => 10.0, :p75 => 31.75, :p50 => 19.0, :p90 => 44.1, :p99 => 51.51, :p95 => 47.64999999999999)",5.062249392963723,0,28,"Dict{String, Real}(""red_transmission_rate"" => 0.35714285714285715, ""blue_transmission_rate"" => 0.6428571428571429, ""blue_initiated_transmissions"" => 9, ""red_initiated_transmissions"" => 5, ""total_transmissions"" => 14)",50
15,3.8288453437609515,"Dict{String, Real}(""unique_cultures"" => 47, ""max_possible"" => 2048, ""diversity_ratio"" => 0.02294921875)",0.0,0.0,21,29,"Dict(""blue_proportion"" => 0.58, ""red_proportion"" => 0.42)","Dict(:p25 => 9.25, :p75 => 32.75, :p50 => 21.5, :p90 => 47.0, :p99 => 54.0, :p95 => 49.64999999999999)",4.2782033685272145,0,29,"Dict{String, Real}(""red_transmission_rate"" => 0.38461538461538464, ""blue_transmission_rate"" => 0.6153846153846154, ""blue_initiated_transmissions"" => 8, ""red_initiated_transmissions"" => 5, ""total_transmissions"" => 13)",50
16,3.8565712309833495,"Dict{String, Real}(""unique_cultures"" => 48, ""max_possible"" => 2048, ""diversity_ratio"" => 0.0234375)",0.0,0.0,21,29,"Dict(""blue_proportion"" => 0.58, ""red_proportion"" => 0.42)","Dict(:p25 => 9.0, :p75 => 33.75, :p50 => 21.0, :p90 => 49.1, :p99 => 56.51, :p95 => 51.64999999999999)",4.455946224951234,0,29,"Dict{String, Real}(""red_transmission_rate"" => 0.4444444444444444, ""blue_transmission_rate"" => 0.5555555555555556, ""blue_initiated_transmissions"" => 5, ""red_initiated_transmissions"" => 4, ""total_transmissions"" => 9)",50
17,3.856571230983349,"Dict{String, Real}(""unique_cultures"" => 48, ""max_possible"" => 2048, ""diversity_ratio"" => 0.0234375)",0.0,0.0,22,28,"Dict(""blue_proportion"" => 0.56, ""red_proportion"" => 0.44)","Dict(:p25 => 9.25, :p75 => 34.75, :p50 => 21.0, :p90 => 51.0, :p99 => 59.019999999999996, :p95 => 54.099999999999994)",4.62254945755262,0,30,"Dict{String, Real}(""red_transmission_rate"" => 0.3333333333333333, ""blue_transmission_rate"" => 0.6666666666666666, ""blue_initiated_transmissions"" => 6, ""red_initiated_transmissions"" => 3, ""total_transmissions"" => 9)",50
18,3.8461062681080587,"Dict{String, Real}(""unique_cultures"" => 48, ""max_possible"" => 2048, ""diversity_ratio"" => 0.0234375)",0.0,0.0,22,28,"Dict(""blue_proportion"" => 0.56, ""red_proportion"" => 0.44)","Dict(:p25 => 10.25, :p75 => 35.75, :p50 => 22.0, :p90 => 52.1, :p99 => 61.529999999999994, :p95 => 56.55)",4.833735012450654,0,33,"Dict{String, Real}(""red_transmission_rate"" => 0.46153846153846156, ""blue_transmission_rate"" => 0.5384615384615384, ""blue_initiated_transmissions"" => 7, ""red_initiated_transmissions"" => 6, ""total_transmissions"" => 13)",50
19,3.790654493663263,"Dict{String, Real}(""unique_cultures"" => 46, ""max_possible"" => 2048, ""diversity_ratio"" => 0.0224609375)",0.0,0.0,20,30,"Dict(""blue_proportion"" => 0.6, ""red_proportion"" => 0.4)","Dict(:p25 => 10.0, :p75 => 37.0, :p50 => 23.0, :p90 => 54.1, :p99 => 64.02, :p95 => 59.0)",4.951147222973764,0,34,"Dict{String, Real}(""red_transmission_rate"" => 0.38461538461538464, ""blue_transmission_rate"" => 0.6153846153846154, ""blue_initiated_transmissions"" => 8, ""red_initiated_transmissions"" => 5, ""total_transmissions"" => 13)",50
20,3.8011194565385535,"Dict{String, Real}(""unique_cultures"" => 46, ""max_possible"" => 2048, ""diversity_ratio"" => 0.0224609375)",0.0,0.0,21,29,"Dict(""blue_proportion"" => 0.58, ""red_proportion"" => 0.42)","Dict(:p25 => 9.25, :p75 => 38.75, :p50 => 24.5, :p90 => 56.0, :p99 => 66.02, :p95 => 60.64999999999999)",5.421654026122424,0,34,"Dict{String, Real}(""red_transmission_rate"" => 0.5384615384615384, ""blue_transmission_rate"" => 0.46153846153846156, ""blue_initiated_transmissions"" => 6, ""red_initiated_transmissions"" => 7, ""total_transmissions"" => 13)",50
21,3.8011194565385535,"Dict{String, Real}(""unique_cultures"" => 46, ""max_possible"" => 2048, ""diversity_ratio"" => 0.0224609375)",0.0,0.0,22,28,"Dict(""blue_proportion"" => 0.56, ""red_proportion"" => 0.44)","Dict(:p25 => 9.25, :p75 => 40.5, :p50 => 25.0, :p90 => 57.1, :p99 => 68.53, :p95 => 63.19999999999999)",5.653269529579559,0,34,"Dict{String, Real}(""red_transmission_rate"" => 0.5, ""blue_transmission_rate"" => 0.5, ""blue_initiated_transmissions"" => 6, ""red_initiated_transmissions"" => 6, ""total_transmissions"" => 12)",50
22,3.8288453437609515,"Dict{String, Real}(""unique_cultures"" => 47, ""max_possible"" => 2048, ""diversity_ratio"" => 0.02294921875)",0.0,0.0,20,30,"Dict(""blue_proportion"" => 0.6, ""red_proportion"" => 0.4)","Dict(:p25 => 8.25, :p75 => 42.25, :p50 => 26.0, :p90 => 59.0, :p99 => 71.03999999999999, :p95 => 65.74999999999999)",5.878295205993594,0,34,"Dict{String, Real}(""red_transmission_rate"" => 0.2222222222222222, ""blue_transmission_rate"" => 0.7777777777777778, ""blue_initiated_transmissions"" => 7, ""red_initiated_transmissions"" => 2, ""total_transmissions"" => 9)",50
23,3.8011194565385535,"Dict{String, Real}(""unique_cultures"" => 46, ""max_possible"" => 2048, ""diversity_ratio"" => 0.0224609375)",0.0,0.0,20,30,"Dict(""blue_proportion"" => 0.6, ""red_proportion"" => 0.4)","Dict(:p25 => 8.75, :p75 => 44.0, :p50 => 27.0, :p90 => 60.1, :p99 => 73.54999999999998, :p95 => 68.29999999999998)",5.518159163042444,0,36,"Dict{String, Real}(""red_transmission_rate"" => 0.4, ""blue_transmission_rate"" => 0.6, ""blue_initiated_transmissions"" => 6, ""red_initiated_transmissions"" => 4, ""total_transmissions"" => 10)",50
24,3.8565712309833495,"Dict{String, Real}(""unique_cultures"" => 48, ""max_possible"" => 2048, ""diversity_ratio"" => 0.0234375)",0.0,0.0,18,32,"Dict(""blue_proportion"" => 0.64, ""red_proportion"" => 0.36)","Dict(:p25 => 11.25, :p75 => 44.25, :p50 => 28.0, :p90 => 62.1, :p99 => 76.54999999999998, :p95 => 70.29999999999998)",5.682052508318744,0,40,"Dict{String, Real}(""red_transmission_rate"" => 0.38461538461538464, ""blue_transmission_rate"" => 0.6153846153846154, ""blue_initiated_transmissions"" => 8, ""red_initiated_transmissions"" => 5, ""total_transmissions"" => 13)",50
25,3.884297118205747,"Dict{String, Real}(""unique_cultures"" => 49, ""max_possible"" => 2048, ""diversity_ratio"" => 0.02392578125)",0.0,0.0,16,34,"Dict(""blue_proportion"" => 0.68, ""red_proportion"" => 0.32)","Dict(:p25 => 10.5, :p75 => 45.25, :p50 => 29.0, :p90 => 64.1, :p99 => 78.54999999999998, :p95 => 72.29999999999998)",5.397382888910555,0,41,"Dict{String, Real}(""red_transmission_rate"" => 0.5555555555555556, ""blue_transmission_rate"" => 0.4444444444444444, ""blue_initiated_transmissions"" => 4, ""red_initiated_transmissions"" => 5, ""total_transmissions"" => 9)",50
26,3.8288453437609515,"Dict{String, Real}(""unique_cultures"" => 47, ""max_possible"" => 2048, ""diversity_ratio"" => 0.02294921875)",0.0,0.0,17,33,"Dict(""blue_proportion"" => 0.66, ""red_proportion"" => 0.34)","Dict(:p25 => 12.25, :p75 => 46.75, :p50 => 30.0, :p90 => 66.1, :p99 => 81.05999999999999, :p95 => 74.29999999999998)",5.17090539440422,0,43,"Dict{String, Real}(""red_transmission_rate"" => 0.4375, ""blue_transmission_rate"" => 0.5625, ""blue_initiated_transmissions"" => 9, ""red_initiated_transmissions"" => 7, ""total_transmissions"" => 16)",50
27,3.8011194565385535,"Dict{String, Real}(""unique_cultures"" => 46, ""max_possible"" => 2048, ""diversity_ratio"" => 0.0224609375)",0.0,0.0,20,30,"Dict(""blue_proportion"" => 0.6, ""red_proportion"" => 0.4)","Dict(:p25 => 11.5, :p75 => 48.25, :p50 => 31.5, :p90 => 68.1, :p99 => 84.05999999999999, :p95 => 76.84999999999998)",4.624015822872168,0,43,"Dict{String, Real}(""red_transmission_rate"" => 0.4117647058823529, ""blue_transmission_rate"" => 0.5882352941176471, ""blue_initiated_transmissions"" => 10, ""red_initiated_transmissions"" => 7, ""total_transmissions"" => 17)",50
28,3.8565712309833495,"Dict{String, Real}(""unique_cultures"" => 48, ""max_possible"" => 2048, ""diversity_ratio"" => 0.0234375)",0.0,0.0,19,31,"Dict(""blue_proportion"" => 0.62, ""red_proportion"" => 0.38)","Dict(:p25 => 11.25, :p75 => 50.5, :p50 => 34.0, :p90 => 70.0, :p99 => 87.05999999999999, :p95 => 78.84999999999998)",4.820191534010645,0,44,"Dict{String, Real}(""red_transmission_rate"" => 0.3333333333333333, ""blue_transmission_rate"" => 0.6666666666666666, ""blue_initiated_transmissions"" => 12, ""red_initiated_transmissions"" => 6, ""total_transmissions"" => 18)",50
29,3.7733935693161555,"Dict{String, Real}(""unique_cultures"" => 45, ""max_possible"" => 2048, ""diversity_ratio"" => 0.02197265625)",0.0,0.0,18,32,"Dict(""blue_proportion"" => 0.64, ""red_proportion"" => 0.36)","Dict(:p25 => 11.0, :p75 => 52.75, :p50 => 34.5, :p90 => 69.2, :p99 => 89.07999999999998, :p95 => 80.84999999999998)",4.443283951941478,0,44,"Dict{String, Real}(""red_transmission_rate"" => 0.5, ""blue_transmission_rate"" => 0.5, ""blue_initiated_transmissions"" => 7, ""red_initiated_transmissions"" => 7, ""total_transmissions"" => 14)",50
30,3.735202719218467,"Dict{String, Real}(""unique_cultures"" => 44, ""max_possible"" => 2048, ""diversity_ratio"" => 0.021484375)",0.0,0.0,21,29,"Dict(""blue_proportion"" => 0.58, ""red_proportion"" => 0.42)","Dict(:p25 => 10.25, :p75 => 54.0, :p50 => 35.0, :p90 => 71.1, :p99 => 92.07999999999998, :p95 => 83.39999999999998)",4.268683126820798,0,45,"Dict{String, Real}(""red_transmission_rate"" => 0.45454545454545453, ""blue_transmission_rate"" => 0.5454545454545454, ""blue_initiated_transmissions"" => 6, ""red_initiated_transmissions"" => 5, ""total_transmissions"" => 11)",50
31,3.762928606440865,"Dict{String, Real}(""unique_cultures"" => 45, ""max_possible"" => 2048, ""diversity_ratio"" => 0.02197265625)",0.0,0.0,18,32,"Dict(""blue_proportion"" => 0.64, ""red_proportion"" => 0.36)","Dict(:p25 => 11.5, :p75 => 55.0, :p50 => 36.0, :p90 => 73.10000000000001, :p99 => 94.58999999999997, :p95 => 85.39999999999998)",4.404561143920952,0,46,"Dict{String, Real}(""red_transmission_rate"" => 0.38461538461538464, ""blue_transmission_rate"" => 0.6153846153846154, ""blue_initiated_transmissions"" => 8, ""red_initiated_transmissions"" => 5, ""total_transmissions"" => 13)",50
32,3.735202719218467,"Dict{String, Real}(""unique_cultures"" => 44, ""max_possible"" => 2048, ""diversity_ratio"" => 0.021484375)",0.0,0.0,19,31,"Dict(""blue_proportion"" => 0.62, ""red_proportion"" => 0.38)","Dict(:p25 => 13.0, :p75 => 56.5, :p50 => 37.0, :p90 => 75.0, :p99 => 95.57, :p95 => 87.39999999999998)",4.423900078704695,0,47,"Dict{String, Real}(""red_transmission_rate"" => 0.42857142857142855, ""blue_transmission_rate"" => 0.5714285714285714, ""blue_initiated_transmissions"" => 8, ""red_initiated_transmissions"" => 6, ""total_transmissions"" => 14)",50
33,3.7179417948713596,"Dict{String, Real}(""unique_cultures"" => 43, ""max_possible"" => 2048, ""diversity_ratio"" => 0.02099609375)",0.0,0.0,23,27,"Dict(""blue_proportion"" => 0.54, ""red_proportion"" => 0.46)","Dict(:p25 => 12.25, :p75 => 58.5, :p50 => 37.5, :p90 => 76.0, :p99 => 98.07999999999998, :p95 => 89.39999999999998)",4.681037802005504,0,47,"Dict{String, Real}(""red_transmission_rate"" => 0.5625, ""blue_transmission_rate"" => 0.4375, ""blue_initiated_transmissions"" => 7, ""red_initiated_transmissions"" => 9, ""total_transmissions"" => 16)",50
34,3.7456676820937576,"Dict{String, Real}(""unique_cultures"" => 44, ""max_possible"" => 2048, ""diversity_ratio"" => 0.021484375)",0.0,0.0,24,26,"Dict(""blue_proportion"" => 0.52, ""red_proportion"" => 0.48)","Dict(:p25 => 11.5, :p75 => 59.75, :p50 => 39.0, :p90 => 77.10000000000001, :p99 => 101.07999999999998, :p95 => 91.94999999999997)",4.2583903999168715,0,47,"Dict{String, Real}(""red_transmission_rate"" => 0.6, ""blue_transmission_rate"" => 0.4, ""blue_initiated_transmissions"" => 6, ""red_initiated_transmissions"" => 9, ""total_transmissions"" => 15)",50
35,3.679750944773672,"Dict{String, Real}(""unique_cultures"" => 42, ""max_possible"" => 2048, ""diversity_ratio"" => 0.0205078125)",0.0,0.0,23,27,"Dict(""blue_proportion"" => 0.54, ""red_proportion"" => 0.46)","Dict(:p25 => 12.25, :p75 => 61.0, :p50 => 39.5, :p90 => 79.1, :p99 => 103.57, :p95 => 93.59999999999997)",4.430592721941305,0,47,"Dict{String, Real}(""red_transmission_rate"" => 0.6, ""blue_transmission_rate"" => 0.4, ""blue_initiated_transmissions"" => 6, ""red_initiated_transmissions"" => 9, ""total_transmissions"" => 15)",50
36,3.7733935693161555,"Dict{String, Real}(""unique_cultures"" => 45, ""max_possible"" => 2048, ""diversity_ratio"" => 0.02197265625)",0.0,0.0,22,28,"Dict(""blue_proportion"" => 0.56, ""red_proportion"" => 0.44)","Dict(:p25 => 13.5, :p75 => 62.0, :p50 => 40.0, :p90 => 80.2, :p99 => 106.05999999999999, :p95 => 96.14999999999996)",4.556511077583673,0,48,"Dict{String, Real}(""red_transmission_rate"" => 0.2857142857142857, ""blue_transmission_rate"" => 0.7142857142857143, ""blue_initiated_transmissions"" => 10, ""red_initiated_transmissions"" => 4, ""total_transmissions"" => 14)",50
37,3.790654493663263,"Dict{String, Real}(""unique_cultures"" => 46, ""max_possible"" => 2048, ""diversity_ratio"" => 0.0224609375)",0.0,0.0,21,29,"Dict(""blue_proportion"" => 0.58, ""red_proportion"" => 0.42)","Dict(:p25 => 13.5, :p75 => 63.0, :p50 => 41.5, :p90 => 81.30000000000001, :p99 => 109.05999999999999, :p95 => 98.69999999999996)",4.695511094657109,0,48,"Dict{String, Real}(""red_transmission_rate"" => 0.2857142857142857, ""blue_transmission_rate"" => 0.7142857142857143, ""blue_initiated_transmissions"" => 10, ""red_initiated_transmissions"" => 4, ""total_transmissions"" => 14)",50
38,3.8183803808856607,"Dict{String, Real}(""unique_cultures"" => 47, ""max_possible"" => 2048, ""diversity_ratio"" => 0.02294921875)",0.0,0.0,21,29,"Dict(""blue_proportion"" => 0.58, ""red_proportion"" => 0.42)","Dict(:p25 => 14.25, :p75 => 64.0, :p50 => 43.0, :p90 => 83.3, :p99 => 111.57, :p95 => 100.69999999999996)",4.287935037320712,0,49,"Dict{String, Real}(""red_transmission_rate"" => 0.3333333333333333, ""blue_transmission_rate"" => 0.6666666666666666, ""blue_initiated_transmissions"" => 8, ""red_initiated_transmissions"" => 4, ""total_transmissions"" => 12)",50
39,3.8461062681080587,"Dict{String, Real}(""unique_cultures"" => 48, ""max_possible"" => 2048, ""diversity_ratio"" => 0.0234375)",0.0,0.0,21,29,"Dict(""blue_proportion"" => 0.58, ""red_proportion"" => 0.42)","Dict(:p25 => 15.0, :p75 => 65.0, :p50 => 44.5, :p90 => 84.4, :p99 => 114.07999999999998, :p95 => 103.24999999999996)",4.48548054489344,0,51,"Dict{String, Real}(""red_transmission_rate"" => 0.4375, ""blue_transmission_rate"" => 0.5625, ""blue_initiated_transmissions"" => 9, ""red_initiated_transmissions"" => 7, ""total_transmissions"" => 16)",50
40,3.7801895307879723,"Dict{String, Real}(""unique_cultures"" => 46, ""max_possible"" => 2048, ""diversity_ratio"" => 0.0224609375)",0.0,0.0,21,29,"Dict(""blue_proportion"" => 0.58, ""red_proportion"" => 0.42)","Dict(:p25 => 15.0, :p75 => 65.75, :p50 => 46.0, :p90 => 86.30000000000001, :p99 => 117.07999999999998, :p95 => 105.79999999999995)",4.557554341772914,0,52,"Dict{String, Real}(""red_transmission_rate"" => 0.5, ""blue_transmission_rate"" => 0.5, ""blue_initiated_transmissions"" => 6, ""red_initiated_transmissions"" => 6, ""total_transmissions"" => 12)",50
41,3.7247377563431763,"Dict{String, Real}(""unique_cultures"" => 44, ""max_possible"" => 2048, ""diversity_ratio"" => 0.021484375)",0.0,0.0,21,29,"Dict(""blue_proportion"" => 0.58, ""red_proportion"" => 0.42)","Dict(:p25 => 15.0, :p75 => 66.75, :p50 => 47.5, :p90 => 88.30000000000001, :p99 => 120.07999999999998, :p95 => 108.34999999999995)",4.633064025207103,0,52,"Dict{String, Real}(""red_transmission_rate"" => 0.2727272727272727, ""blue_transmission_rate"" => 0.7272727272727273, ""blue_initiated_transmissions"" => 8, ""red_initiated_transmissions"" => 3, ""total_transmissions"" => 11)",50
42,3.6692859818983807,"Dict{String, Real}(""unique_cultures"" => 42, ""max_possible"" => 2048, ""diversity_ratio"" => 0.0205078125)",0.0,0.0,24,26,"Dict(""blue_proportion"" => 0.52, ""red_proportion"" => 0.48)","Dict(:p25 => 15.0, :p75 => 67.75, :p50 => 48.5, :p90 => 90.30000000000001, :p99 => 122.58999999999999, :p95 => 110.34999999999995)",4.8030676830599255,0,52,"Dict{String, Real}(""red_transmission_rate"" => 0.3, ""blue_transmission_rate"" => 0.7, ""blue_initiated_transmissions"" => 7, ""red_initiated_transmissions"" => 3, ""total_transmissions"" => 10)",50
43,3.6138342074535856,"Dict{String, Real}(""unique_cultures"" => 41, ""max_possible"" => 2048, ""diversity_ratio"" => 0.02001953125)",0.0,0.0,22,28,"Dict(""blue_proportion"" => 0.56, ""red_proportion"" => 0.44)","Dict(:p25 => 16.25, :p75 => 68.5, :p50 => 50.0, :p90 => 92.0, :p99 => 125.58999999999997, :p95 => 112.79999999999995)",4.954031680092738,0,53,"Dict{String, Real}(""red_transmission_rate"" => 0.4166666666666667, ""blue_transmission_rate"" => 0.5833333333333334, ""blue_initiated_transmissions"" => 7, ""red_initiated_transmissions"" => 5, ""total_transmissions"" => 12)",50
44,3.735202719218467,"Dict{String, Real}(""unique_cultures"" => 44, ""max_possible"" => 2048, ""diversity_ratio"" => 0.021484375)",0.0,0.0,20,30,"Dict(""blue_proportion"" => 0.6, ""red_proportion"" => 0.4)","Dict(:p25 => 15.0, :p75 => 70.0, :p50 => 51.0, :p90 => 93.10000000000001, :p99 => 127.58999999999997, :p95 => 114.79999999999995)",5.116310561495744,0,53,"Dict{String, Real}(""red_transmission_rate"" => 0.3333333333333333, ""blue_transmission_rate"" => 0.6666666666666666, ""blue_initiated_transmissions"" => 6, ""red_initiated_transmissions"" => 3, ""total_transmissions"" => 9)",50
45,3.762928606440865,"Dict{String, Real}(""unique_cultures"" => 45, ""max_possible"" => 2048, ""diversity_ratio"" => 0.02197265625)",0.0,0.0,19,31,"Dict(""blue_proportion"" => 0.62, ""red_proportion"" => 0.38)","Dict(:p25 => 15.25, :p75 => 72.5, :p50 => 52.0, :p90 => 94.2, :p99 => 129.58999999999997, :p95 => 117.79999999999995)",4.896075935967786,0,55,"Dict{String, Real}(""red_transmission_rate"" => 0.2727272727272727, ""blue_transmission_rate"" => 0.7272727272727273, ""blue_initiated_transmissions"" => 8, ""red_initiated_transmissions"" => 3, ""total_transmissions"" => 11)",50
46,3.735202719218467,"Dict{String, Real}(""unique_cultures"" => 44, ""max_possible"" => 2048, ""diversity_ratio"" => 0.021484375)",0.0,0.0,20,30,"Dict(""blue_proportion"" => 0.6, ""red_proportion"" => 0.4)","Dict(:p25 => 22.25, :p75 => 72.75, :p50 => 53.0, :p90 => 95.19999999999999, :p99 => 132.07999999999998, :p95 => 120.24999999999996)",5.006521199840286,0,57,"Dict{String, Real}(""red_transmission_rate"" => 0.18181818181818182, ""blue_transmission_rate"" => 0.8181818181818182, ""blue_initiated_transmissions"" => 9, ""red_initiated_transmissions"" => 2, ""total_transmissions"" => 11)",50
47,3.707476831996069,"Dict{String, Real}(""unique_cultures"" => 43, ""max_possible"" => 2048, ""diversity_ratio"" => 0.02099609375)",0.0,0.0,24,26,"Dict(""blue_proportion"" => 0.52, ""red_proportion"" => 0.48)","Dict(:p25 => 19.75, :p75 => 75.25, :p50 => 55.0, :p90 => 97.20000000000002, :p99 => 135.07999999999998, :p95 => 122.24999999999996)",4.810477734218474,0,57,"Dict{String, Real}(""red_transmission_rate"" => 0.3076923076923077, ""blue_transmission_rate"" => 0.6923076923076923, ""blue_initiated_transmissions"" => 9, ""red_initiated_transmissions"" => 4, ""total_transmissions"" => 13)",50
48,3.790654493663263,"Dict{String, Real}(""unique_cultures"" => 46, ""max_possible"" => 2048, ""diversity_ratio"" => 0.0224609375)",0.0,0.0,21,29,"Dict(""blue_proportion"" => 0.58, ""red_proportion"" => 0.42)","Dict(:p25 => 18.75, :p75 => 78.0, :p50 => 57.5, :p90 => 99.1, :p99 => 137.09999999999997, :p95 => 124.79999999999995)",4.498039800291687,0,58,"Dict{String, Real}(""red_transmission_rate"" => 0.42857142857142855, ""blue_transmission_rate"" => 0.5714285714285714, ""blue_initiated_transmissions"" => 8, ""red_initiated_transmissions"" => 6, ""total_transmissions"" => 14)",50
49,3.762928606440865,"Dict{String, Real}(""unique_cultures"" => 45, ""max_possible"" => 2048, ""diversity_ratio"" => 0.02197265625)",0.0,0.0,21,29,"Dict(""blue_proportion"" => 0.58, ""red_proportion"" => 0.42)","Dict(:p25 => 21.0, :p75 => 79.25, :p50 => 58.5, :p90 => 100.1, :p99 => 139.60999999999996, :p95 => 126.14999999999996)",4.4361853127867965,0,59,"Dict{String, Real}(""red_transmission_rate"" => 0.25, ""blue_transmission_rate"" => 0.75, ""blue_initiated_transmissions"" => 12, ""red_initiated_transmissions"" => 4, ""total_transmissions"" => 16)",50
50,3.762928606440865,"Dict{String, Real}(""unique_cultures"" => 45, ""max_possible"" => 2048, ""diversity_ratio"" => 0.02197265625)",0.0,0.0,21,29,"Dict(""blue_proportion"" => 0.58, ""red_proportion"" => 0.42)","Dict(:p25 => 21.25, :p75 => 79.0, :p50 => 59.5, :p90 => 101.10000000000001, :p99 => 141.60999999999999, :p95 => 128.14999999999998)",4.563323958274908,0,60,"Dict{String, Real}(""red_transmission_rate"" => 0.2222222222222222, ""blue_transmission_rate"" => 0.7777777777777778, ""blue_initiated_transmissions"" => 7, ""red_initiated_transmissions"" => 2, ""total_transmissions"" => 9)",50
51,3.818380380885661,"Dict{String, Real}(""unique_cultures"" => 47, ""max_possible"" => 2048, ""diversity_ratio"" => 0.02294921875)",0.0,0.0,21,29,"Dict(""blue_proportion"" => 0.58, ""red_proportion"" => 0.42)","Dict(:p25 => 21.5, :p75 => 80.75, :p50 => 61.5, :p90 => 102.1, :p99 => 143.11999999999998, :p95 => 130.59999999999997)",4.737092068709124,0,60,"Dict{String, Real}(""red_transmission_rate"" => 0.5, ""blue_transmission_rate"" => 0.5, ""blue_initiated_transmissions"" => 5, ""red_initiated_transmissions"" => 5, ""total_transmissions"" => 10)",50
52,3.790654493663263,"Dict{String, Real}(""unique_cultures"" => 46, ""max_possible"" => 2048, ""diversity_ratio"" => 0.0224609375)",0.0,0.0,21,29,"Dict(""blue_proportion"" => 0.58, ""red_proportion"" => 0.42)","Dict(:p25 => 22.5, :p75 => 82.75, :p50 => 63.0, :p90 => 103.1, :p99 => 146.11999999999998, :p95 => 130.59999999999997)",4.911412287530703,0,60,"Dict{String, Real}(""red_transmission_rate"" => 0.4, ""blue_transmission_rate"" => 0.6, ""blue_initiated_transmissions"" => 9, ""red_initiated_transmissions"" => 6, ""total_transmissions"" => 15)",50
53,3.790654493663263,"Dict{String, Real}(""unique_cultures"" => 46, ""max_possible"" => 2048, ""diversity_ratio"" => 0.0224609375)",0.0,0.0,20,30,"Dict(""blue_proportion"" => 0.6, ""red_proportion"" => 0.4)","Dict(:p25 => 24.0, :p75 => 84.75, :p50 => 65.0, :p90 => 104.1, :p99 => 149.11999999999998, :p95 => 133.59999999999997)",4.977993561865575,0,60,"Dict{String, Real}(""red_transmission_rate"" => 0.46153846153846156, ""blue_transmission_rate"" => 0.5384615384615384, ""blue_initiated_transmissions"" => 7, ""red_initiated_transmissions"" => 6, ""total_transmissions"" => 13)",50
54,3.790654493663263,"Dict{String, Real}(""unique_cultures"" => 46, ""max_possible"" => 2048, ""diversity_ratio"" => 0.0224609375)",0.0,0.0,18,32,"Dict(""blue_proportion"" => 0.64, ""red_proportion"" => 0.36)","Dict(:p25 => 24.25, :p75 => 85.5, :p50 => 66.5, :p90 => 105.10000000000001, :p99 => 151.60999999999996, :p95 => 134.69999999999996)",5.165195485316903,0,61,"Dict{String, Real}(""red_transmission_rate"" => 0.4, ""blue_transmission_rate"" => 0.6, ""blue_initiated_transmissions"" => 12, ""red_initiated_transmissions"" => 8, ""total_transmissions"" => 20)",50
55,3.762928606440865,"Dict{String, Real}(""unique_cultures"" => 45, ""max_possible"" => 2048, ""diversity_ratio"" => 0.02197265625)",0.0,0.0,14,36,"Dict(""blue_proportion"" => 0.72, ""red_proportion"" => 0.28)","Dict(:p25 => 25.0, :p75 => 86.75, :p50 => 67.5, :p90 => 107.1, :p99 => 153.60999999999999, :p95 => 137.14999999999998)",5.04248415836464,0,62,"Dict{String, Real}(""red_transmission_rate"" => 0.21428571428571427, ""blue_transmission_rate"" => 0.7857142857142857, ""blue_initiated_transmissions"" => 11, ""red_initiated_transmissions"" => 3, ""total_transmissions"" => 14)",50
56,3.762928606440865,"Dict{String, Real}(""unique_cultures"" => 45, ""max_possible"" => 2048, ""diversity_ratio"" => 0.02197265625)",0.0,0.0,14,36,"Dict(""blue_proportion"" => 0.72, ""red_proportion"" => 0.28)","Dict(:p25 => 24.25, :p75 => 88.0, :p50 => 68.5, :p90 => 108.1, :p99 => 155.58999999999997, :p95 => 139.59999999999997)",5.1580229333689145,0,63,"Dict{String, Real}(""red_transmission_rate"" => 0.2222222222222222, ""blue_transmission_rate"" => 0.7777777777777778, ""blue_initiated_transmissions"" => 14, ""red_initiated_transmissions"" => 4, ""total_transmissions"" => 18)",50
57,3.735202719218467,"Dict{String, Real}(""unique_cultures"" => 44, ""max_possible"" => 2048, ""diversity_ratio"" => 0.021484375)",0.0,0.0,15,35,"Dict(""blue_proportion"" => 0.7, ""red_proportion"" => 0.3)","Dict(:p25 => 25.0, :p75 => 89.75, :p50 => 69.5, :p90 => 109.10000000000001, :p99 => 158.58999999999997, :p95 => 142.59999999999997)",5.248213407608162,0,63,"Dict{String, Real}(""red_transmission_rate"" => 0.19047619047619047, ""blue_transmission_rate"" => 0.8095238095238095, ""blue_initiated_transmissions"" => 17, ""red_initiated_transmissions"" => 4, ""total_transmissions"" => 21)",50
58,3.707476831996069,"Dict{String, Real}(""unique_cultures"" => 43, ""max_possible"" => 2048, ""diversity_ratio"" => 0.02099609375)",0.0,0.0,13,37,"Dict(""blue_proportion"" => 0.74, ""red_proportion"" => 0.26)","Dict(:p25 => 25.5, :p75 => 91.75, :p50 => 70.5, :p90 => 110.1, :p99 => 161.58999999999997, :p95 => 144.59999999999997)",5.460935572874999,0,63,"Dict{String, Real}(""red_transmission_rate"" => 0.0, ""blue_transmission_rate"" => 1.0, ""blue_initiated_transmissions"" => 18, ""red_initiated_transmissions"" => 0, ""total_transmissions"" => 18)",50
59,3.762928606440865,"Dict{String, Real}(""unique_cultures"" => 45, ""max_possible"" => 2048, ""diversity_ratio"" => 0.02197265625)",0.0,0.0,10,40,"Dict(""blue_proportion"" => 0.8, ""red_proportion"" => 0.2)","Dict(:p25 => 25.75, :p75 => 93.75, :p50 => 71.5, :p90 => 112.0, :p99 => 164.07999999999998, :p95 => 147.14999999999998)",5.594719457717056,0,63,"Dict{String, Real}(""red_transmission_rate"" => 0.125, ""blue_transmission_rate"" => 0.875, ""blue_initiated_transmissions"" => 14, ""red_initiated_transmissions"" => 2, ""total_transmissions"" => 16)",50
60,3.70747683199607,"Dict{String, Real}(""unique_cultures"" => 43, ""max_possible"" => 2048, ""diversity_ratio"" => 0.02099609375)",0.0,0.0,13,37,"Dict(""blue_proportion"" => 0.74, ""red_proportion"" => 0.26)","Dict(:p25 => 23.25, :p75 => 83.75, :p50 => 52.0, :p90 => 110.1, :p99 => 159.06, :p95 => 114.0)",5.373433814320078,4,64,"Dict{String, Real}(""red_transmission_rate"" => 0.26666666666666666, ""blue_transmission_rate"" => 0.7333333333333333, ""blue_initiated_transmissions"" => 11, ""red_initiated_transmissions"" => 4, ""total_transmissions"" => 15)",50
61,3.707476831996069,"Dict{String, Real}(""unique_cultures"" => 43, ""max_possible"" => 2048, ""diversity_ratio"" => 0.02099609375)",0.0,0.0,14,36,"Dict(""blue_proportion"" => 0.72, ""red_proportion"" => 0.28)","Dict(:p25 => 23.5, :p75 => 85.0, :p50 => 53.5, :p90 => 113.0, :p99 => 160.57, :p95 => 115.55)",5.460052680285635,4,64,"Dict{String, Real}(""red_transmission_rate"" => 0.3333333333333333, ""blue_transmission_rate"" => 0.6666666666666666, ""blue_initiated_transmissions"" => 8, ""red_initiated_transmissions"" => 4, ""total_transmissions"" => 12)",50
62,3.6970118691207787,"Dict{String, Real}(""unique_cultures"" => 43, ""max_possible"" => 2048, ""diversity_ratio"" => 0.02099609375)",0.0,0.0,15,35,"Dict(""blue_proportion"" => 0.7, ""red_proportion"" => 0.3)","Dict(:p25 => 22.5, :p75 => 85.75, :p50 => 51.5, :p90 => 114.1, :p99 => 163.57, :p95 => 116.1)",5.209076186103523,5,64,"Dict{String, Real}(""red_transmission_rate"" => 0.3333333333333333, ""blue_transmission_rate"" => 0.6666666666666666, ""blue_initiated_transmissions"" => 10, ""red_initiated_transmissions"" => 5, ""total_transmissions"" => 15)",50
63,3.596573283106478,"Dict{String, Real}(""unique_cultures"" => 40, ""max_possible"" => 2048, ""diversity_ratio"" => 0.01953125)",0.0,0.0,11,39,"Dict(""blue_proportion"" => 0.78, ""red_proportion"" => 0.22)","Dict(:p25 => 21.5, :p75 => 87.0, :p50 => 52.5, :p90 => 117.0, :p99 => 166.57, :p95 => 118.55)",5.29430131257935,5,65,"Dict{String, Real}(""red_transmission_rate"" => 0.1, ""blue_transmission_rate"" => 0.9, ""blue_initiated_transmissions"" => 9, ""red_initiated_transmissions"" => 1, ""total_transmissions"" => 10)",50
64,3.5861083202311868,"Dict{String, Real}(""unique_cultures"" => 39, ""max_possible"" => 2048, ""diversity_ratio"" => 0.01904296875)",0.0,0.0,13,37,"Dict(""blue_proportion"" => 0.74, ""red_proportion"" => 0.26)","Dict(:p25 => 20.75, :p75 => 88.0, :p50 => 53.5, :p90 => 119.1, :p99 => 169.07999999999998, :p95 => 121.0)",5.348130945158218,5,65,"Dict{String, Real}(""red_transmission_rate"" => 0.21428571428571427, ""blue_transmission_rate"" => 0.7857142857142857, ""blue_initiated_transmissions"" => 11, ""red_initiated_transmissions"" => 3, ""total_transmissions"" => 14)",50
65,3.6970118691207787,"Dict{String, Real}(""unique_cultures"" => 43, ""max_possible"" => 2048, ""diversity_ratio"" => 0.02099609375)",0.0,0.0,14,36,"Dict(""blue_proportion"" => 0.72, ""red_proportion"" => 0.28)","Dict(:p25 => 23.5, :p75 => 90.5, :p50 => 54.5, :p90 => 121.10000000000001, :p99 => 171.57, :p95 => 123.55)",4.761372261928434,5,66,"Dict{String, Real}(""red_transmission_rate"" => 0.2727272727272727, ""blue_transmission_rate"" => 0.7272727272727273, ""blue_initiated_transmissions"" => 8, ""red_initiated_transmissions"" => 3, ""total_transmissions"" => 11)",50
66,3.6692859818983807,"Dict{String, Real}(""unique_cultures"" => 42, ""max_possible"" => 2048, ""diversity_ratio"" => 0.0205078125)",0.0,0.0,15,35,"Dict(""blue_proportion"" => 0.7, ""red_proportion"" => 0.3)","Dict(:p25 => 23.25, :p75 => 92.5, :p50 => 55.5, :p90 => 123.0, :p99 => 174.05999999999997, :p95 => 125.64999999999999)",4.8676919720392435,5,68,"Dict{String, Real}(""red_transmission_rate"" => 0.375, ""blue_transmission_rate"" => 0.625, ""blue_initiated_transmissions"" => 5, ""red_initiated_transmissions"" => 3, ""total_transmissions"" => 8)",50
67,3.679750944773671,"Dict{String, Real}(""unique_cultures"" => 42, ""max_possible"" => 2048, ""diversity_ratio"" => 0.0205078125)",0.0,0.0,14,36,"Dict(""blue_proportion"" => 0.72, ""red_proportion"" => 0.28)","Dict(:p25 => 20.0, :p75 => 94.5, :p50 => 51.5, :p90 => 124.2, :p99 => 177.06, :p95 => 128.64999999999998)",4.926380387371577,6,69,"Dict{String, Real}(""red_transmission_rate"" => 0.23076923076923078, ""blue_transmission_rate"" => 0.7692307692307693, ""blue_initiated_transmissions"" => 10, ""red_initiated_transmissions"" => 3, ""total_transmissions"" => 13)",50
68,3.707476831996069,"Dict{String, Real}(""unique_cultures"" => 43, ""max_possible"" => 2048, ""diversity_ratio"" => 0.02099609375)",0.0,0.0,17,33,"Dict(""blue_proportion"" => 0.66, ""red_proportion"" => 0.34)","Dict(:p25 => 19.25, :p75 => 94.5, :p50 => 44.5, :p90 => 111.6, :p99 => 180.06, :p95 => 128.2)",4.616104353653547,8,69,"Dict{String, Real}(""red_transmission_rate"" => 0.21428571428571427, ""blue_transmission_rate"" => 0.7857142857142857, ""blue_initiated_transmissions"" => 11, ""red_initiated_transmissions"" => 3, ""total_transmissions"" => 14)",50
69,3.8011194565385535,"Dict{String, Real}(""unique_cultures"" => 46, ""max_possible"" => 2048, ""diversity_ratio"" => 0.0224609375)",0.0,0.0,17,33,"Dict(""blue_proportion"" => 0.66, ""red_proportion"" => 0.34)","Dict(:p25 => 18.5, :p75 => 91.75, :p50 => 40.0, :p90 => 113.60000000000002, :p99 => 182.54999999999998, :p95 => 130.75)",4.663622699462453,10,69,"Dict{String, Real}(""red_transmission_rate"" => 0.25, ""blue_transmission_rate"" => 0.75, ""blue_initiated_transmissions"" => 9, ""red_initiated_transmissions"" => 3, ""total_transmissions"" => 12)",50
70,3.7733935693161555,"Dict{String, Real}(""unique_cultures"" => 45, ""max_possible"" => 2048, ""diversity_ratio"" => 0.02197265625)",0.0,0.0,15,35,"Dict(""blue_proportion"" => 0.7, ""red_proportion"" => 0.3)","Dict(:p25 => 20.0, :p75 => 92.75, :p50 => 41.0, :p90 => 115.6, :p99 => 185.06, :p95 => 132.75)",4.707523760672031,10,70,"Dict{String, Real}(""red_transmission_rate"" => 0.13333333333333333, ""blue_transmission_rate"" => 0.8666666666666667, ""blue_initiated_transmissions"" => 13, ""red_initiated_transmissions"" => 2, ""total_transmissions"" => 15)",50
71,3.762928606440865,"Dict{String, Real}(""unique_cultures"" => 45, ""max_possible"" => 2048, ""diversity_ratio"" => 0.02197265625)",0.0,0.0,16,34,"Dict(""blue_proportion"" => 0.68, ""red_proportion"" => 0.32)","Dict(:p25 => 19.75, :p75 => 94.5, :p50 => 42.0, :p90 => 115.80000000000001, :p99 => 187.57, :p95 => 134.39999999999998)",4.8300369920007435,10,72,"Dict{String, Real}(""red_transmission_rate"" => 0.08333333333333333, ""blue_transmission_rate"" => 0.9166666666666666, ""blue_initiated_transmissions"" => 11, ""red_initiated_transmissions"" => 1, ""total_transmissions"" => 12)",50
72,3.735202719218467,"Dict{String, Real}(""unique_cultures"" => 44, ""max_possible"" => 2048, ""diversity_ratio"" => 0.021484375)",0.0,0.0,15,35,"Dict(""blue_proportion"" => 0.7, ""red_proportion"" => 0.3)","Dict(:p25 => 18.75, :p75 => 96.25, :p50 => 43.5, :p90 => 117.80000000000001, :p99 => 190.07999999999998, :p95 => 135.75)",4.932309120207214,10,72,"Dict{String, Real}(""red_transmission_rate"" => 0.08333333333333333, ""blue_transmission_rate"" => 0.9166666666666666, ""blue_initiated_transmissions"" => 11, ""red_initiated_transmissions"" => 1, ""total_transmissions"" => 12)",50
73,3.6970118691207787,"Dict{String, Real}(""unique_cultures"" => 43, ""max_possible"" => 2048, ""diversity_ratio"" => 0.02099609375)",0.0,0.0,17,33,"Dict(""blue_proportion"" => 0.66, ""red_proportion"" => 0.34)","Dict(:p25 => 21.75, :p75 => 98.0, :p50 => 44.5, :p90 => 119.80000000000001, :p99 => 191.06, :p95 => 138.75)",4.99806922480866,10,74,"Dict{String, Real}(""red_transmission_rate"" => 0.0, ""blue_transmission_rate"" => 1.0, ""blue_initiated_transmissions"" => 14, ""red_initiated_transmissions"" => 0, ""total_transmissions"" => 14)",50
74,3.6970118691207787,"Dict{String, Real}(""unique_cultures"" => 43, ""max_possible"" => 2048, ""diversity_ratio"" => 0.02099609375)",0.0,0.0,17,33,"Dict(""blue_proportion"" => 0.66, ""red_proportion"" => 0.34)","Dict(:p25 => 22.0, :p75 => 96.75, :p50 => 40.0, :p90 => 121.50000000000001, :p99 => 194.05999999999997, :p95 => 141.75)",5.071765905568798,12,75,"Dict{String, Real}(""red_transmission_rate"" => 0.16666666666666666, ""blue_transmission_rate"" => 0.8333333333333334, ""blue_initiated_transmissions"" => 10, ""red_initiated_transmissions"" => 2, ""total_transmissions"" => 12)",50
75,3.6310951318006923,"Dict{String, Real}(""unique_cultures"" => 41, ""max_possible"" => 2048, ""diversity_ratio"" => 0.02001953125)",0.0,0.0,17,33,"Dict(""blue_proportion"" => 0.66, ""red_proportion"" => 0.34)","Dict(:p25 => 20.25, :p75 => 98.5, :p50 => 40.5, :p90 => 123.5, :p99 => 195.58999999999997, :p95 => 143.1)",5.180089375684294,12,75,"Dict{String, Real}(""red_transmission_rate"" => 0.2857142857142857, ""blue_transmission_rate"" => 0.7142857142857143, ""blue_initiated_transmissions"" => 10, ""red_initiated_transmissions"" => 4, ""total_transmissions"" => 14)",50
76,3.7456676820937576,"Dict{String, Real}(""unique_cultures"" => 44, ""max_possible"" => 2048, ""diversity_ratio"" => 0.021484375)",0.0,0.0,18,32,"Dict(""blue_proportion"" => 0.64, ""red_proportion"" => 0.36)","Dict(:p25 => 18.75, :p75 => 98.0, :p50 => 37.0, :p90 => 125.50000000000001, :p99 => 197.09999999999997, :p95 => 146.1)",5.233051114266714,13,75,"Dict{String, Real}(""red_transmission_rate"" => 0.4, ""blue_transmission_rate"" => 0.6, ""blue_initiated_transmissions"" => 6, ""red_initiated_transmissions"" => 4, ""total_transmissions"" => 10)",50
77,3.707476831996069,"Dict{String, Real}(""unique_cultures"" => 43, ""max_possible"" => 2048, ""diversity_ratio"" => 0.02099609375)",0.0,0.0,20,30,"Dict(""blue_proportion"" => 0.6, ""red_proportion"" => 0.4)","Dict(:p25 => 17.25, :p75 => 99.75, :p50 => 37.0, :p90 => 127.5, :p99 => 200.09999999999997, :p95 => 149.1)",5.221932554471086,13,75,"Dict{String, Real}(""red_transmission_rate"" => 0.38461538461538464, ""blue_transmission_rate"" => 0.6153846153846154, ""blue_initiated_transmissions"" => 8, ""red_initiated_transmissions"" => 5, ""total_transmissions"" => 13)",50
78,3.8288453437609515,"Dict{String, Real}(""unique_cultures"" => 47, ""max_possible"" => 2048, ""diversity_ratio"" => 0.02294921875)",0.0,0.0,22,28,"Dict(""blue_proportion"" => 0.56, ""red_proportion"" => 0.44)","Dict(:p25 => 19.25, :p75 => 101.5, :p50 => 38.0, :p90 => 129.4, :p99 => 203.09999999999997, :p95 => 152.1)",5.25325727661717,13,76,"Dict{String, Real}(""red_transmission_rate"" => 0.38461538461538464, ""blue_transmission_rate"" => 0.6153846153846154, ""blue_initiated_transmissions"" => 8, ""red_initiated_transmissions"" => 5, ""total_transmissions"" => 13)",50
79,3.679750944773672,"Dict{String, Real}(""unique_cultures"" => 42, ""max_possible"" => 2048, ""diversity_ratio"" => 0.0205078125)",0.0,0.0,23,27,"Dict(""blue_proportion"" => 0.54, ""red_proportion"" => 0.46)","Dict(:p25 => 16.75, :p75 => 92.0, :p50 => 38.0, :p90 => 130.2, :p99 => 204.63, :p95 => 155.1)",4.524121705061469,14,76,"Dict{String, Real}(""red_transmission_rate"" => 0.3076923076923077, ""blue_transmission_rate"" => 0.6923076923076923, ""blue_initiated_transmissions"" => 9, ""red_initiated_transmissions"" => 4, ""total_transmissions"" => 13)",50
80,3.735202719218467,"Dict{String, Real}(""unique_cultures"" => 44, ""max_possible"" => 2048, ""diversity_ratio"" => 0.021484375)",0.0,0.0,21,29,"Dict(""blue_proportion"" => 0.58, ""red_proportion"" => 0.42)","Dict(:p25 => 16.5, :p75 => 93.75, :p50 => 39.5, :p90 => 133.10000000000002, :p99 => 205.60999999999999, :p95 => 156.75)",4.302021686484443,14,77,"Dict{String, Real}(""red_transmission_rate"" => 0.42857142857142855, ""blue_transmission_rate"" => 0.5714285714285714, ""blue_initiated_transmissions"" => 8, ""red_initiated_transmissions"" => 6, ""total_transmissions"" => 14)",50
81,3.762928606440865,"Dict{String, Real}(""unique_cultures"" => 45, ""max_possible"" => 2048, ""diversity_ratio"" => 0.02197265625)",0.0,0.0,22,28,"Dict(""blue_proportion"" => 0.56, ""red_proportion"" => 0.44)","Dict(:p25 => 16.25, :p75 => 95.75, :p50 => 41.5, :p90 => 136.0, :p99 => 208.11999999999998, :p95 => 159.75)",4.4940904111506645,15,79,"Dict{String, Real}(""red_transmission_rate"" => 0.35714285714285715, ""blue_transmission_rate"" => 0.6428571428571429, ""blue_initiated_transmissions"" => 9, ""red_initiated_transmissions"" => 5, ""total_transmissions"" => 14)",50
82,3.8011194565385535,"Dict{String, Real}(""unique_cultures"" => 46, ""max_possible"" => 2048, ""diversity_ratio"" => 0.0224609375)",0.0,0.0,23,27,"Dict(""blue_proportion"" => 0.54, ""red_proportion"" => 0.46)","Dict(:p25 => 16.0, :p75 => 97.75, :p50 => 41.0, :p90 => 138.0, :p99 => 211.11999999999998, :p95 => 162.2)",4.714924509693037,16,79,"Dict{String, Real}(""red_transmission_rate"" => 0.46153846153846156, ""blue_transmission_rate"" => 0.5384615384615384, ""blue_initiated_transmissions"" => 7, ""red_initiated_transmissions"" => 6, ""total_transmissions"" => 13)",50
83,3.8288453437609515,"Dict{String, Real}(""unique_cultures"" => 47, ""max_possible"" => 2048, ""diversity_ratio"" => 0.02294921875)",0.0,0.0,22,28,"Dict(""blue_proportion"" => 0.56, ""red_proportion"" => 0.44)","Dict(:p25 => 16.0, :p75 => 97.75, :p50 => 37.5, :p90 => 137.3, :p99 => 214.11999999999998, :p95 => 164.75)",4.3005232177128105,17,81,"Dict{String, Real}(""red_transmission_rate"" => 0.5, ""blue_transmission_rate"" => 0.5, ""blue_initiated_transmissions"" => 3, ""red_initiated_transmissions"" => 3, ""total_transmissions"" => 6)",50
84,3.818380380885661,"Dict{String, Real}(""unique_cultures"" => 47, ""max_possible"" => 2048, ""diversity_ratio"" => 0.02294921875)",0.0,0.0,19,31,"Dict(""blue_proportion"" => 0.62, ""red_proportion"" => 0.38)","Dict(:p25 => 15.0, :p75 => 99.5, :p50 => 39.0, :p90 => 139.4, :p99 => 217.11999999999998, :p95 => 166.39999999999998)",4.2203180736853305,18,82,"Dict{String, Real}(""red_transmission_rate"" => 0.23076923076923078, ""blue_transmission_rate"" => 0.7692307692307693, ""blue_initiated_transmissions"" => 10, ""red_initiated_transmissions"" => 3, ""total_transmissions"" => 13)",50
85,3.8011194565385535,"Dict{String, Real}(""unique_cultures"" => 46, ""max_possible"" => 2048, ""diversity_ratio"" => 0.0224609375)",0.0,0.0,20,30,"Dict(""blue_proportion"" => 0.6, ""red_proportion"" => 0.4)","Dict(:p25 => 15.0, :p75 => 100.5, :p50 => 40.5, :p90 => 141.5, :p99 => 219.63, :p95 => 169.39999999999998)",4.221779074961416,18,84,"Dict{String, Real}(""red_transmission_rate"" => 0.25, ""blue_transmission_rate"" => 0.75, ""blue_initiated_transmissions"" => 12, ""red_initiated_transmissions"" => 4, ""total_transmissions"" => 16)",50
86,3.8288453437609515,"Dict{String, Real}(""unique_cultures"" => 47, ""max_possible"" => 2048, ""diversity_ratio"" => 0.02294921875)",0.0,0.0,20,30,"Dict(""blue_proportion"" => 0.6, ""red_proportion"" => 0.4)","Dict(:p25 => 15.0, :p75 => 101.5, :p50 => 41.5, :p90 => 143.5, :p99 => 222.62999999999997, :p95 => 172.39999999999998)",4.141137176765367,18,84,"Dict{String, Real}(""red_transmission_rate"" => 0.2857142857142857, ""blue_transmission_rate"" => 0.7142857142857143, ""blue_initiated_transmissions"" => 10, ""red_initiated_transmissions"" => 4, ""total_transmissions"" => 14)",50
87,3.8288453437609515,"Dict{String, Real}(""unique_cultures"" => 47, ""max_possible"" => 2048, ""diversity_ratio"" => 0.02294921875)",0.0,0.0,18,32,"Dict(""blue_proportion"" => 0.64, ""red_proportion"" => 0.36)","Dict(:p25 => 15.0, :p75 => 102.5, :p50 => 42.5, :p90 => 145.5, :p99 => 225.14, :p95 => 174.95)",4.056521414295863,18,84,"Dict{String, Real}(""red_transmission_rate"" => 0.25, ""blue_transmission_rate"" => 0.75, ""blue_initiated_transmissions"" => 6, ""red_initiated_transmissions"" => 2, ""total_transmissions"" => 8)",50
88,3.8011194565385535,"Dict{String, Real}(""unique_cultures"" => 46, ""max_possible"" => 2048, ""diversity_ratio"" => 0.0224609375)",0.0,0.0,19,31,"Dict(""blue_proportion"" => 0.62, ""red_proportion"" => 0.38)","Dict(:p25 => 14.0, :p75 => 98.0, :p50 => 35.0, :p90 => 141.20000000000002, :p99 => 228.14, :p95 => 177.95)",3.6926439857888194,20,84,"Dict{String, Real}(""red_transmission_rate"" => 0.3333333333333333, ""blue_transmission_rate"" => 0.6666666666666666, ""blue_initiated_transmissions"" => 6, ""red_initiated_transmissions"" => 3, ""total_transmissions"" => 9)",50
89,3.8565712309833495,"Dict{String, Real}(""unique_cultures"" => 48, ""max_possible"" => 2048, ""diversity_ratio"" => 0.0234375)",0.0,0.0,20,30,"Dict(""blue_proportion"" => 0.6, ""red_proportion"" => 0.4)","Dict(:p25 => 14.25, :p75 => 95.75, :p50 => 34.5, :p90 => 141.10000000000002, :p99 => 203.4199999999999, :p95 => 166.54999999999995)",3.5826310539978525,21,84,"Dict{String, Real}(""red_transmission_rate"" => 0.08333333333333333, ""blue_transmission_rate"" => 0.9166666666666666, ""blue_initiated_transmissions"" => 11, ""red_initiated_transmissions"" => 1, ""total_transmissions"" => 12)",50
90,3.8011194565385535,"Dict{String, Real}(""unique_cultures"" => 46, ""max_possible"" => 2048, ""diversity_ratio"" => 0.0224609375)",0.0,0.0,19,31,"Dict(""blue_proportion"" => 0.62, ""red_proportion"" => 0.38)","Dict(:p25 => 15.0, :p75 => 98.25, :p50 => 36.0, :p90 => 143.1, :p99 => 206.41999999999993, :p95 => 169.54999999999995)",3.6264613630845095,21,88,"Dict{String, Real}(""red_transmission_rate"" => 0.09090909090909091, ""blue_transmission_rate"" => 0.9090909090909091, ""blue_initiated_transmissions"" => 10, ""red_initiated_transmissions"" => 1, ""total_transmissions"" => 11)",50
91,3.762928606440865,"Dict{String, Real}(""unique_cultures"" => 45, ""max_possible"" => 2048, ""diversity_ratio"" => 0.02197265625)",0.0,0.0,21,29,"Dict(""blue_proportion"" => 0.58, ""red_proportion"" => 0.42)","Dict(:p25 => 15.0, :p75 => 100.0, :p50 => 30.5, :p90 => 144.2, :p99 => 209.4199999999999, :p95 => 170.44999999999993)",3.721845350200073,23,89,"Dict{String, Real}(""red_transmission_rate"" => 0.16666666666666666, ""blue_transmission_rate"" => 0.8333333333333334, ""blue_initiated_transmissions"" => 10, ""red_initiated_transmissions"" => 2, ""total_transmissions"" => 12)",50
92,3.7629286064408642,"Dict{String, Real}(""unique_cultures"" => 45, ""max_possible"" => 2048, ""diversity_ratio"" => 0.02197265625)",0.0,0.0,21,29,"Dict(""blue_proportion"" => 0.58, ""red_proportion"" => 0.42)","Dict(:p25 => 14.0, :p75 => 77.0, :p50 => 24.0, :p90 => 135.0, :p99 => 211.4399999999999, :p95 => 156.69999999999996)",2.986514004805767,25,90,"Dict{String, Real}(""red_transmission_rate"" => 0.4444444444444444, ""blue_transmission_rate"" => 0.5555555555555556, ""blue_initiated_transmissions"" => 5, ""red_initiated_transmissions"" => 4, ""total_transmissions"" => 9)",50
93,3.7179417948713605,"Dict{String, Real}(""unique_cultures"" => 44, ""max_possible"" => 2048, ""diversity_ratio"" => 0.021484375)",0.0,0.0,23,27,"Dict(""blue_proportion"" => 0.54, ""red_proportion"" => 0.46)","Dict(:p25 => 14.0, :p75 => 68.25, :p50 => 22.5, :p90 => 135.0, :p99 => 177.72999999999996, :p95 => 148.39999999999998)",3.7552088236679393,28,90,"Dict{String, Real}(""red_transmission_rate"" => 0.4444444444444444, ""blue_transmission_rate"" => 0.5555555555555556, ""blue_initiated_transmissions"" => 5, ""red_initiated_transmissions"" => 4, ""total_transmissions"" => 9)",50
94,3.790654493663263,"Dict{String, Real}(""unique_cultures"" => 46, ""max_possible"" => 2048, ""diversity_ratio"" => 0.0224609375)",0.0,0.0,24,26,"Dict(""blue_proportion"" => 0.52, ""red_proportion"" => 0.48)","Dict(:p25 => 14.25, :p75 => 65.25, :p50 => 23.5, :p90 => 128.70000000000002, :p99 => 162.13999999999996, :p95 => 141.95)",2.0414706863219796,29,90,"Dict{String, Real}(""red_transmission_rate"" => 0.5833333333333334, ""blue_transmission_rate"" => 0.4166666666666667, ""blue_initiated_transmissions"" => 5, ""red_initiated_transmissions"" => 7, ""total_transmissions"" => 12)",50
95,3.8288453437609515,"Dict{String, Real}(""unique_cultures"" => 47, ""max_possible"" => 2048, ""diversity_ratio"" => 0.02294921875)",0.0,0.0,25,25,"Dict(""blue_proportion"" => 0.5, ""red_proportion"" => 0.5)","Dict(:p25 => 14.0, :p75 => 57.0, :p50 => 23.0, :p90 => 124.5, :p99 => 165.14, :p95 => 143.95)",2.1773184814600626,31,90,"Dict{String, Real}(""red_transmission_rate"" => 0.6, ""blue_transmission_rate"" => 0.4, ""blue_initiated_transmissions"" => 4, ""red_initiated_transmissions"" => 6, ""total_transmissions"" => 10)",50
96,3.762928606440865,"Dict{String, Real}(""unique_cultures"" => 45, ""max_possible"" => 2048, ""diversity_ratio"" => 0.02197265625)",0.0,0.0,27,23,"Dict(""blue_proportion"" => 0.46, ""red_proportion"" => 0.54)","Dict(:p25 => 14.25, :p75 => 57.25, :p50 => 23.5, :p90 => 126.2, :p99 => 167.64999999999998, :p95 => 144.84999999999997)",2.3060484850612246,31,93,"Dict{String, Real}(""red_transmission_rate"" => 0.5714285714285714, ""blue_transmission_rate"" => 0.42857142857142855, ""blue_initiated_transmissions"" => 6, ""red_initiated_transmissions"" => 8, ""total_transmissions"" => 14)",50
97,3.8288453437609515,"Dict{String, Real}(""unique_cultures"" => 47, ""max_possible"" => 2048, ""diversity_ratio"" => 0.02294921875)",0.0,0.0,27,23,"Dict(""blue_proportion"" => 0.46, ""red_proportion"" => 0.54)","Dict(:p25 => 13.25, :p75 => 59.0, :p50 => 24.5, :p90 => 128.1, :p99 => 170.15999999999997, :p95 => 145.75)",2.292224284090964,31,93,"Dict{String, Real}(""red_transmission_rate"" => 0.6666666666666666, ""blue_transmission_rate"" => 0.3333333333333333, ""blue_initiated_transmissions"" => 3, ""red_initiated_transmissions"" => 6, ""total_transmissions"" => 9)",50
98,3.8288453437609515,"Dict{String, Real}(""unique_cultures"" => 47, ""max_possible"" => 2048, ""diversity_ratio"" => 0.02294921875)",0.0,0.0,26,24,"Dict(""blue_proportion"" => 0.48, ""red_proportion"" => 0.52)","Dict(:p25 => 11.5, :p75 => 60.75, :p50 => 25.5, :p90 => 130.0, :p99 => 172.66999999999996, :p95 => 147.75)",2.2724438944379046,32,93,"Dict{String, Real}(""red_transmission_rate"" => 0.5833333333333334, ""blue_transmission_rate"" => 0.4166666666666667, ""blue_initiated_transmissions"" => 5, ""red_initiated_transmissions"" => 7, ""total_transmissions"" => 12)",50
99,3.8011194565385535,"Dict{String, Real}(""unique_cultures"" => 46, ""max_possible"" => 2048, ""diversity_ratio"" => 0.0224609375)",0.0,0.0,24,26,"Dict(""blue_proportion"" => 0.52, ""red_proportion"" => 0.48)","Dict(:p25 => 13.0, :p75 => 62.0, :p50 => 26.5, :p90 => 131.1, :p99 => 175.66999999999996, :p95 => 148.64999999999998)",2.3145308709565033,32,94,"Dict{String, Real}(""red_transmission_rate"" => 0.26666666666666666, ""blue_transmission_rate"" => 0.7333333333333333, ""blue_initiated_transmissions"" => 11, ""red_initiated_transmissions"" => 4, ""total_transmissions"" => 15)",50
100,3.8565712309833495,"Dict{String, Real}(""unique_cultures"" => 48, ""max_possible"" => 2048, ""diversity_ratio"" => 0.0234375)",0.0,0.0,23,27,"Dict(""blue_proportion"" => 0.54, ""red_proportion"" => 0.46)","Dict(:p25 => 15.25, :p75 => 63.25, :p50 => 27.5, :p90 => 132.2, :p99 => 178.17999999999998, :p95 => 150.64999999999998)",2.3528352341230656,32,97,"Dict{String, Real}(""red_transmission_rate"" => 0.3, ""blue_transmission_rate"" => 0.7, ""blue_initiated_transmissions"" => 7, ""red_initiated_transmissions"" => 3, ""total_transmissions"" => 10)",50
101,3.8288453437609515,"Dict{String, Real}(""unique_cultures"" => 47, ""max_possible"" => 2048, ""diversity_ratio"" => 0.02294921875)",0.0,0.0,24,26,"Dict(""blue_proportion"" => 0.52, ""red_proportion"" => 0.48)","Dict(:p25 => 17.25, :p75 => 64.5, :p50 => 29.5, :p90 => 133.3, :p99 => 181.17999999999995, :p95 => 152.64999999999998)",2.3990906031015187,32,100,"Dict{String, Real}(""red_transmission_rate"" => 0.375, ""blue_transmission_rate"" => 0.625, ""blue_initiated_transmissions"" => 5, ""red_initiated_transmissions"" => 3, ""total_transmissions"" => 8)",50
102,3.8565712309833495,"Dict{String, Real}(""unique_cultures"" => 48, ""max_possible"" => 2048, ""diversity_ratio"" => 0.0234375)",0.0,0.0,25,25,"Dict(""blue_proportion"" => 0.5, ""red_proportion"" => 0.5)","Dict(:p25 => 19.0, :p75 => 60.0, :p50 => 31.0, :p90 => 132.2, :p99 => 183.68999999999994, :p95 => 146.24999999999994)",2.4729583486836155,33,101,"Dict{String, Real}(""red_transmission_rate"" => 0.3, ""blue_transmission_rate"" => 0.7, ""blue_initiated_transmissions"" => 7, ""red_initiated_transmissions"" => 3, ""total_transmissions"" => 10)",50
103,3.8288453437609515,"Dict{String, Real}(""unique_cultures"" => 47, ""max_possible"" => 2048, ""diversity_ratio"" => 0.02294921875)",0.0,0.0,22,28,"Dict(""blue_proportion"" => 0.56, ""red_proportion"" => 0.44)","Dict(:p25 => 18.0, :p75 => 54.5, :p50 => 32.0, :p90 => 115.20000000000005, :p99 => 185.68999999999997, :p95 => 138.75)",2.6969347334220286,34,101,"Dict{String, Real}(""red_transmission_rate"" => 0.35714285714285715, ""blue_transmission_rate"" => 0.6428571428571429, ""blue_initiated_transmissions"" => 9, ""red_initiated_transmissions"" => 5, ""total_transmissions"" => 14)",50
104,3.8565712309833495,"Dict{String, Real}(""unique_cultures"" => 48, ""max_possible"" => 2048, ""diversity_ratio"" => 0.0234375)",0.0,0.0,23,27,"Dict(""blue_proportion"" => 0.54, ""red_proportion"" => 0.46)","Dict(:p25 => 19.25, :p75 => 55.5, :p50 => 33.0, :p90 => 116.30000000000004, :p99 => 187.68999999999994, :p95 => 140.75)",2.690175247145003,34,102,"Dict{String, Real}(""red_transmission_rate"" => 0.3333333333333333, ""blue_transmission_rate"" => 0.6666666666666666, ""blue_initiated_transmissions"" => 8, ""red_initiated_transmissions"" => 4, ""total_transmissions"" => 12)",50
105,3.8565712309833495,"Dict{String, Real}(""unique_cultures"" => 48, ""max_possible"" => 2048, ""diversity_ratio"" => 0.0234375)",0.0,0.0,25,25,"Dict(""blue_proportion"" => 0.5, ""red_proportion"" => 0.5)","Dict(:p25 => 20.0, :p75 => 55.0, :p50 => 32.5, :p90 => 102.40000000000003, :p99 => 162.84999999999994, :p95 => 139.64999999999998)",2.033783616013093,35,102,"Dict{String, Real}(""red_transmission_rate"" => 0.625, ""blue_transmission_rate"" => 0.375, ""blue_initiated_transmissions"" => 3, ""red_initiated_transmissions"" => 5, ""total_transmissions"" => 8)",50
106,3.8842971182057475,"Dict{String, Real}(""unique_cultures"" => 49, ""max_possible"" => 2048, ""diversity_ratio"" => 0.02392578125)",0.0,0.0,26,24,"Dict(""blue_proportion"" => 0.48, ""red_proportion"" => 0.52)","Dict(:p25 => 20.25, :p75 => 57.75, :p50 => 33.5, :p90 => 104.30000000000001, :p99 => 164.8499999999999, :p95 => 141.75)",2.0271272488896224,35,102,"Dict{String, Real}(""red_transmission_rate"" => 0.7, ""blue_transmission_rate"" => 0.3, ""blue_initiated_transmissions"" => 3, ""red_initiated_transmissions"" => 7, ""total_transmissions"" => 10)",50
107,3.8842971182057475,"Dict{String, Real}(""unique_cultures"" => 49, ""max_possible"" => 2048, ""diversity_ratio"" => 0.02392578125)",0.0,0.0,27,23,"Dict(""blue_proportion"" => 0.46, ""red_proportion"" => 0.54)","Dict(:p25 => 20.0, :p75 => 59.75, :p50 => 35.0, :p90 => 106.10000000000002, :p99 => 167.33999999999992, :p95 => 144.29999999999998)",2.027322531216721,35,102,"Dict{String, Real}(""red_transmission_rate"" => 0.8571428571428571, ""blue_transmission_rate"" => 0.14285714285714285, ""blue_initiated_transmissions"" => 1, ""red_initiated_transmissions"" => 6, ""total_transmissions"" => 7)",50
108,3.8011194565385535,"Dict{String, Real}(""unique_cultures"" => 46, ""max_possible"" => 2048, ""diversity_ratio"" => 0.0224609375)",0.0,0.0,26,24,"Dict(""blue_proportion"" => 0.48, ""red_proportion"" => 0.52)","Dict(:p25 => 18.25, :p75 => 57.5, :p50 => 30.0, :p90 => 98.9, :p99 => 169.33999999999992, :p95 => 135.14999999999992)",2.0329585175521427,38,102,"Dict{String, Real}(""red_transmission_rate"" => 0.4, ""blue_transmission_rate"" => 0.6, ""blue_initiated_transmissions"" => 9, ""red_initiated_transmissions"" => 6, ""total_transmissions"" => 15)",50
109,3.7733935693161555,"Dict{String, Real}(""unique_cultures"" => 45, ""max_possible"" => 2048, ""diversity_ratio"" => 0.02197265625)",0.0,0.0,25,25,"Dict(""blue_proportion"" => 0.5, ""red_proportion"" => 0.5)","Dict(:p25 => 18.0, :p75 => 58.75, :p50 => 32.0, :p90 => 100.9, :p99 => 171.82999999999993, :p95 => 137.2499999999999)",2.0869779501674133,38,102,"Dict{String, Real}(""red_transmission_rate"" => 0.38461538461538464, ""blue_transmission_rate"" => 0.6153846153846154, ""blue_initiated_transmissions"" => 8, ""red_initiated_transmissions"" => 5, ""total_transmissions"" => 13)",50
110,3.8565712309833495,"Dict{String, Real}(""unique_cultures"" => 48, ""max_possible"" => 2048, ""diversity_ratio"" => 0.0234375)",0.0,0.0,24,26,"Dict(""blue_proportion"" => 0.52, ""red_proportion"" => 0.48)","Dict(:p25 => 15.5, :p75 => 56.5, :p50 => 32.5, :p90 => 96.60000000000001, :p99 => 173.29999999999995, :p95 => 135.19999999999987)",2.2991433706225752,39,102,"Dict{String, Real}(""red_transmission_rate"" => 0.45454545454545453, ""blue_transmission_rate"" => 0.5454545454545454, ""blue_initiated_transmissions"" => 6, ""red_initiated_transmissions"" => 5, ""total_transmissions"" => 11)",50
111,3.8288453437609515,"Dict{String, Real}(""unique_cultures"" => 47, ""max_possible"" => 2048, ""diversity_ratio"" => 0.02294921875)",0.0,0.0,24,26,"Dict(""blue_proportion"" => 0.52, ""red_proportion"" => 0.48)","Dict(:p25 => 15.25, :p75 => 58.25, :p50 => 33.5, :p90 => 97.70000000000002, :p99 => 176.29999999999995, :p95 => 137.7499999999999)",2.351840248920231,39,103,"Dict{String, Real}(""red_transmission_rate"" => 0.5625, ""blue_transmission_rate"" => 0.4375, ""blue_initiated_transmissions"" => 7, ""red_initiated_transmissions"" => 9, ""total_transmissions"" => 16)",50
112,3.8565712309833495,"Dict{String, Real}(""unique_cultures"" => 48, ""max_possible"" => 2048, ""diversity_ratio"" => 0.0234375)",0.0,0.0,24,26,"Dict(""blue_proportion"" => 0.52, ""red_proportion"" => 0.48)","Dict(:p25 => 15.0, :p75 => 60.0, :p50 => 33.5, :p90 => 98.80000000000001, :p99 => 178.78999999999994, :p95 => 140.29999999999987)",2.49249490083292,39,104,"Dict{String, Real}(""red_transmission_rate"" => 0.46153846153846156, ""blue_transmission_rate"" => 0.5384615384615384, ""blue_initiated_transmissions"" => 7, ""red_initiated_transmissions"" => 6, ""total_transmissions"" => 13)",50
113,3.8565712309833495,"Dict{String, Real}(""unique_cultures"" => 48, ""max_possible"" => 2048, ""diversity_ratio"" => 0.0234375)",0.0,0.0,25,25,"Dict(""blue_proportion"" => 0.5, ""red_proportion"" => 0.5)","Dict(:p25 => 14.25, :p75 => 60.25, :p50 => 35.0, :p90 => 99.80000000000001, :p99 => 181.27999999999994, :p95 => 142.84999999999985)",2.638873671549091,39,104,"Dict{String, Real}(""red_transmission_rate"" => 0.2857142857142857, ""blue_transmission_rate"" => 0.7142857142857143, ""blue_initiated_transmissions"" => 5, ""red_initiated_transmissions"" => 2, ""total_transmissions"" => 7)",50
114,3.8183803808856602,"Dict{String, Real}(""unique_cultures"" => 47, ""max_possible"" => 2048, ""diversity_ratio"" => 0.02294921875)",0.0,0.0,23,27,"Dict(""blue_proportion"" => 0.54, ""red_proportion"" => 0.46)","Dict(:p25 => 18.0, :p75 => 60.5, :p50 => 36.5, :p90 => 100.80000000000001, :p99 => 183.76999999999992, :p95 => 145.39999999999986)",2.714653899513198,39,106,"Dict{String, Real}(""red_transmission_rate"" => 0.35714285714285715, ""blue_transmission_rate"" => 0.6428571428571429, ""blue_initiated_transmissions"" => 9, ""red_initiated_transmissions"" => 5, ""total_transmissions"" => 14)",50
115,3.8011194565385535,"Dict{String, Real}(""unique_cultures"" => 46, ""max_possible"" => 2048, ""diversity_ratio"" => 0.0224609375)",0.0,0.0,23,27,"Dict(""blue_proportion"" => 0.54, ""red_proportion"" => 0.46)","Dict(:p25 => 18.0, :p75 => 59.25, :p50 => 36.0, :p90 => 83.00000000000003, :p99 => 170.53, :p95 => 116.04999999999997)",3.607912159636053,40,106,"Dict{String, Real}(""red_transmission_rate"" => 0.6666666666666666, ""blue_transmission_rate"" => 0.3333333333333333, ""blue_initiated_transmissions"" => 2, ""red_initiated_transmissions"" => 4, ""total_transmissions"" => 6)",50
116,3.8565712309833495,"Dict{String, Real}(""unique_cultures"" => 48, ""max_possible"" => 2048, ""diversity_ratio"" => 0.0234375)",0.0,0.0,22,28,"Dict(""blue_proportion"" => 0.56, ""red_proportion"" => 0.44)","Dict(:p25 => 19.0, :p75 => 58.25, :p50 => 36.0, :p90 => 82.2, :p99 => 173.53, :p95 => 113.54999999999994)",2.6795211134792525,41,108,"Dict{String, Real}(""red_transmission_rate"" => 0.6923076923076923, ""blue_transmission_rate"" => 0.3076923076923077, ""blue_initiated_transmissions"" => 4, ""red_initiated_transmissions"" => 9, ""total_transmissions"" => 13)",50
117,3.8288453437609515,"Dict{String, Real}(""unique_cultures"" => 47, ""max_possible"" => 2048, ""diversity_ratio"" => 0.02294921875)",0.0,0.0,21,29,"Dict(""blue_proportion"" => 0.58, ""red_proportion"" => 0.42)","Dict(:p25 => 19.0, :p75 => 60.25, :p50 => 37.5, :p90 => 85.10000000000001, :p99 => 176.01999999999998, :p95 => 115.09999999999994)",2.7509286675736435,42,108,"Dict{String, Real}(""red_transmission_rate"" => 0.4, ""blue_transmission_rate"" => 0.6, ""blue_initiated_transmissions"" => 6, ""red_initiated_transmissions"" => 4, ""total_transmissions"" => 10)",50
118,3.8288453437609515,"Dict{String, Real}(""unique_cultures"" => 47, ""max_possible"" => 2048, ""diversity_ratio"" => 0.02294921875)",0.0,0.0,19,31,"Dict(""blue_proportion"" => 0.62, ""red_proportion"" => 0.38)","Dict(:p25 => 18.0, :p75 => 60.75, :p50 => 38.0, :p90 => 88.0, :p99 => 178.51, :p95 => 116.64999999999993)",2.813643968926986,43,108,"Dict{String, Real}(""red_transmission_rate"" => 0.2857142857142857, ""blue_transmission_rate"" => 0.7142857142857143, ""blue_initiated_transmissions"" => 5, ""red_initiated_transmissions"" => 2, ""total_transmissions"" => 7)",50
119,3.8011194565385535,"Dict{String, Real}(""unique_cultures"" => 46, ""max_possible"" => 2048, ""diversity_ratio"" => 0.0224609375)",0.0,0.0,19,31,"Dict(""blue_proportion"" => 0.62, ""red_proportion"" => 0.38)","Dict(:p25 => 18.0, :p75 => 60.75, :p50 => 38.0, :p90 => 86.4, :p99 => 155.0099999999999, :p95 => 98.14999999999996)",2.686711508245904,44,108,"Dict{String, Real}(""red_transmission_rate"" => 0.4444444444444444, ""blue_transmission_rate"" => 0.5555555555555556, ""blue_initiated_transmissions"" => 5, ""red_initiated_transmissions"" => 4, ""total_transmissions"" => 9)",50
120,3.735202719218467,"Dict{String, Real}(""unique_cultures"" => 44, ""max_possible"" => 2048, ""diversity_ratio"" => 0.021484375)",0.0,0.0,20,30,"Dict(""blue_proportion"" => 0.6, ""red_proportion"" => 0.4)","Dict(:p25 => 17.25, :p75 => 61.75, :p50 => 39.0, :p90 => 89.4, :p99 => 157.5199999999999, :p95 => 99.49999999999997)",2.7537017883388235,44,108,"Dict{String, Real}(""red_transmission_rate"" => 0.4, ""blue_transmission_rate"" => 0.6, ""blue_initiated_transmissions"" => 6, ""red_initiated_transmissions"" => 4, ""total_transmissions"" => 10)",50
121,3.735202719218467,"Dict{String, Real}(""unique_cultures"" => 44, ""max_possible"" => 2048, ""diversity_ratio"" => 0.021484375)",0.0,0.0,20,30,"Dict(""blue_proportion"" => 0.6, ""red_proportion"" => 0.4)","Dict(:p25 => 18.0, :p75 => 63.5, :p50 => 39.5, :p90 => 92.4, :p99 => 159.5199999999999, :p95 => 101.39999999999998)",2.808979246463175,44,108,"Dict{String, Real}(""red_transmission_rate"" => 0.6, ""blue_transmission_rate"" => 0.4, ""blue_initiated_transmissions"" => 2, ""red_initiated_transmissions"" => 3, ""total_transmissions"" => 5)",50
122,3.6970118691207787,"Dict{String, Real}(""unique_cultures"" => 43, ""max_possible"" => 2048, ""diversity_ratio"" => 0.02099609375)",0.0,0.0,23,27,"Dict(""blue_proportion"" => 0.54, ""red_proportion"" => 0.46)","Dict(:p25 => 18.0, :p75 => 65.5, :p50 => 41.0, :p90 => 95.3, :p99 => 162.0299999999999, :p95 => 102.84999999999998)",2.907092011714964,44,109,"Dict{String, Real}(""red_transmission_rate"" => 0.3333333333333333, ""blue_transmission_rate"" => 0.6666666666666666, ""blue_initiated_transmissions"" => 6, ""red_initiated_transmissions"" => 3, ""total_transmissions"" => 9)",50
123,3.745667682093758,"Dict{String, Real}(""unique_cultures"" => 44, ""max_possible"" => 2048, ""diversity_ratio"" => 0.021484375)",0.0,0.0,23,27,"Dict(""blue_proportion"" => 0.54, ""red_proportion"" => 0.46)","Dict(:p25 => 18.25, :p75 => 67.5, :p50 => 43.0, :p90 => 97.30000000000001, :p99 => 164.02999999999992, :p95 => 104.74999999999999)",2.9905494741840064,44,111,"Dict{String, Real}(""red_transmission_rate"" => 0.6153846153846154, ""blue_transmission_rate"" => 0.38461538461538464, ""blue_initiated_transmissions"" => 5, ""red_initiated_transmissions"" => 8, ""total_transmissions"" => 13)",50
124,3.735202719218467,"Dict{String, Real}(""unique_cultures"" => 44, ""max_possible"" => 2048, ""diversity_ratio"" => 0.021484375)",0.0,0.0,22,28,"Dict(""blue_proportion"" => 0.56, ""red_proportion"" => 0.44)","Dict(:p25 => 16.5, :p75 => 67.25, :p50 => 43.0, :p90 => 91.9, :p99 => 150.83999999999983, :p95 => 103.64999999999999)",3.175585873482186,45,111,"Dict{String, Real}(""red_transmission_rate"" => 0.6, ""blue_transmission_rate"" => 0.4, ""blue_initiated_transmissions"" => 4, ""red_initiated_transmissions"" => 6, ""total_transmissions"" => 10)",50
125,3.624299170328876,"Dict{String, Real}(""unique_cultures"" => 41, ""max_possible"" => 2048, ""diversity_ratio"" => 0.02001953125)",0.0,0.0,22,28,"Dict(""blue_proportion"" => 0.56, ""red_proportion"" => 0.44)","Dict(:p25 => 16.5, :p75 => 69.5, :p50 => 44.0, :p90 => 93.90000000000002, :p99 => 152.34999999999982, :p95 => 106.64999999999999)",3.24752791498507,45,112,"Dict{String, Real}(""red_transmission_rate"" => 0.36363636363636365, ""blue_transmission_rate"" => 0.6363636363636364, ""blue_initiated_transmissions"" => 7, ""red_initiated_transmissions"" => 4, ""total_transmissions"" => 11)",50
126,3.6415600946759827,"Dict{String, Real}(""unique_cultures"" => 41, ""max_possible"" => 2048, ""diversity_ratio"" => 0.02001953125)",0.0,0.0,19,31,"Dict(""blue_proportion"" => 0.62, ""red_proportion"" => 0.38)","Dict(:p25 => 17.25, :p75 => 70.5, :p50 => 45.5, :p90 => 95.10000000000002, :p99 => 154.34999999999982, :p95 => 108.64999999999999)",3.3439006850605524,45,112,"Dict{String, Real}(""red_transmission_rate"" => 0.5833333333333334, ""blue_transmission_rate"" => 0.4166666666666667, ""blue_initiated_transmissions"" => 5, ""red_initiated_transmissions"" => 7, ""total_transmissions"" => 12)",50
127,3.70747683199607,"Dict{String, Real}(""unique_cultures"" => 43, ""max_possible"" => 2048, ""diversity_ratio"" => 0.02099609375)",0.0,0.0,20,30,"Dict(""blue_proportion"" => 0.6, ""red_proportion"" => 0.4)","Dict(:p25 => 20.0, :p75 => 71.75, :p50 => 47.5, :p90 => 96.30000000000001, :p99 => 156.83999999999983, :p95 => 110.1)",3.458742295225081,45,113,"Dict{String, Real}(""red_transmission_rate"" => 0.5555555555555556, ""blue_transmission_rate"" => 0.4444444444444444, ""blue_initiated_transmissions"" => 4, ""red_initiated_transmissions"" => 5, ""total_transmissions"" => 9)",50
128,3.652025057551274,"Dict{String, Real}(""unique_cultures"" => 41, ""max_possible"" => 2048, ""diversity_ratio"" => 0.02001953125)",0.0,0.0,20,30,"Dict(""blue_proportion"" => 0.6, ""red_proportion"" => 0.4)","Dict(:p25 => 21.75, :p75 => 73.0, :p50 => 50.0, :p90 => 95.70000000000002, :p99 => 159.32999999999984, :p95 => 111.55)",3.5883613307883135,45,113,"Dict{String, Real}(""red_transmission_rate"" => 0.5714285714285714, ""blue_transmission_rate"" => 0.42857142857142855, ""blue_initiated_transmissions"" => 3, ""red_initiated_transmissions"" => 4, ""total_transmissions"" => 7)",50
129,3.6902159076489625,"Dict{String, Real}(""unique_cultures"" => 42, ""max_possible"" => 2048, ""diversity_ratio"" => 0.0205078125)",0.0,0.0,22,28,"Dict(""blue_proportion"" => 0.56, ""red_proportion"" => 0.44)","Dict(:p25 => 23.0, :p75 => 74.75, :p50 => 52.5, :p90 => 97.70000000000002, :p99 => 162.32999999999984, :p95 => 113.55)",3.642529527706355,45,113,"Dict{String, Real}(""red_transmission_rate"" => 0.5, ""blue_transmission_rate"" => 0.5, ""blue_initiated_transmissions"" => 4, ""red_initiated_transmissions"" => 4, ""total_transmissions"" => 8)",50
130,3.7456676820937576,"Dict{String, Real}(""unique_cultures"" => 44, ""max_possible"" => 2048, ""diversity_ratio"" => 0.021484375)",0.0,0.0,22,28,"Dict(""blue_proportion"" => 0.56, ""red_proportion"" => 0.44)","Dict(:p25 => 22.5, :p75 => 76.5, :p50 => 55.0, :p90 => 98.70000000000003, :p99 => 165.32999999999984, :p95 => 116.1)",3.740440884835934,45,113,"Dict{String, Real}(""red_transmission_rate"" => 0.2222222222222222, ""blue_transmission_rate"" => 0.7777777777777778, ""blue_initiated_transmissions"" => 7, ""red_initiated_transmissions"" => 2, ""total_transmissions"" => 9)",50
131,3.6415600946759827,"Dict{String, Real}(""unique_cultures"" => 41, ""max_possible"" => 2048, ""diversity_ratio"" => 0.02001953125)",0.0,0.0,20,30,"Dict(""blue_proportion"" => 0.6, ""red_proportion"" => 0.4)","Dict(:p25 => 21.75, :p75 => 77.5, :p50 => 58.0, :p90 => 97.90000000000003, :p99 => 167.83999999999983, :p95 => 118.64999999999999)",3.866651945135362,45,113,"Dict{String, Real}(""red_transmission_rate"" => 0.375, ""blue_transmission_rate"" => 0.625, ""blue_initiated_transmissions"" => 5, ""red_initiated_transmissions"" => 3, ""total_transmissions"" => 8)",50
132,3.6138342074535847,"Dict{String, Real}(""unique_cultures"" => 40, ""max_possible"" => 2048, ""diversity_ratio"" => 0.01953125)",0.0,0.0,22,28,"Dict(""blue_proportion"" => 0.56, ""red_proportion"" => 0.44)","Dict(:p25 => 24.25, :p75 => 79.25, :p50 => 60.0, :p90 => 99.80000000000003, :p99 => 170.34999999999982, :p95 => 121.19999999999999)",3.947244831431769,45,114,"Dict{String, Real}(""red_transmission_rate"" => 0.6666666666666666, ""blue_transmission_rate"" => 0.3333333333333333, ""blue_initiated_transmissions"" => 3, ""red_initiated_transmissions"" => 6, ""total_transmissions"" => 9)",50
133,3.6347641332041665,"Dict{String, Real}(""unique_cultures"" => 41, ""max_possible"" => 2048, ""diversity_ratio"" => 0.02001953125)",0.0,0.0,24,26,"Dict(""blue_proportion"" => 0.52, ""red_proportion"" => 0.48)","Dict(:p25 => 21.75, :p75 => 81.0, :p50 => 61.0, :p90 => 101.70000000000002, :p99 => 172.85999999999984, :p95 => 124.19999999999999)",4.015385325743148,45,115,"Dict{String, Real}(""red_transmission_rate"" => 0.5714285714285714, ""blue_transmission_rate"" => 0.42857142857142855, ""blue_initiated_transmissions"" => 3, ""red_initiated_transmissions"" => 4, ""total_transmissions"" => 7)",50
134,3.7456676820937584,"Dict{String, Real}(""unique_cultures"" => 44, ""max_possible"" => 2048, ""diversity_ratio"" => 0.021484375)",0.0,0.0,22,28,"Dict(""blue_proportion"" => 0.56, ""red_proportion"" => 0.44)","Dict(:p25 => 17.25, :p75 => 78.5, :p50 => 57.5, :p90 => 99.3, :p99 => 174.85999999999981, :p95 => 126.74999999999999)",4.572289495968142,47,115,"Dict{String, Real}(""red_transmission_rate"" => 0.25, ""blue_transmission_rate"" => 0.75, ""blue_initiated_transmissions"" => 9, ""red_initiated_transmissions"" => 3, ""total_transmissions"" => 12)",50
135,3.8288453437609515,"Dict{String, Real}(""unique_cultures"" => 47, ""max_possible"" => 2048, ""diversity_ratio"" => 0.02294921875)",0.0,0.0,23,27,"Dict(""blue_proportion"" => 0.54, ""red_proportion"" => 0.46)","Dict(:p25 => 16.0, :p75 => 79.75, :p50 => 58.0, :p90 => 100.4, :p99 => 177.34999999999985, :p95 => 129.75)",4.623203703671015,48,116,"Dict{String, Real}(""red_transmission_rate"" => 0.38461538461538464, ""blue_transmission_rate"" => 0.6153846153846154, ""blue_initiated_transmissions"" => 8, ""red_initiated_transmissions"" => 5, ""total_transmissions"" => 13)",50
136,3.8183803808856607,"Dict{String, Real}(""unique_cultures"" => 47, ""max_possible"" => 2048, ""diversity_ratio"" => 0.02294921875)",0.0,0.0,20,30,"Dict(""blue_proportion"" => 0.6, ""red_proportion"" => 0.4)","Dict(:p25 => 16.0, :p75 => 81.0, :p50 => 58.5, :p90 => 101.50000000000001, :p99 => 179.34999999999982, :p95 => 132.29999999999998)",4.901529975968604,48,116,"Dict{String, Real}(""red_transmission_rate"" => 0.23076923076923078, ""blue_transmission_rate"" => 0.7692307692307693, ""blue_initiated_transmissions"" => 10, ""red_initiated_transmissions"" => 3, ""total_transmissions"" => 13)",50
137,3.7456676820937584,"Dict{String, Real}(""unique_cultures"" => 45, ""max_possible"" => 2048, ""diversity_ratio"" => 0.02197265625)",0.0,0.0,21,29,"Dict(""blue_proportion"" => 0.58, ""red_proportion"" => 0.42)","Dict(:p25 => 16.5, :p75 => 83.0, :p50 => 59.0, :p90 => 103.5, :p99 => 182.34999999999982, :p95 => 135.29999999999998)",4.917408801271773,48,118,"Dict{String, Real}(""red_transmission_rate"" => 0.16666666666666666, ""blue_transmission_rate"" => 0.8333333333333334, ""blue_initiated_transmissions"" => 10, ""red_initiated_transmissions"" => 2, ""total_transmissions"" => 12)",50
138,3.624299170328876,"Dict{String, Real}(""unique_cultures"" => 41, ""max_possible"" => 2048, ""diversity_ratio"" => 0.02001953125)",0.0,0.0,24,26,"Dict(""blue_proportion"" => 0.52, ""red_proportion"" => 0.48)","Dict(:p25 => 14.5, :p75 => 84.25, :p50 => 57.5, :p90 => 105.50000000000001, :p99 => 184.34999999999985, :p95 => 138.29999999999998)",4.683064753790266,49,119,"Dict{String, Real}(""red_transmission_rate"" => 0.2857142857142857, ""blue_transmission_rate"" => 0.7142857142857143, ""blue_initiated_transmissions"" => 10, ""red_initiated_transmissions"" => 4, ""total_transmissions"" => 14)",50
139,3.641560094675983,"Dict{String, Real}(""unique_cultures"" => 42, ""max_possible"" => 2048, ""diversity_ratio"" => 0.0205078125)",0.0,0.0,22,28,"Dict(""blue_proportion"" => 0.56, ""red_proportion"" => 0.44)","Dict(:p25 => 14.5, :p75 => 86.25, :p50 => 56.5, :p90 => 107.5, :p99 => 185.81999999999982, :p95 => 140.75)",4.532924749193007,50,120,"Dict{String, Real}(""red_transmission_rate"" => 0.5333333333333333, ""blue_transmission_rate"" => 0.4666666666666667, ""blue_initiated_transmissions"" => 7, ""red_initiated_transmissions"" => 8, ""total_transmissions"" => 15)",50
140,3.7074768319960696,"Dict{String, Real}(""unique_cultures"" => 43, ""max_possible"" => 2048, ""diversity_ratio"" => 0.02099609375)",0.0,0.0,26,24,"Dict(""blue_proportion"" => 0.48, ""red_proportion"" => 0.52)","Dict(:p25 => 14.5, :p75 => 88.25, :p50 => 57.0, :p90 => 109.50000000000001, :p99 => 187.81999999999982, :p95 => 143.2)",4.4299790428458685,50,120,"Dict{String, Real}(""red_transmission_rate"" => 0.5, ""blue_transmission_rate"" => 0.5, ""blue_initiated_transmissions"" => 7, ""red_initiated_transmissions"" => 7, ""total_transmissions"" => 14)",50
141,3.596573283106478,"Dict{String, Real}(""unique_cultures"" => 40, ""max_possible"" => 2048, ""diversity_ratio"" => 0.01953125)",0.0,0.0,22,28,"Dict(""blue_proportion"" => 0.56, ""red_proportion"" => 0.44)","Dict(:p25 => 16.5, :p75 => 90.5, :p50 => 57.5, :p90 => 112.4, :p99 => 190.32999999999984, :p95 => 145.64999999999998)",3.986807398022546,50,121,"Dict{String, Real}(""red_transmission_rate"" => 0.4, ""blue_transmission_rate"" => 0.6, ""blue_initiated_transmissions"" => 6, ""red_initiated_transmissions"" => 4, ""total_transmissions"" => 10)",50
142,3.6415600946759827,"Dict{String, Real}(""unique_cultures"" => 41, ""max_possible"" => 2048, ""diversity_ratio"" => 0.02001953125)",0.0,0.0,22,28,"Dict(""blue_proportion"" => 0.56, ""red_proportion"" => 0.44)","Dict(:p25 => 16.0, :p75 => 92.0, :p50 => 57.0, :p90 => 115.3, :p99 => 192.83999999999983, :p95 => 148.1)",3.8803276294067532,50,121,"Dict{String, Real}(""red_transmission_rate"" => 0.875, ""blue_transmission_rate"" => 0.125, ""blue_initiated_transmissions"" => 1, ""red_initiated_transmissions"" => 7, ""total_transmissions"" => 8)",50
143,3.7733935693161555,"Dict{String, Real}(""unique_cultures"" => 45, ""max_possible"" => 2048, ""diversity_ratio"" => 0.02197265625)",0.0,0.0,23,27,"Dict(""blue_proportion"" => 0.54, ""red_proportion"" => 0.46)","Dict(:p25 => 16.5, :p75 => 93.5, :p50 => 52.5, :p90 => 115.3, :p99 => 151.51, :p95 => 136.49999999999991)",4.609076599908344,52,121,"Dict{String, Real}(""red_transmission_rate"" => 0.25, ""blue_transmission_rate"" => 0.75, ""blue_initiated_transmissions"" => 6, ""red_initiated_transmissions"" => 2, ""total_transmissions"" => 8)",50
144,3.8011194565385535,"Dict{String, Real}(""unique_cultures"" => 46, ""max_possible"" => 2048, ""diversity_ratio"" => 0.0224609375)",0.0,0.0,24,26,"Dict(""blue_proportion"" => 0.52, ""red_proportion"" => 0.48)","Dict(:p25 => 16.0, :p75 => 95.75, :p50 => 54.0, :p90 => 118.30000000000001, :p99 => 153.51, :p95 => 139.0499999999999)",4.47119860546151,52,121,"Dict{String, Real}(""red_transmission_rate"" => 0.5555555555555556, ""blue_transmission_rate"" => 0.4444444444444444, ""blue_initiated_transmissions"" => 8, ""red_initiated_transmissions"" => 10, ""total_transmissions"" => 18)",50
145,3.7179417948713596,"Dict{String, Real}(""unique_cultures"" => 43, ""max_possible"" => 2048, ""diversity_ratio"" => 0.02099609375)",0.0,0.0,24,26,"Dict(""blue_proportion"" => 0.52, ""red_proportion"" => 0.48)","Dict(:p25 => 16.5, :p75 => 97.0, :p50 => 55.5, :p90 => 120.4, :p99 => 156.0, :p95 => 141.0499999999999)",4.520954825185058,52,122,"Dict{String, Real}(""red_transmission_rate"" => 0.4, ""blue_transmission_rate"" => 0.6, ""blue_initiated_transmissions"" => 6, ""red_initiated_transmissions"" => 4, ""total_transmissions"" => 10)",50
146,3.6902159076489625,"Dict{String, Real}(""unique_cultures"" => 43, ""max_possible"" => 2048, ""diversity_ratio"" => 0.02099609375)",0.0,0.0,25,25,"Dict(""blue_proportion"" => 0.5, ""red_proportion"" => 0.5)","Dict(:p25 => 18.0, :p75 => 98.25, :p50 => 56.5, :p90 => 122.4, :p99 => 158.51, :p95 => 142.39999999999992)",4.826671502673748,52,123,"Dict{String, Real}(""red_transmission_rate"" => 0.5, ""blue_transmission_rate"" => 0.5, ""blue_initiated_transmissions"" => 4, ""red_initiated_transmissions"" => 4, ""total_transmissions"" => 8)",50
147,3.6624900204265645,"Dict{String, Real}(""unique_cultures"" => 42, ""max_possible"" => 2048, ""diversity_ratio"" => 0.0205078125)",0.0,0.0,24,26,"Dict(""blue_proportion"" => 0.52, ""red_proportion"" => 0.48)","Dict(:p25 => 19.0, :p75 => 100.25, :p50 => 58.0, :p90 => 125.30000000000001, :p99 => 161.01999999999998, :p95 => 144.39999999999992)",4.872446186747278,53,123,"Dict{String, Real}(""red_transmission_rate"" => 0.3333333333333333, ""blue_transmission_rate"" => 0.6666666666666666, ""blue_initiated_transmissions"" => 6, ""red_initiated_transmissions"" => 3, ""total_transmissions"" => 9)",50
148,3.762928606440865,"Dict{String, Real}(""unique_cultures"" => 45, ""max_possible"" => 2048, ""diversity_ratio"" => 0.02197265625)",0.0,0.0,25,25,"Dict(""blue_proportion"" => 0.5, ""red_proportion"" => 0.5)","Dict(:p25 => 18.5, :p75 => 97.0, :p50 => 55.5, :p90 => 127.3, :p99 => 163.52999999999997, :p95 => 146.39999999999992)",4.601270408284053,54,125,"Dict{String, Real}(""red_transmission_rate"" => 0.5, ""blue_transmission_rate"" => 0.5, ""blue_initiated_transmissions"" => 4, ""red_initiated_transmissions"" => 4, ""total_transmissions"" => 8)",50
149,3.7247377563431767,"Dict{String, Real}(""unique_cultures"" => 44, ""max_possible"" => 2048, ""diversity_ratio"" => 0.021484375)",0.0,0.0,22,28,"Dict(""blue_proportion"" => 0.56, ""red_proportion"" => 0.44)","Dict(:p25 => 18.5, :p75 => 99.75, :p50 => 55.5, :p90 => 129.3, :p99 => 166.04, :p95 => 147.94999999999993)",4.852481110005068,54,125,"Dict{String, Real}(""red_transmission_rate"" => 0.5714285714285714, ""blue_transmission_rate"" => 0.42857142857142855, ""blue_initiated_transmissions"" => 3, ""red_initiated_transmissions"" => 4, ""total_transmissions"" => 7)",50
150,3.7247377563431763,"Dict{String, Real}(""unique_cultures"" => 44, ""max_possible"" => 2048, ""diversity_ratio"" => 0.021484375)",0.0,0.0,20,30,"Dict(""blue_proportion"" => 0.6, ""red_proportion"" => 0.4)","Dict(:p25 => 18.5, :p75 => 102.5, :p50 => 56.0, :p90 => 132.2, :p99 => 167.01999999999998, :p95 => 150.39999999999992)",4.674186213444745,54,125,"Dict{String, Real}(""red_transmission_rate"" => 0.125, ""blue_transmission_rate"" => 0.875, ""blue_initiated_transmissions"" => 7, ""red_initiated_transmissions"" => 1, ""total_transmissions"" => 8)",50
