time,nagents,births,deaths_age,deaths_starvation,combat_kills,calculate_total_credit_outstanding,calculate_credit_default_rate,calculate_decision_entropy,calculate_gini_coefficient,calculate_wealth_percentiles,calculate_pareto_alpha,calculate_mean_lifespan,calculate_lifespan_inequality,calculate_cultural_entropy,calculate_spatial_segregation,calculate_clustering_coefficient,calculate_trait_summary_stats,count_red_tribe,count_blue_tribe,calculate_tribe_proportions,calculate_credit_network_metrics_avg_degree,calculate_credit_network_metrics_density,calculate_credit_network_metrics_max_degree,calculate_credit_network_metrics_n_edges,calculate_credit_network_metrics_n_nodes,calculate_factional_clustering_blue_attack_rate,calculate_factional_clustering_blue_initiated_attacks,calculate_factional_clustering_red_attack_rate,calculate_factional_clustering_red_initiated_attacks,calculate_factional_clustering_total_attacks,calculate_cultural_initiation_by_tribe_blue_initiated_transmissions,calculate_cultural_initiation_by_tribe_blue_transmission_rate,calculate_cultural_initiation_by_tribe_red_initiated_transmissions,calculate_cultural_initiation_by_tribe_red_transmission_rate,calculate_cultural_initiation_by_tribe_total_transmissions,calculate_cultural_diversity_diversity_ratio,calculate_cultural_diversity_max_possible,calculate_cultural_diversity_unique_cultures,calculate_trait_similarity_metrics_avg_similarity,calculate_trait_similarity_metrics_count
0,50,0,0,0,0,0.0,0.0,0.0,0.23110204081632646,"Dict(:p25 => 10.25, :p75 => 19.0, :p50 => 14.0, :p90 => 23.1, :p99 => 25.0, :p95 => 24.549999999999997)",9.797632143947327,0.0,0.0,3.884297118205747,0.0,0.0,"Dict(""mean_extraversion"" => 0.0, ""std_agreeableness"" => 0.0, ""std_extraversion"" => 0.0, ""mean_openness"" => 0.0, ""std_conscientiousness"" => 0.0, ""mean_agreeableness"" => 0.0, ""std_neuroticism"" => 0.0, ""std_openness"" => 0.0, ""mean_conscientiousness"" => 0.0, ""mean_neuroticism"" => 0.0)",29,21,"Dict(""blue_proportion"" => 0.42, ""red_proportion"" => 0.58)",0.0,0.0,0.0,0.0,50.0,0.0,0.0,0.0,0.0,0.0,0.0,0.0,0.0,0.0,0.0,0.02392578125,2048.0,49.0,0.0,0.0
1,45,0,0,0,5,0.0,0.0,0.0,0.27065444605242006,"Dict(:p25 => 10.0, :p75 => 22.0, :p50 => 14.0, :p90 => 23.6, :p99 => 37.679999999999986, :p95 => 25.0)",7.592277905796079,1.0,0.0,3.8066624897703174,0.0,0.0,"Dict(""mean_extraversion"" => 0.0, ""std_agreeableness"" => 0.0, ""std_extraversion"" => 0.0, ""mean_openness"" => 0.0, ""std_conscientiousness"" => 0.0, ""mean_agreeableness"" => 0.0, ""std_neuroticism"" => 0.0, ""std_openness"" => 0.0, ""mean_conscientiousness"" => 0.0, ""mean_neuroticism"" => 0.0)",26,19,"Dict(""blue_proportion"" => 0.4222222222222222, ""red_proportion"" => 0.5777777777777777)",0.0,0.0,0.0,0.0,45.0,0.2,1.0,0.8,4.0,5.0,3.0,0.75,1.0,0.25,4.0,0.02197265625,2048.0,45.0,0.0,0.0
2,41,0,0,1,8,0.0,0.0,0.0,0.3115196998123828,"Dict(:p25 => 10.0, :p75 => 19.0, :p50 => 12.0, :p90 => 27.0, :p99 => 43.19999999999999, :p95 => 39.0)",3.371676567879184,2.0,0.0,3.713572066704311,0.0,0.0,"Dict(""mean_extraversion"" => 0.0, ""std_agreeableness"" => 0.0, ""std_extraversion"" => 0.0, ""mean_openness"" => 0.0, ""std_conscientiousness"" => 0.0, ""mean_agreeableness"" => 0.0, ""std_neuroticism"" => 0.0, ""std_openness"" => 0.0, ""mean_conscientiousness"" => 0.0, ""mean_neuroticism"" => 0.0)",23,18,"Dict(""blue_proportion"" => 0.43902439024390244, ""red_proportion"" => 0.5609756097560976)",0.0,0.0,0.0,0.0,41.0,1.0,3.0,0.0,0.0,3.0,2.0,0.6666666666666666,1.0,0.3333333333333333,3.0,0.02001953125,2048.0,41.0,0.0,0.0
3,40,0,0,1,9,0.0,0.0,0.0,0.37524154589371994,"Dict(:p25 => 8.75, :p75 => 19.5, :p50 => 12.0, :p90 => 32.70000000000001, :p99 => 45.22, :p95 => 40.19999999999999)",2.426815653465626,3.0,0.0,3.6888794541139402,0.0,0.0,"Dict(""mean_extraversion"" => 0.0, ""std_agreeableness"" => 0.0, ""std_extraversion"" => 0.0, ""mean_openness"" => 0.0, ""std_conscientiousness"" => 0.0, ""mean_agreeableness"" => 0.0, ""std_neuroticism"" => 0.0, ""std_openness"" => 0.0, ""mean_conscientiousness"" => 0.0, ""mean_neuroticism"" => 0.0)",23,17,"Dict(""blue_proportion"" => 0.425, ""red_proportion"" => 0.575)",0.0,0.0,0.0,0.0,40.0,0.0,0.0,1.0,1.0,1.0,2.0,1.0,0.0,0.0,2.0,0.01953125,2048.0,40.0,0.0,0.0
4,36,0,0,3,11,0.0,0.0,0.0,0.4374412483549541,"Dict(:p25 => 6.75, :p75 => 20.0, :p50 => 12.5, :p90 => 30.5, :p99 => 72.34999999999994, :p95 => 41.0)",2.0138887927135958,4.0,0.0,3.5450107617583364,0.0,0.0,"Dict(""mean_extraversion"" => 0.0, ""std_agreeableness"" => 0.0, ""std_extraversion"" => 0.0, ""mean_openness"" => 0.0, ""std_conscientiousness"" => 0.0, ""mean_agreeableness"" => 0.0, ""std_neuroticism"" => 0.0, ""std_openness"" => 0.0, ""mean_conscientiousness"" => 0.0, ""mean_neuroticism"" => 0.0)",20,16,"Dict(""blue_proportion"" => 0.4444444444444444, ""red_proportion"" => 0.5555555555555556)",0.0,0.0,0.0,0.0,36.0,1.0,2.0,0.0,0.0,2.0,4.0,1.0,0.0,0.0,4.0,0.01708984375,2048.0,35.0,0.0,0.0
5,30,0,0,7,13,0.0,0.0,0.0,0.454694835680751,"Dict(:p25 => 8.25, :p75 => 20.75, :p50 => 13.0, :p90 => 33.60000000000001, :p99 => 80.75000000000003, :p95 => 52.2000000000001)",2.2935553976213012,5.0,0.0,3.401197381662154,0.0,0.0,"Dict(""mean_extraversion"" => 0.0, ""std_agreeableness"" => 0.0, ""std_extraversion"" => 0.0, ""mean_openness"" => 0.0, ""std_conscientiousness"" => 0.0, ""mean_agreeableness"" => 0.0, ""std_neuroticism"" => 0.0, ""std_openness"" => 0.0, ""mean_conscientiousness"" => 0.0, ""mean_neuroticism"" => 0.0)",19,11,"Dict(""blue_proportion"" => 0.36666666666666664, ""red_proportion"" => 0.6333333333333333)",0.0,0.0,0.0,0.0,30.0,0.5,1.0,0.5,1.0,2.0,3.0,0.75,1.0,0.25,4.0,0.0146484375,2048.0,30.0,0.0,0.0
6,22,0,0,10,18,0.0,0.0,0.0,0.5251031020261789,"Dict(:p25 => 7.25, :p75 => 25.0, :p50 => 12.5, :p90 => 45.800000000000004, :p99 => 118.36000000000023, :p95 => 51.70000000000002)",2.2169632024471135,6.0,0.0,3.0910424533583143,0.0,0.0,"Dict(""mean_extraversion"" => 0.0, ""std_agreeableness"" => 0.0, ""std_extraversion"" => 0.0, ""mean_openness"" => 0.0, ""std_conscientiousness"" => 0.0, ""mean_agreeableness"" => 0.0, ""std_neuroticism"" => 0.0, ""std_openness"" => 0.0, ""mean_conscientiousness"" => 0.0, ""mean_neuroticism"" => 0.0)",12,10,"Dict(""blue_proportion"" => 0.45454545454545453, ""red_proportion"" => 0.5454545454545454)",0.0,0.0,0.0,0.0,22.0,1.0,4.0,0.0,0.0,4.0,0.0,0.0,0.0,0.0,0.0,0.0107421875,2048.0,22.0,0.0,0.0
7,21,0,0,11,18,0.0,0.0,0.0,0.5356905237144758,"Dict(:p25 => 7.0, :p75 => 24.0, :p50 => 13.0, :p90 => 47.000000000000014, :p99 => 121.00000000000006, :p95 => 53.000000000000306)",2.344486740673465,7.0,0.0,3.0445224377234217,0.0,0.0,"Dict(""mean_extraversion"" => 0.0, ""std_agreeableness"" => 0.0, ""std_extraversion"" => 0.0, ""mean_openness"" => 0.0, ""std_conscientiousness"" => 0.0, ""mean_agreeableness"" => 0.0, ""std_neuroticism"" => 0.0, ""std_openness"" => 0.0, ""mean_conscientiousness"" => 0.0, ""mean_neuroticism"" => 0.0)",12,9,"Dict(""blue_proportion"" => 0.42857142857142855, ""red_proportion"" => 0.5714285714285714)",0.0,0.0,0.0,0.0,21.0,0.0,0.0,0.0,0.0,0.0,1.0,1.0,0.0,0.0,1.0,0.01025390625,2048.0,21.0,0.0,0.0
8,19,0,0,12,19,0.0,0.0,0.0,0.5803352193872104,"Dict(:p25 => 6.0, :p75 => 31.5, :p50 => 12.0, :p90 => 51.000000000000014, :p99 => 142.74, :p95 => 65.70000000000016)",2.2921613230551254,8.0,0.0,2.9444389791664403,0.0,0.0,"Dict(""mean_extraversion"" => 0.0, ""std_agreeableness"" => 0.0, ""std_extraversion"" => 0.0, ""mean_openness"" => 0.0, ""std_conscientiousness"" => 0.0, ""mean_agreeableness"" => 0.0, ""std_neuroticism"" => 0.0, ""std_openness"" => 0.0, ""mean_conscientiousness"" => 0.0, ""mean_neuroticism"" => 0.0)",12,7,"Dict(""blue_proportion"" => 0.3684210526315789, ""red_proportion"" => 0.631578947368421)",0.0,0.0,0.0,0.0,19.0,0.0,0.0,1.0,1.0,1.0,0.0,0.0,0.0,0.0,0.0,0.00927734375,2048.0,19.0,0.0,0.0
9,17,0,0,13,20,0.0,0.0,0.0,0.6299421407907426,"Dict(:p25 => 5.0, :p75 => 25.0, :p50 => 12.0, :p90 => 54.6, :p99 => 182.15999999999997, :p95 => 86.80000000000042)",1.1963759998201073,9.0,0.0,2.833213344056216,0.0,0.0,"Dict(""mean_extraversion"" => 0.0, ""std_agreeableness"" => 0.0, ""std_extraversion"" => 0.0, ""mean_openness"" => 0.0, ""std_conscientiousness"" => 0.0, ""mean_agreeableness"" => 0.0, ""std_neuroticism"" => 0.0, ""std_openness"" => 0.0, ""mean_conscientiousness"" => 0.0, ""mean_neuroticism"" => 0.0)",11,6,"Dict(""blue_proportion"" => 0.35294117647058826, ""red_proportion"" => 0.6470588235294118)",0.0,0.0,0.0,0.0,17.0,0.0,0.0,1.0,1.0,1.0,1.0,1.0,0.0,0.0,1.0,0.00830078125,2048.0,17.0,0.0,0.0
10,16,0,0,13,21,0.0,0.0,0.0,0.6634814049586777,"Dict(:p25 => 4.0, :p75 => 30.25, :p50 => 12.5, :p90 => 62.0, :p99 => 186.99999999999994, :p95 => 103.00000000000026)",1.1597668243579298,10.0,0.0,2.772588722239781,0.0,0.0,"Dict(""mean_extraversion"" => 0.0, ""std_agreeableness"" => 0.0, ""std_extraversion"" => 0.0, ""mean_openness"" => 0.0, ""std_conscientiousness"" => 0.0, ""mean_agreeableness"" => 0.0, ""std_neuroticism"" => 0.0, ""std_openness"" => 0.0, ""mean_conscientiousness"" => 0.0, ""mean_neuroticism"" => 0.0)",10,6,"Dict(""blue_proportion"" => 0.375, ""red_proportion"" => 0.625)",0.0,0.0,0.0,0.0,16.0,1.0,1.0,0.0,0.0,1.0,1.0,1.0,0.0,0.0,1.0,0.0078125,2048.0,16.0,0.0,0.0
11,14,0,0,15,21,0.0,0.0,0.0,0.6452282157676348,"Dict(:p25 => 4.25, :p75 => 40.5, :p50 => 13.0, :p90 => 66.69999999999999, :p99 => 191.7999999999999, :p95 => 119.0000000000002)",1.163750049256248,11.0,0.0,2.6390573296152584,0.0,0.0,"Dict(""mean_extraversion"" => 0.0, ""std_agreeableness"" => 0.0, ""std_extraversion"" => 0.0, ""mean_openness"" => 0.0, ""std_conscientiousness"" => 0.0, ""mean_agreeableness"" => 0.0, ""std_neuroticism"" => 0.0, ""std_openness"" => 0.0, ""mean_conscientiousness"" => 0.0, ""mean_neuroticism"" => 0.0)",9,5,"Dict(""blue_proportion"" => 0.35714285714285715, ""red_proportion"" => 0.6428571428571429)",0.0,0.0,0.0,0.0,14.0,0.0,0.0,0.0,0.0,0.0,0.0,0.0,0.0,0.0,0.0,0.0068359375,2048.0,14.0,0.0,0.0
12,14,0,0,15,21,0.0,0.0,0.0,0.6644483880508725,"Dict(:p25 => 3.0, :p75 => 42.25, :p50 => 12.5, :p90 => 69.0, :p99 => 193.7999999999999, :p95 => 121.0000000000002)",1.167756012604238,12.0,0.0,2.6390573296152584,0.0,0.0,"Dict(""mean_extraversion"" => 0.0, ""std_agreeableness"" => 0.0, ""std_extraversion"" => 0.0, ""mean_openness"" => 0.0, ""std_conscientiousness"" => 0.0, ""mean_agreeableness"" => 0.0, ""std_neuroticism"" => 0.0, ""std_openness"" => 0.0, ""mean_conscientiousness"" => 0.0, ""mean_neuroticism"" => 0.0)",9,5,"Dict(""blue_proportion"" => 0.35714285714285715, ""red_proportion"" => 0.6428571428571429)",0.0,0.0,0.0,0.0,14.0,0.0,0.0,0.0,0.0,0.0,1.0,1.0,0.0,0.0,1.0,0.0068359375,2048.0,14.0,0.0,0.0
13,13,0,0,16,21,0.0,0.0,0.0,0.6602034329307056,"Dict(:p25 => 2.0, :p75 => 49.0, :p50 => 12.0, :p90 => 72.2, :p99 => 197.19999999999987, :p95 => 130.00000000000028)",1.1717655068567971,13.0,0.0,2.5649493574615376,0.0,0.0,"Dict(""mean_extraversion"" => 0.0, ""std_agreeableness"" => 0.0, ""std_extraversion"" => 0.0, ""mean_openness"" => 0.0, ""std_conscientiousness"" => 0.0, ""mean_agreeableness"" => 0.0, ""std_neuroticism"" => 0.0, ""std_openness"" => 0.0, ""mean_conscientiousness"" => 0.0, ""mean_neuroticism"" => 0.0)",8,5,"Dict(""blue_proportion"" => 0.38461538461538464, ""red_proportion"" => 0.6153846153846154)",0.0,0.0,0.0,0.0,13.0,0.0,0.0,0.0,0.0,0.0,0.0,0.0,0.0,0.0,0.0,0.00634765625,2048.0,13.0,0.0,0.0
14,9,0,0,19,22,0.0,0.0,0.0,0.5686680469289165,"Dict(:p25 => 10.0, :p75 => 68.0, :p50 => 30.0, :p90 => 110.3999999999999, :p99 => 205.43999999999997, :p95 => 163.2000000000002)",NaN,14.0,0.0,2.1972245773362196,0.0,0.0,"Dict(""mean_extraversion"" => 0.0, ""std_agreeableness"" => 0.0, ""std_extraversion"" => 0.0, ""mean_openness"" => 0.0, ""std_conscientiousness"" => 0.0, ""mean_agreeableness"" => 0.0, ""std_neuroticism"" => 0.0, ""std_openness"" => 0.0, ""mean_conscientiousness"" => 0.0, ""mean_neuroticism"" => 0.0)",7,2,"Dict(""blue_proportion"" => 0.2222222222222222, ""red_proportion"" => 0.7777777777777778)",0.0,0.0,0.0,0.0,9.0,1.0,1.0,0.0,0.0,1.0,1.0,0.5,1.0,0.5,2.0,0.00439453125,2048.0,9.0,0.0,0.0
15,7,0,0,20,23,0.0,0.0,0.0,0.4960235640648012,"Dict(:p25 => 20.0, :p75 => 83.0, :p50 => 53.0, :p90 => 144.19999999999993, :p99 => 210.61999999999995, :p95 => 181.10000000000002)",NaN,15.0,0.0,1.945910149055313,0.0,0.0,"Dict(""mean_extraversion"" => 0.0, ""std_agreeableness"" => 0.0, ""std_extraversion"" => 0.0, ""mean_openness"" => 0.0, ""std_conscientiousness"" => 0.0, ""mean_agreeableness"" => 0.0, ""std_neuroticism"" => 0.0, ""std_openness"" => 0.0, ""mean_conscientiousness"" => 0.0, ""mean_neuroticism"" => 0.0)",5,2,"Dict(""blue_proportion"" => 0.2857142857142857, ""red_proportion"" => 0.7142857142857143)",0.0,0.0,0.0,0.0,7.0,1.0,1.0,0.0,0.0,1.0,0.0,0.0,0.0,0.0,0.0,0.00341796875,2048.0,7.0,0.0,0.0
16,7,0,0,20,23,0.0,0.0,0.0,0.5005807200929153,"Dict(:p25 => 20.0, :p75 => 85.5, :p50 => 55.0, :p90 => 146.19999999999993, :p99 => 212.61999999999995, :p95 => 183.10000000000002)",NaN,16.0,0.0,1.945910149055313,0.0,0.0,"Dict(""mean_extraversion"" => 0.0, ""std_agreeableness"" => 0.0, ""std_extraversion"" => 0.0, ""mean_openness"" => 0.0, ""std_conscientiousness"" => 0.0, ""mean_agreeableness"" => 0.0, ""std_neuroticism"" => 0.0, ""std_openness"" => 0.0, ""mean_conscientiousness"" => 0.0, ""mean_neuroticism"" => 0.0)",5,2,"Dict(""blue_proportion"" => 0.2857142857142857, ""red_proportion"" => 0.7142857142857143)",0.0,0.0,0.0,0.0,7.0,0.0,0.0,0.0,0.0,0.0,0.0,0.0,0.0,0.0,0.0,0.00341796875,2048.0,7.0,0.0,0.0
17,6,0,0,20,24,0.0,0.0,0.0,0.5441595441595442,"Dict(:p25 => 13.5, :p75 => 123.0, :p50 => 45.0, :p90 => 183.5, :p99 => 218.14999999999995, :p95 => 202.75)",NaN,17.0,0.0,1.7917594692280547,0.0,0.0,"Dict(""mean_extraversion"" => 0.0, ""std_agreeableness"" => 0.0, ""std_extraversion"" => 0.0, ""mean_openness"" => 0.0, ""std_conscientiousness"" => 0.0, ""mean_agreeableness"" => 0.0, ""std_neuroticism"" => 0.0, ""std_openness"" => 0.0, ""mean_conscientiousness"" => 0.0, ""mean_neuroticism"" => 0.0)",4,2,"Dict(""blue_proportion"" => 0.3333333333333333, ""red_proportion"" => 0.6666666666666666)",0.0,0.0,0.0,0.0,6.0,1.0,1.0,0.0,0.0,1.0,0.0,0.0,0.0,0.0,0.0,0.0029296875,2048.0,6.0,0.0,0.0
18,6,0,0,20,24,0.0,0.0,0.0,0.5501412429378529,"Dict(:p25 => 13.0, :p75 => 125.0, :p50 => 46.5, :p90 => 185.5, :p99 => 220.14999999999995, :p95 => 204.75)",NaN,18.0,0.0,1.7917594692280547,0.0,0.0,"Dict(""mean_extraversion"" => 0.0, ""std_agreeableness"" => 0.0, ""std_extraversion"" => 0.0, ""mean_openness"" => 0.0, ""std_conscientiousness"" => 0.0, ""mean_agreeableness"" => 0.0, ""std_neuroticism"" => 0.0, ""std_openness"" => 0.0, ""mean_conscientiousness"" => 0.0, ""mean_neuroticism"" => 0.0)",4,2,"Dict(""blue_proportion"" => 0.3333333333333333, ""red_proportion"" => 0.6666666666666666)",0.0,0.0,0.0,0.0,6.0,0.0,0.0,0.0,0.0,0.0,0.0,0.0,0.0,0.0,0.0,0.0029296875,2048.0,6.0,0.0,0.0
19,5,0,0,21,24,0.0,0.0,0.0,0.46722689075630264,"Dict(:p25 => 35.0, :p75 => 149.0, :p50 => 61.0, :p90 => 195.19999999999996, :p99 => 222.92, :p95 => 210.59999999999997)",NaN,19.0,0.0,1.6094379124341005,0.0,0.0,"Dict(""mean_extraversion"" => 0.0, ""std_agreeableness"" => 0.0, ""std_extraversion"" => 0.0, ""mean_openness"" => 0.0, ""std_conscientiousness"" => 0.0, ""mean_agreeableness"" => 0.0, ""std_neuroticism"" => 0.0, ""std_openness"" => 0.0, ""mean_conscientiousness"" => 0.0, ""mean_neuroticism"" => 0.0)",3,2,"Dict(""blue_proportion"" => 0.4, ""red_proportion"" => 0.6)",0.0,0.0,0.0,0.0,5.0,0.0,0.0,0.0,0.0,0.0,0.0,0.0,0.0,0.0,0.0,0.00244140625,2048.0,5.0,0.0,0.0
20,5,0,0,21,24,0.0,0.0,0.0,0.46721991701244825,"Dict(:p25 => 36.0, :p75 => 151.0, :p50 => 63.0, :p90 => 197.2, :p99 => 224.92, :p95 => 212.59999999999997)",NaN,20.0,0.0,1.6094379124341005,0.0,0.0,"Dict(""mean_extraversion"" => 0.0, ""std_agreeableness"" => 0.0, ""std_extraversion"" => 0.0, ""mean_openness"" => 0.0, ""std_conscientiousness"" => 0.0, ""mean_agreeableness"" => 0.0, ""std_neuroticism"" => 0.0, ""std_openness"" => 0.0, ""mean_conscientiousness"" => 0.0, ""mean_neuroticism"" => 0.0)",3,2,"Dict(""blue_proportion"" => 0.4, ""red_proportion"" => 0.6)",0.0,0.0,0.0,0.0,5.0,0.0,0.0,0.0,0.0,0.0,0.0,0.0,0.0,0.0,0.0,0.00244140625,2048.0,5.0,0.0,0.0
21,5,0,0,21,24,0.0,0.0,0.0,0.4672131147540983,"Dict(:p25 => 37.0, :p75 => 153.0, :p50 => 65.0, :p90 => 199.19999999999996, :p99 => 226.92, :p95 => 214.6)",NaN,21.0,0.0,1.6094379124341005,0.0,0.0,"Dict(""mean_extraversion"" => 0.0, ""std_agreeableness"" => 0.0, ""std_extraversion"" => 0.0, ""mean_openness"" => 0.0, ""std_conscientiousness"" => 0.0, ""mean_agreeableness"" => 0.0, ""std_neuroticism"" => 0.0, ""std_openness"" => 0.0, ""mean_conscientiousness"" => 0.0, ""mean_neuroticism"" => 0.0)",3,2,"Dict(""blue_proportion"" => 0.4, ""red_proportion"" => 0.6)",0.0,0.0,0.0,0.0,5.0,0.0,0.0,0.0,0.0,0.0,0.0,0.0,0.0,0.0,0.0,0.00244140625,2048.0,5.0,0.0,0.0
22,5,0,0,21,24,0.0,0.0,0.0,0.46720647773279356,"Dict(:p25 => 38.0, :p75 => 155.0, :p50 => 67.0, :p90 => 201.2, :p99 => 228.92000000000002, :p95 => 216.6)",NaN,22.0,0.0,1.6094379124341005,0.0,0.0,"Dict(""mean_extraversion"" => 0.0, ""std_agreeableness"" => 0.0, ""std_extraversion"" => 0.0, ""mean_openness"" => 0.0, ""std_conscientiousness"" => 0.0, ""mean_agreeableness"" => 0.0, ""std_neuroticism"" => 0.0, ""std_openness"" => 0.0, ""mean_conscientiousness"" => 0.0, ""mean_neuroticism"" => 0.0)",3,2,"Dict(""blue_proportion"" => 0.4, ""red_proportion"" => 0.6)",0.0,0.0,0.0,0.0,5.0,0.0,0.0,0.0,0.0,0.0,0.0,0.0,0.0,0.0,0.0,0.00244140625,2048.0,5.0,0.0,0.0
23,5,0,0,21,24,0.0,0.0,0.0,0.46720000000000006,"Dict(:p25 => 39.0, :p75 => 157.0, :p50 => 69.0, :p90 => 203.2, :p99 => 230.92, :p95 => 218.6)",NaN,23.0,0.0,1.6094379124341005,0.0,0.0,"Dict(""mean_extraversion"" => 0.0, ""std_agreeableness"" => 0.0, ""std_extraversion"" => 0.0, ""mean_openness"" => 0.0, ""std_conscientiousness"" => 0.0, ""mean_agreeableness"" => 0.0, ""std_neuroticism"" => 0.0, ""std_openness"" => 0.0, ""mean_conscientiousness"" => 0.0, ""mean_neuroticism"" => 0.0)",3,2,"Dict(""blue_proportion"" => 0.4, ""red_proportion"" => 0.6)",0.0,0.0,0.0,0.0,5.0,0.0,0.0,0.0,0.0,0.0,0.0,0.0,0.0,0.0,0.0,0.00244140625,2048.0,5.0,0.0,0.0
24,4,0,0,22,24,0.0,0.0,0.0,0.33399209486166015,"Dict(:p25 => 63.25, :p75 => 178.25, :p50 => 115.0, :p90 => 212.90000000000003, :p99 => 233.68999999999997, :p95 => 224.45000000000002)",NaN,24.0,0.0,1.3862943611198906,0.0,0.0,"Dict(""mean_extraversion"" => 0.0, ""std_agreeableness"" => 0.0, ""std_extraversion"" => 0.0, ""mean_openness"" => 0.0, ""std_conscientiousness"" => 0.0, ""mean_agreeableness"" => 0.0, ""std_neuroticism"" => 0.0, ""std_openness"" => 0.0, ""mean_conscientiousness"" => 0.0, ""mean_neuroticism"" => 0.0)",2,2,"Dict(""blue_proportion"" => 0.5, ""red_proportion"" => 0.5)",0.0,0.0,0.0,0.0,4.0,0.0,0.0,0.0,0.0,0.0,0.0,0.0,0.0,0.0,0.0,0.001953125,2048.0,4.0,0.0,0.0
25,4,0,0,22,24,0.0,0.0,0.0,0.33089668615984413,"Dict(:p25 => 65.0, :p75 => 180.25, :p50 => 117.0, :p90 => 214.90000000000003, :p99 => 235.68999999999997, :p95 => 226.45)",NaN,25.0,0.0,1.3862943611198906,0.0,0.0,"Dict(""mean_extraversion"" => 0.0, ""std_agreeableness"" => 0.0, ""std_extraversion"" => 0.0, ""mean_openness"" => 0.0, ""std_conscientiousness"" => 0.0, ""mean_agreeableness"" => 0.0, ""std_neuroticism"" => 0.0, ""std_openness"" => 0.0, ""mean_conscientiousness"" => 0.0, ""mean_neuroticism"" => 0.0)",2,2,"Dict(""blue_proportion"" => 0.5, ""red_proportion"" => 0.5)",0.0,0.0,0.0,0.0,4.0,0.0,0.0,0.0,0.0,0.0,0.0,0.0,0.0,0.0,0.0,0.001953125,2048.0,4.0,0.0,0.0
26,4,0,0,22,24,0.0,0.0,0.0,0.32788461538461533,"Dict(:p25 => 66.75, :p75 => 182.25, :p50 => 119.0, :p90 => 216.90000000000003, :p99 => 237.69, :p95 => 228.45000000000002)",NaN,26.0,0.0,1.3862943611198906,0.0,0.0,"Dict(""mean_extraversion"" => 0.0, ""std_agreeableness"" => 0.0, ""std_extraversion"" => 0.0, ""mean_openness"" => 0.0, ""std_conscientiousness"" => 0.0, ""mean_agreeableness"" => 0.0, ""std_neuroticism"" => 0.0, ""std_openness"" => 0.0, ""mean_conscientiousness"" => 0.0, ""mean_neuroticism"" => 0.0)",2,2,"Dict(""blue_proportion"" => 0.5, ""red_proportion"" => 0.5)",0.0,0.0,0.0,0.0,4.0,0.0,0.0,0.0,0.0,0.0,0.0,0.0,0.0,0.0,0.0,0.001953125,2048.0,4.0,0.0,0.0
27,4,0,0,22,24,0.0,0.0,0.0,0.3249525616698292,"Dict(:p25 => 68.5, :p75 => 184.25, :p50 => 121.0, :p90 => 218.9, :p99 => 239.69, :p95 => 230.45)",NaN,27.0,0.0,1.3862943611198906,0.0,0.0,"Dict(""mean_extraversion"" => 0.0, ""std_agreeableness"" => 0.0, ""std_extraversion"" => 0.0, ""mean_openness"" => 0.0, ""std_conscientiousness"" => 0.0, ""mean_agreeableness"" => 0.0, ""std_neuroticism"" => 0.0, ""std_openness"" => 0.0, ""mean_conscientiousness"" => 0.0, ""mean_neuroticism"" => 0.0)",2,2,"Dict(""blue_proportion"" => 0.5, ""red_proportion"" => 0.5)",0.0,0.0,0.0,0.0,4.0,0.0,0.0,0.0,0.0,0.0,0.0,0.0,0.0,0.0,0.0,0.001953125,2048.0,4.0,0.0,0.0
28,4,0,0,22,24,0.0,0.0,0.0,0.32209737827715346,"Dict(:p25 => 70.25, :p75 => 186.25, :p50 => 123.0, :p90 => 220.9, :p99 => 241.69, :p95 => 232.45000000000002)",NaN,28.0,0.0,1.3862943611198906,0.0,0.0,"Dict(""mean_extraversion"" => 0.0, ""std_agreeableness"" => 0.0, ""std_extraversion"" => 0.0, ""mean_openness"" => 0.0, ""std_conscientiousness"" => 0.0, ""mean_agreeableness"" => 0.0, ""std_neuroticism"" => 0.0, ""std_openness"" => 0.0, ""mean_conscientiousness"" => 0.0, ""mean_neuroticism"" => 0.0)",2,2,"Dict(""blue_proportion"" => 0.5, ""red_proportion"" => 0.5)",0.0,0.0,0.0,0.0,4.0,0.0,0.0,0.0,0.0,0.0,0.0,0.0,0.0,0.0,0.0,0.001953125,2048.0,4.0,0.0,0.0
29,4,0,0,22,24,0.0,0.0,0.0,0.31931608133086886,"Dict(:p25 => 72.0, :p75 => 188.25, :p50 => 125.0, :p90 => 222.9, :p99 => 243.69, :p95 => 234.45000000000002)",NaN,29.0,0.0,1.3862943611198906,0.0,0.0,"Dict(""mean_extraversion"" => 0.0, ""std_agreeableness"" => 0.0, ""std_extraversion"" => 0.0, ""mean_openness"" => 0.0, ""std_conscientiousness"" => 0.0, ""mean_agreeableness"" => 0.0, ""std_neuroticism"" => 0.0, ""std_openness"" => 0.0, ""mean_conscientiousness"" => 0.0, ""mean_neuroticism"" => 0.0)",2,2,"Dict(""blue_proportion"" => 0.5, ""red_proportion"" => 0.5)",0.0,0.0,0.0,0.0,4.0,0.0,0.0,0.0,0.0,0.0,0.0,0.0,0.0,0.0,0.0,0.001953125,2048.0,4.0,0.0,0.0
30,4,0,0,22,24,0.0,0.0,0.0,0.31660583941605847,"Dict(:p25 => 73.75, :p75 => 190.25, :p50 => 127.0, :p90 => 224.90000000000003, :p99 => 245.69, :p95 => 236.45)",NaN,30.0,0.0,1.3862943611198906,0.0,0.0,"Dict(""mean_extraversion"" => 0.0, ""std_agreeableness"" => 0.0, ""std_extraversion"" => 0.0, ""mean_openness"" => 0.0, ""std_conscientiousness"" => 0.0, ""mean_agreeableness"" => 0.0, ""std_neuroticism"" => 0.0, ""std_openness"" => 0.0, ""mean_conscientiousness"" => 0.0, ""mean_neuroticism"" => 0.0)",2,2,"Dict(""blue_proportion"" => 0.5, ""red_proportion"" => 0.5)",0.0,0.0,0.0,0.0,4.0,0.0,0.0,0.0,0.0,0.0,0.0,0.0,0.0,0.0,0.0,0.001953125,2048.0,4.0,0.0,0.0
31,4,0,0,22,24,0.0,0.0,0.0,0.313963963963964,"Dict(:p25 => 75.5, :p75 => 192.25, :p50 => 129.0, :p90 => 226.90000000000003, :p99 => 247.69, :p95 => 238.45000000000002)",NaN,31.0,0.0,1.3862943611198906,0.0,0.0,"Dict(""mean_extraversion"" => 0.0, ""std_agreeableness"" => 0.0, ""std_extraversion"" => 0.0, ""mean_openness"" => 0.0, ""std_conscientiousness"" => 0.0, ""mean_agreeableness"" => 0.0, ""std_neuroticism"" => 0.0, ""std_openness"" => 0.0, ""mean_conscientiousness"" => 0.0, ""mean_neuroticism"" => 0.0)",2,2,"Dict(""blue_proportion"" => 0.5, ""red_proportion"" => 0.5)",0.0,0.0,0.0,0.0,4.0,0.0,0.0,0.0,0.0,0.0,0.0,0.0,0.0,0.0,0.0,0.001953125,2048.0,4.0,0.0,0.0
32,4,0,0,22,24,0.0,0.0,0.0,0.31138790035587194,"Dict(:p25 => 77.25, :p75 => 194.25, :p50 => 131.0, :p90 => 228.9, :p99 => 249.69, :p95 => 240.45)",NaN,32.0,0.0,1.3862943611198906,0.0,0.0,"Dict(""mean_extraversion"" => 0.0, ""std_agreeableness"" => 0.0, ""std_extraversion"" => 0.0, ""mean_openness"" => 0.0, ""std_conscientiousness"" => 0.0, ""mean_agreeableness"" => 0.0, ""std_neuroticism"" => 0.0, ""std_openness"" => 0.0, ""mean_conscientiousness"" => 0.0, ""mean_neuroticism"" => 0.0)",2,2,"Dict(""blue_proportion"" => 0.5, ""red_proportion"" => 0.5)",0.0,0.0,0.0,0.0,4.0,0.0,0.0,0.0,0.0,0.0,0.0,0.0,0.0,0.0,0.0,0.001953125,2048.0,4.0,0.0,0.0
33,4,0,0,22,24,0.0,0.0,0.0,0.3088752196836555,"Dict(:p25 => 79.0, :p75 => 196.25, :p50 => 133.0, :p90 => 230.9, :p99 => 251.68999999999997, :p95 => 242.45000000000002)",NaN,33.0,0.0,1.3862943611198906,0.0,0.0,"Dict(""mean_extraversion"" => 0.0, ""std_agreeableness"" => 0.0, ""std_extraversion"" => 0.0, ""mean_openness"" => 0.0, ""std_conscientiousness"" => 0.0, ""mean_agreeableness"" => 0.0, ""std_neuroticism"" => 0.0, ""std_openness"" => 0.0, ""mean_conscientiousness"" => 0.0, ""mean_neuroticism"" => 0.0)",2,2,"Dict(""blue_proportion"" => 0.5, ""red_proportion"" => 0.5)",0.0,0.0,0.0,0.0,4.0,0.0,0.0,0.0,0.0,0.0,0.0,0.0,0.0,0.0,0.0,0.001953125,2048.0,4.0,0.0,0.0
34,4,0,0,22,24,0.0,0.0,0.0,0.30642361111111116,"Dict(:p25 => 80.75, :p75 => 198.25, :p50 => 135.0, :p90 => 232.9, :p99 => 253.68999999999997, :p95 => 244.45000000000002)",NaN,34.0,0.0,1.3862943611198906,0.0,0.0,"Dict(""mean_extraversion"" => 0.0, ""std_agreeableness"" => 0.0, ""std_extraversion"" => 0.0, ""mean_openness"" => 0.0, ""std_conscientiousness"" => 0.0, ""mean_agreeableness"" => 0.0, ""std_neuroticism"" => 0.0, ""std_openness"" => 0.0, ""mean_conscientiousness"" => 0.0, ""mean_neuroticism"" => 0.0)",2,2,"Dict(""blue_proportion"" => 0.5, ""red_proportion"" => 0.5)",0.0,0.0,0.0,0.0,4.0,0.0,0.0,0.0,0.0,0.0,0.0,0.0,0.0,0.0,0.0,0.001953125,2048.0,4.0,0.0,0.0
35,4,0,0,22,24,0.0,0.0,0.0,0.30403087478559176,"Dict(:p25 => 82.5, :p75 => 200.25, :p50 => 137.0, :p90 => 234.90000000000003, :p99 => 255.68999999999997, :p95 => 246.45)",NaN,35.0,0.0,1.3862943611198906,0.0,0.0,"Dict(""mean_extraversion"" => 0.0, ""std_agreeableness"" => 0.0, ""std_extraversion"" => 0.0, ""mean_openness"" => 0.0, ""std_conscientiousness"" => 0.0, ""mean_agreeableness"" => 0.0, ""std_neuroticism"" => 0.0, ""std_openness"" => 0.0, ""mean_conscientiousness"" => 0.0, ""mean_neuroticism"" => 0.0)",2,2,"Dict(""blue_proportion"" => 0.5, ""red_proportion"" => 0.5)",0.0,0.0,0.0,0.0,4.0,0.0,0.0,0.0,0.0,0.0,0.0,0.0,0.0,0.0,0.0,0.001953125,2048.0,4.0,0.0,0.0
36,4,0,0,22,24,0.0,0.0,0.0,0.3016949152542372,"Dict(:p25 => 84.25, :p75 => 202.25, :p50 => 139.0, :p90 => 236.90000000000003, :p99 => 257.69, :p95 => 248.45000000000002)",NaN,36.0,0.0,1.3862943611198906,0.0,0.0,"Dict(""mean_extraversion"" => 0.0, ""std_agreeableness"" => 0.0, ""std_extraversion"" => 0.0, ""mean_openness"" => 0.0, ""std_conscientiousness"" => 0.0, ""mean_agreeableness"" => 0.0, ""std_neuroticism"" => 0.0, ""std_openness"" => 0.0, ""mean_conscientiousness"" => 0.0, ""mean_neuroticism"" => 0.0)",2,2,"Dict(""blue_proportion"" => 0.5, ""red_proportion"" => 0.5)",0.0,0.0,0.0,0.0,4.0,0.0,0.0,0.0,0.0,0.0,0.0,0.0,0.0,0.0,0.0,0.001953125,2048.0,4.0,0.0,0.0
37,4,0,0,22,24,0.0,0.0,0.0,0.29941373534338367,"Dict(:p25 => 86.0, :p75 => 204.25, :p50 => 141.0, :p90 => 238.9, :p99 => 259.69, :p95 => 250.45)",NaN,37.0,0.0,1.3862943611198906,0.0,0.0,"Dict(""mean_extraversion"" => 0.0, ""std_agreeableness"" => 0.0, ""std_extraversion"" => 0.0, ""mean_openness"" => 0.0, ""std_conscientiousness"" => 0.0, ""mean_agreeableness"" => 0.0, ""std_neuroticism"" => 0.0, ""std_openness"" => 0.0, ""mean_conscientiousness"" => 0.0, ""mean_neuroticism"" => 0.0)",2,2,"Dict(""blue_proportion"" => 0.5, ""red_proportion"" => 0.5)",0.0,0.0,0.0,0.0,4.0,0.0,0.0,0.0,0.0,0.0,0.0,0.0,0.0,0.0,0.0,0.001953125,2048.0,4.0,0.0,0.0
38,4,0,0,22,24,0.0,0.0,0.0,0.29718543046357615,"Dict(:p25 => 87.75, :p75 => 206.25, :p50 => 143.0, :p90 => 240.9, :p99 => 261.69, :p95 => 252.45000000000002)",NaN,38.0,0.0,1.3862943611198906,0.0,0.0,"Dict(""mean_extraversion"" => 0.0, ""std_agreeableness"" => 0.0, ""std_extraversion"" => 0.0, ""mean_openness"" => 0.0, ""std_conscientiousness"" => 0.0, ""mean_agreeableness"" => 0.0, ""std_neuroticism"" => 0.0, ""std_openness"" => 0.0, ""mean_conscientiousness"" => 0.0, ""mean_neuroticism"" => 0.0)",2,2,"Dict(""blue_proportion"" => 0.5, ""red_proportion"" => 0.5)",0.0,0.0,0.0,0.0,4.0,0.0,0.0,0.0,0.0,0.0,0.0,0.0,0.0,0.0,0.0,0.001953125,2048.0,4.0,0.0,0.0
39,4,0,0,22,24,0.0,0.0,0.0,0.2950081833060556,"Dict(:p25 => 89.5, :p75 => 208.25, :p50 => 145.0, :p90 => 242.9, :p99 => 263.69, :p95 => 254.45000000000002)",NaN,39.0,0.0,1.3862943611198906,0.0,0.0,"Dict(""mean_extraversion"" => 0.0, ""std_agreeableness"" => 0.0, ""std_extraversion"" => 0.0, ""mean_openness"" => 0.0, ""std_conscientiousness"" => 0.0, ""mean_agreeableness"" => 0.0, ""std_neuroticism"" => 0.0, ""std_openness"" => 0.0, ""mean_conscientiousness"" => 0.0, ""mean_neuroticism"" => 0.0)",2,2,"Dict(""blue_proportion"" => 0.5, ""red_proportion"" => 0.5)",0.0,0.0,0.0,0.0,4.0,0.0,0.0,0.0,0.0,0.0,0.0,0.0,0.0,0.0,0.0,0.001953125,2048.0,4.0,0.0,0.0
40,4,0,0,22,24,0.0,0.0,0.0,0.2928802588996764,"Dict(:p25 => 91.25, :p75 => 210.25, :p50 => 147.0, :p90 => 244.90000000000003, :p99 => 265.69, :p95 => 256.45)",NaN,40.0,0.0,1.3862943611198906,0.0,0.0,"Dict(""mean_extraversion"" => 0.0, ""std_agreeableness"" => 0.0, ""std_extraversion"" => 0.0, ""mean_openness"" => 0.0, ""std_conscientiousness"" => 0.0, ""mean_agreeableness"" => 0.0, ""std_neuroticism"" => 0.0, ""std_openness"" => 0.0, ""mean_conscientiousness"" => 0.0, ""mean_neuroticism"" => 0.0)",2,2,"Dict(""blue_proportion"" => 0.5, ""red_proportion"" => 0.5)",0.0,0.0,0.0,0.0,4.0,0.0,0.0,0.0,0.0,0.0,0.0,0.0,0.0,0.0,0.0,0.001953125,2048.0,4.0,0.0,0.0
41,4,0,0,22,24,0.0,0.0,0.0,0.29079999999999995,"Dict(:p25 => 93.0, :p75 => 212.25, :p50 => 149.0, :p90 => 246.90000000000003, :p99 => 267.68999999999994, :p95 => 258.45)",NaN,41.0,0.0,1.3862943611198906,0.0,0.0,"Dict(""mean_extraversion"" => 0.0, ""std_agreeableness"" => 0.0, ""std_extraversion"" => 0.0, ""mean_openness"" => 0.0, ""std_conscientiousness"" => 0.0, ""mean_agreeableness"" => 0.0, ""std_neuroticism"" => 0.0, ""std_openness"" => 0.0, ""mean_conscientiousness"" => 0.0, ""mean_neuroticism"" => 0.0)",2,2,"Dict(""blue_proportion"" => 0.5, ""red_proportion"" => 0.5)",0.0,0.0,0.0,0.0,4.0,0.0,0.0,0.0,0.0,0.0,0.0,0.0,0.0,0.0,0.0,0.001953125,2048.0,4.0,0.0,0.0
42,4,0,0,22,24,0.0,0.0,0.0,0.2887658227848102,"Dict(:p25 => 94.75, :p75 => 214.25, :p50 => 151.0, :p90 => 248.9, :p99 => 269.68999999999994, :p95 => 260.45)",NaN,42.0,0.0,1.3862943611198906,0.0,0.0,"Dict(""mean_extraversion"" => 0.0, ""std_agreeableness"" => 0.0, ""std_extraversion"" => 0.0, ""mean_openness"" => 0.0, ""std_conscientiousness"" => 0.0, ""mean_agreeableness"" => 0.0, ""std_neuroticism"" => 0.0, ""std_openness"" => 0.0, ""mean_conscientiousness"" => 0.0, ""mean_neuroticism"" => 0.0)",2,2,"Dict(""blue_proportion"" => 0.5, ""red_proportion"" => 0.5)",0.0,0.0,0.0,0.0,4.0,0.0,0.0,0.0,0.0,0.0,0.0,0.0,0.0,0.0,0.0,0.001953125,2048.0,4.0,0.0,0.0
43,4,0,0,22,24,0.0,0.0,0.0,0.28677621283255084,"Dict(:p25 => 96.5, :p75 => 216.25, :p50 => 153.0, :p90 => 250.9, :p99 => 271.68999999999994, :p95 => 262.45000000000005)",NaN,43.0,0.0,1.3862943611198906,0.0,0.0,"Dict(""mean_extraversion"" => 0.0, ""std_agreeableness"" => 0.0, ""std_extraversion"" => 0.0, ""mean_openness"" => 0.0, ""std_conscientiousness"" => 0.0, ""mean_agreeableness"" => 0.0, ""std_neuroticism"" => 0.0, ""std_openness"" => 0.0, ""mean_conscientiousness"" => 0.0, ""mean_neuroticism"" => 0.0)",2,2,"Dict(""blue_proportion"" => 0.5, ""red_proportion"" => 0.5)",0.0,0.0,0.0,0.0,4.0,0.0,0.0,0.0,0.0,0.0,0.0,0.0,0.0,0.0,0.0,0.001953125,2048.0,4.0,0.0,0.0
44,4,0,0,22,24,0.0,0.0,0.0,0.28482972136222906,"Dict(:p25 => 98.25, :p75 => 218.25, :p50 => 155.0, :p90 => 252.9, :p99 => 273.68999999999994, :p95 => 264.45)",NaN,44.0,0.0,1.3862943611198906,0.0,0.0,"Dict(""mean_extraversion"" => 0.0, ""std_agreeableness"" => 0.0, ""std_extraversion"" => 0.0, ""mean_openness"" => 0.0, ""std_conscientiousness"" => 0.0, ""mean_agreeableness"" => 0.0, ""std_neuroticism"" => 0.0, ""std_openness"" => 0.0, ""mean_conscientiousness"" => 0.0, ""mean_neuroticism"" => 0.0)",2,2,"Dict(""blue_proportion"" => 0.5, ""red_proportion"" => 0.5)",0.0,0.0,0.0,0.0,4.0,0.0,0.0,0.0,0.0,0.0,0.0,0.0,0.0,0.0,0.0,0.001953125,2048.0,4.0,0.0,0.0
45,4,0,0,22,24,0.0,0.0,0.0,0.2829249617151608,"Dict(:p25 => 100.0, :p75 => 220.25, :p50 => 157.0, :p90 => 254.9, :p99 => 275.68999999999994, :p95 => 266.45)",NaN,45.0,0.0,1.3862943611198906,0.0,0.0,"Dict(""mean_extraversion"" => 0.0, ""std_agreeableness"" => 0.0, ""std_extraversion"" => 0.0, ""mean_openness"" => 0.0, ""std_conscientiousness"" => 0.0, ""mean_agreeableness"" => 0.0, ""std_neuroticism"" => 0.0, ""std_openness"" => 0.0, ""mean_conscientiousness"" => 0.0, ""mean_neuroticism"" => 0.0)",2,2,"Dict(""blue_proportion"" => 0.5, ""red_proportion"" => 0.5)",0.0,0.0,0.0,0.0,4.0,0.0,0.0,0.0,0.0,0.0,0.0,0.0,0.0,0.0,0.0,0.001953125,2048.0,4.0,0.0,0.0
46,4,0,0,22,24,0.0,0.0,0.0,0.281060606060606,"Dict(:p25 => 101.75, :p75 => 222.25, :p50 => 159.0, :p90 => 256.90000000000003, :p99 => 277.68999999999994, :p95 => 268.45)",NaN,46.0,0.0,1.3862943611198906,0.0,0.0,"Dict(""mean_extraversion"" => 0.0, ""std_agreeableness"" => 0.0, ""std_extraversion"" => 0.0, ""mean_openness"" => 0.0, ""std_conscientiousness"" => 0.0, ""mean_agreeableness"" => 0.0, ""std_neuroticism"" => 0.0, ""std_openness"" => 0.0, ""mean_conscientiousness"" => 0.0, ""mean_neuroticism"" => 0.0)",2,2,"Dict(""blue_proportion"" => 0.5, ""red_proportion"" => 0.5)",0.0,0.0,0.0,0.0,4.0,0.0,0.0,0.0,0.0,0.0,0.0,0.0,0.0,0.0,0.0,0.001953125,2048.0,4.0,0.0,0.0
47,4,0,0,22,24,0.0,0.0,0.0,0.2792353823088456,"Dict(:p25 => 103.5, :p75 => 224.25, :p50 => 161.0, :p90 => 258.90000000000003, :p99 => 279.68999999999994, :p95 => 270.45)",NaN,47.0,0.0,1.3862943611198906,0.0,0.0,"Dict(""mean_extraversion"" => 0.0, ""std_agreeableness"" => 0.0, ""std_extraversion"" => 0.0, ""mean_openness"" => 0.0, ""std_conscientiousness"" => 0.0, ""mean_agreeableness"" => 0.0, ""std_neuroticism"" => 0.0, ""std_openness"" => 0.0, ""mean_conscientiousness"" => 0.0, ""mean_neuroticism"" => 0.0)",2,2,"Dict(""blue_proportion"" => 0.5, ""red_proportion"" => 0.5)",0.0,0.0,0.0,0.0,4.0,0.0,0.0,0.0,0.0,0.0,0.0,0.0,0.0,0.0,0.0,0.001953125,2048.0,4.0,0.0,0.0
48,4,0,0,22,24,0.0,0.0,0.0,0.2774480712166172,"Dict(:p25 => 105.25, :p75 => 226.25, :p50 => 163.0, :p90 => 260.9, :p99 => 281.68999999999994, :p95 => 272.45000000000005)",NaN,48.0,0.0,1.3862943611198906,0.0,0.0,"Dict(""mean_extraversion"" => 0.0, ""std_agreeableness"" => 0.0, ""std_extraversion"" => 0.0, ""mean_openness"" => 0.0, ""std_conscientiousness"" => 0.0, ""mean_agreeableness"" => 0.0, ""std_neuroticism"" => 0.0, ""std_openness"" => 0.0, ""mean_conscientiousness"" => 0.0, ""mean_neuroticism"" => 0.0)",2,2,"Dict(""blue_proportion"" => 0.5, ""red_proportion"" => 0.5)",0.0,0.0,0.0,0.0,4.0,0.0,0.0,0.0,0.0,0.0,0.0,0.0,0.0,0.0,0.0,0.001953125,2048.0,4.0,0.0,0.0
49,4,0,0,22,24,0.0,0.0,0.0,0.27569750367107204,"Dict(:p25 => 107.0, :p75 => 228.25, :p50 => 165.0, :p90 => 262.9, :p99 => 283.68999999999994, :p95 => 274.45)",NaN,49.0,0.0,1.3862943611198906,0.0,0.0,"Dict(""mean_extraversion"" => 0.0, ""std_agreeableness"" => 0.0, ""std_extraversion"" => 0.0, ""mean_openness"" => 0.0, ""std_conscientiousness"" => 0.0, ""mean_agreeableness"" => 0.0, ""std_neuroticism"" => 0.0, ""std_openness"" => 0.0, ""mean_conscientiousness"" => 0.0, ""mean_neuroticism"" => 0.0)",2,2,"Dict(""blue_proportion"" => 0.5, ""red_proportion"" => 0.5)",0.0,0.0,0.0,0.0,4.0,0.0,0.0,0.0,0.0,0.0,0.0,0.0,0.0,0.0,0.0,0.001953125,2048.0,4.0,0.0,0.0
50,4,0,0,22,24,0.0,0.0,0.0,0.273982558139535,"Dict(:p25 => 108.75, :p75 => 230.25, :p50 => 167.0, :p90 => 264.90000000000003, :p99 => 285.68999999999994, :p95 => 276.45)",NaN,50.0,0.0,1.3862943611198906,0.0,0.0,"Dict(""mean_extraversion"" => 0.0, ""std_agreeableness"" => 0.0, ""std_extraversion"" => 0.0, ""mean_openness"" => 0.0, ""std_conscientiousness"" => 0.0, ""mean_agreeableness"" => 0.0, ""std_neuroticism"" => 0.0, ""std_openness"" => 0.0, ""mean_conscientiousness"" => 0.0, ""mean_neuroticism"" => 0.0)",2,2,"Dict(""blue_proportion"" => 0.5, ""red_proportion"" => 0.5)",0.0,0.0,0.0,0.0,4.0,0.0,0.0,0.0,0.0,0.0,0.0,0.0,0.0,0.0,0.0,0.001953125,2048.0,4.0,0.0,0.0
51,4,0,0,22,24,0.0,0.0,0.0,0.27230215827338133,"Dict(:p25 => 110.5, :p75 => 232.25, :p50 => 169.0, :p90 => 266.90000000000003, :p99 => 287.69, :p95 => 278.45)",NaN,51.0,0.0,1.3862943611198906,0.0,0.0,"Dict(""mean_extraversion"" => 0.0, ""std_agreeableness"" => 0.0, ""std_extraversion"" => 0.0, ""mean_openness"" => 0.0, ""std_conscientiousness"" => 0.0, ""mean_agreeableness"" => 0.0, ""std_neuroticism"" => 0.0, ""std_openness"" => 0.0, ""mean_conscientiousness"" => 0.0, ""mean_neuroticism"" => 0.0)",2,2,"Dict(""blue_proportion"" => 0.5, ""red_proportion"" => 0.5)",0.0,0.0,0.0,0.0,4.0,0.0,0.0,0.0,0.0,0.0,0.0,0.0,0.0,0.0,0.0,0.001953125,2048.0,4.0,0.0,0.0
52,4,0,0,22,24,0.0,0.0,0.0,0.27065527065527073,"Dict(:p25 => 112.25, :p75 => 234.25, :p50 => 171.0, :p90 => 268.90000000000003, :p99 => 289.69, :p95 => 280.45)",NaN,52.0,0.0,1.3862943611198906,0.0,0.0,"Dict(""mean_extraversion"" => 0.0, ""std_agreeableness"" => 0.0, ""std_extraversion"" => 0.0, ""mean_openness"" => 0.0, ""std_conscientiousness"" => 0.0, ""mean_agreeableness"" => 0.0, ""std_neuroticism"" => 0.0, ""std_openness"" => 0.0, ""mean_conscientiousness"" => 0.0, ""mean_neuroticism"" => 0.0)",2,2,"Dict(""blue_proportion"" => 0.5, ""red_proportion"" => 0.5)",0.0,0.0,0.0,0.0,4.0,0.0,0.0,0.0,0.0,0.0,0.0,0.0,0.0,0.0,0.0,0.001953125,2048.0,4.0,0.0,0.0
53,4,0,0,22,24,0.0,0.0,0.0,0.26904090267983083,"Dict(:p25 => 114.0, :p75 => 236.25, :p50 => 173.0, :p90 => 270.9, :p99 => 291.69, :p95 => 282.45000000000005)",NaN,53.0,0.0,1.3862943611198906,0.0,0.0,"Dict(""mean_extraversion"" => 0.0, ""std_agreeableness"" => 0.0, ""std_extraversion"" => 0.0, ""mean_openness"" => 0.0, ""std_conscientiousness"" => 0.0, ""mean_agreeableness"" => 0.0, ""std_neuroticism"" => 0.0, ""std_openness"" => 0.0, ""mean_conscientiousness"" => 0.0, ""mean_neuroticism"" => 0.0)",2,2,"Dict(""blue_proportion"" => 0.5, ""red_proportion"" => 0.5)",0.0,0.0,0.0,0.0,4.0,0.0,0.0,0.0,0.0,0.0,0.0,0.0,0.0,0.0,0.0,0.001953125,2048.0,4.0,0.0,0.0
54,4,0,0,22,24,0.0,0.0,0.0,0.26745810055865915,"Dict(:p25 => 115.75, :p75 => 238.25, :p50 => 175.0, :p90 => 272.9, :p99 => 293.69, :p95 => 284.45)",NaN,54.0,0.0,1.3862943611198906,0.0,0.0,"Dict(""mean_extraversion"" => 0.0, ""std_agreeableness"" => 0.0, ""std_extraversion"" => 0.0, ""mean_openness"" => 0.0, ""std_conscientiousness"" => 0.0, ""mean_agreeableness"" => 0.0, ""std_neuroticism"" => 0.0, ""std_openness"" => 0.0, ""mean_conscientiousness"" => 0.0, ""mean_neuroticism"" => 0.0)",2,2,"Dict(""blue_proportion"" => 0.5, ""red_proportion"" => 0.5)",0.0,0.0,0.0,0.0,4.0,0.0,0.0,0.0,0.0,0.0,0.0,0.0,0.0,0.0,0.0,0.001953125,2048.0,4.0,0.0,0.0
55,4,0,0,22,24,0.0,0.0,0.0,0.2659059474412171,"Dict(:p25 => 117.5, :p75 => 240.25, :p50 => 177.0, :p90 => 274.9, :p99 => 295.69, :p95 => 286.45000000000005)",NaN,55.0,0.0,1.3862943611198906,0.0,0.0,"Dict(""mean_extraversion"" => 0.0, ""std_agreeableness"" => 0.0, ""std_extraversion"" => 0.0, ""mean_openness"" => 0.0, ""std_conscientiousness"" => 0.0, ""mean_agreeableness"" => 0.0, ""std_neuroticism"" => 0.0, ""std_openness"" => 0.0, ""mean_conscientiousness"" => 0.0, ""mean_neuroticism"" => 0.0)",2,2,"Dict(""blue_proportion"" => 0.5, ""red_proportion"" => 0.5)",0.0,0.0,0.0,0.0,4.0,0.0,0.0,0.0,0.0,0.0,0.0,0.0,0.0,0.0,0.0,0.001953125,2048.0,4.0,0.0,0.0
56,4,0,0,22,24,0.0,0.0,0.0,0.2643835616438357,"Dict(:p25 => 119.25, :p75 => 242.25, :p50 => 179.0, :p90 => 276.90000000000003, :p99 => 297.69, :p95 => 288.45)",NaN,56.0,0.0,1.3862943611198906,0.0,0.0,"Dict(""mean_extraversion"" => 0.0, ""std_agreeableness"" => 0.0, ""std_extraversion"" => 0.0, ""mean_openness"" => 0.0, ""std_conscientiousness"" => 0.0, ""mean_agreeableness"" => 0.0, ""std_neuroticism"" => 0.0, ""std_openness"" => 0.0, ""mean_conscientiousness"" => 0.0, ""mean_neuroticism"" => 0.0)",2,2,"Dict(""blue_proportion"" => 0.5, ""red_proportion"" => 0.5)",0.0,0.0,0.0,0.0,4.0,0.0,0.0,0.0,0.0,0.0,0.0,0.0,0.0,0.0,0.0,0.001953125,2048.0,4.0,0.0,0.0
57,4,0,0,22,24,0.0,0.0,0.0,0.2628900949796473,"Dict(:p25 => 121.0, :p75 => 244.25, :p50 => 181.0, :p90 => 278.90000000000003, :p99 => 299.69, :p95 => 290.45000000000005)",NaN,57.0,0.0,1.3862943611198906,0.0,0.0,"Dict(""mean_extraversion"" => 0.0, ""std_agreeableness"" => 0.0, ""std_extraversion"" => 0.0, ""mean_openness"" => 0.0, ""std_conscientiousness"" => 0.0, ""mean_agreeableness"" => 0.0, ""std_neuroticism"" => 0.0, ""std_openness"" => 0.0, ""mean_conscientiousness"" => 0.0, ""mean_neuroticism"" => 0.0)",2,2,"Dict(""blue_proportion"" => 0.5, ""red_proportion"" => 0.5)",0.0,0.0,0.0,0.0,4.0,0.0,0.0,0.0,0.0,0.0,0.0,0.0,0.0,0.0,0.0,0.001953125,2048.0,4.0,0.0,0.0
58,4,0,0,22,24,0.0,0.0,0.0,0.26142473118279574,"Dict(:p25 => 122.75, :p75 => 246.25, :p50 => 183.0, :p90 => 280.90000000000003, :p99 => 301.69, :p95 => 292.45000000000005)",NaN,58.0,0.0,1.3862943611198906,0.0,0.0,"Dict(""mean_extraversion"" => 0.0, ""std_agreeableness"" => 0.0, ""std_extraversion"" => 0.0, ""mean_openness"" => 0.0, ""std_conscientiousness"" => 0.0, ""mean_agreeableness"" => 0.0, ""std_neuroticism"" => 0.0, ""std_openness"" => 0.0, ""mean_conscientiousness"" => 0.0, ""mean_neuroticism"" => 0.0)",2,2,"Dict(""blue_proportion"" => 0.5, ""red_proportion"" => 0.5)",0.0,0.0,0.0,0.0,4.0,0.0,0.0,0.0,0.0,0.0,0.0,0.0,0.0,0.0,0.0,0.001953125,2048.0,4.0,0.0,0.0
59,4,0,0,22,24,0.0,0.0,0.0,0.25998668442077233,"Dict(:p25 => 124.5, :p75 => 248.25, :p50 => 185.0, :p90 => 282.9, :p99 => 303.69, :p95 => 294.45)",NaN,59.0,0.0,1.3862943611198906,0.0,0.0,"Dict(""mean_extraversion"" => 0.0, ""std_agreeableness"" => 0.0, ""std_extraversion"" => 0.0, ""mean_openness"" => 0.0, ""std_conscientiousness"" => 0.0, ""mean_agreeableness"" => 0.0, ""std_neuroticism"" => 0.0, ""std_openness"" => 0.0, ""mean_conscientiousness"" => 0.0, ""mean_neuroticism"" => 0.0)",2,2,"Dict(""blue_proportion"" => 0.5, ""red_proportion"" => 0.5)",0.0,0.0,0.0,0.0,4.0,0.0,0.0,0.0,0.0,0.0,0.0,0.0,0.0,0.0,0.0,0.001953125,2048.0,4.0,0.0,0.0
60,3,0,1,22,24,0.0,0.0,0.0,0.2514905149051492,"Dict(:p25 => 153.5, :p75 => 269.5, :p50 => 231.0, :p90 => 292.6, :p99 => 306.46, :p95 => 300.3)",NaN,60.0,0.0,1.0986122886681096,0.0,0.0,"Dict(""mean_extraversion"" => 0.0, ""std_agreeableness"" => 0.0, ""std_extraversion"" => 0.0, ""mean_openness"" => 0.0, ""std_conscientiousness"" => 0.0, ""mean_agreeableness"" => 0.0, ""std_neuroticism"" => 0.0, ""std_openness"" => 0.0, ""mean_conscientiousness"" => 0.0, ""mean_neuroticism"" => 0.0)",2,1,"Dict(""blue_proportion"" => 0.3333333333333333, ""red_proportion"" => 0.6666666666666666)",0.0,0.0,0.0,0.0,3.0,0.0,0.0,0.0,0.0,0.0,0.0,0.0,0.0,0.0,0.0,0.00146484375,2048.0,3.0,0.0,0.0
61,3,0,1,22,24,0.0,0.0,0.0,0.2505376344086023,"Dict(:p25 => 155.0, :p75 => 271.5, :p50 => 233.0, :p90 => 294.6, :p99 => 308.4599999999999, :p95 => 302.3)",NaN,61.0,0.0,1.0986122886681096,0.0,0.0,"Dict(""mean_extraversion"" => 0.0, ""std_agreeableness"" => 0.0, ""std_extraversion"" => 0.0, ""mean_openness"" => 0.0, ""std_conscientiousness"" => 0.0, ""mean_agreeableness"" => 0.0, ""std_neuroticism"" => 0.0, ""std_openness"" => 0.0, ""mean_conscientiousness"" => 0.0, ""mean_neuroticism"" => 0.0)",2,1,"Dict(""blue_proportion"" => 0.3333333333333333, ""red_proportion"" => 0.6666666666666666)",0.0,0.0,0.0,0.0,3.0,0.0,0.0,0.0,0.0,0.0,0.0,0.0,0.0,0.0,0.0,0.00146484375,2048.0,3.0,0.0,0.0
62,3,0,1,22,24,0.0,0.0,0.0,0.24960000000000004,"Dict(:p25 => 156.5, :p75 => 273.5, :p50 => 235.0, :p90 => 296.6, :p99 => 310.46, :p95 => 304.29999999999995)",NaN,62.0,0.0,1.0986122886681096,0.0,0.0,"Dict(""mean_extraversion"" => 0.0, ""std_agreeableness"" => 0.0, ""std_extraversion"" => 0.0, ""mean_openness"" => 0.0, ""std_conscientiousness"" => 0.0, ""mean_agreeableness"" => 0.0, ""std_neuroticism"" => 0.0, ""std_openness"" => 0.0, ""mean_conscientiousness"" => 0.0, ""mean_neuroticism"" => 0.0)",2,1,"Dict(""blue_proportion"" => 0.3333333333333333, ""red_proportion"" => 0.6666666666666666)",0.0,0.0,0.0,0.0,3.0,0.0,0.0,0.0,0.0,0.0,0.0,0.0,0.0,0.0,0.0,0.00146484375,2048.0,3.0,0.0,0.0
63,3,0,1,22,24,0.0,0.0,0.0,0.24867724867724883,"Dict(:p25 => 158.0, :p75 => 275.5, :p50 => 237.0, :p90 => 298.6, :p99 => 312.46, :p95 => 306.3)",NaN,63.0,0.0,1.0986122886681096,0.0,0.0,"Dict(""mean_extraversion"" => 0.0, ""std_agreeableness"" => 0.0, ""std_extraversion"" => 0.0, ""mean_openness"" => 0.0, ""std_conscientiousness"" => 0.0, ""mean_agreeableness"" => 0.0, ""std_neuroticism"" => 0.0, ""std_openness"" => 0.0, ""mean_conscientiousness"" => 0.0, ""mean_neuroticism"" => 0.0)",2,1,"Dict(""blue_proportion"" => 0.3333333333333333, ""red_proportion"" => 0.6666666666666666)",0.0,0.0,0.0,0.0,3.0,0.0,0.0,0.0,0.0,0.0,0.0,0.0,0.0,0.0,0.0,0.00146484375,2048.0,3.0,0.0,0.0
64,3,0,1,22,24,0.0,0.0,0.0,0.24776902887139118,"Dict(:p25 => 159.5, :p75 => 277.5, :p50 => 239.0, :p90 => 300.6, :p99 => 314.4599999999999, :p95 => 308.3)",NaN,64.0,0.0,1.0986122886681096,0.0,0.0,"Dict(""mean_extraversion"" => 0.0, ""std_agreeableness"" => 0.0, ""std_extraversion"" => 0.0, ""mean_openness"" => 0.0, ""std_conscientiousness"" => 0.0, ""mean_agreeableness"" => 0.0, ""std_neuroticism"" => 0.0, ""std_openness"" => 0.0, ""mean_conscientiousness"" => 0.0, ""mean_neuroticism"" => 0.0)",2,1,"Dict(""blue_proportion"" => 0.3333333333333333, ""red_proportion"" => 0.6666666666666666)",0.0,0.0,0.0,0.0,3.0,0.0,0.0,0.0,0.0,0.0,0.0,0.0,0.0,0.0,0.0,0.00146484375,2048.0,3.0,0.0,0.0
65,3,0,1,22,24,0.0,0.0,0.0,0.24687500000000018,"Dict(:p25 => 161.0, :p75 => 279.5, :p50 => 241.0, :p90 => 302.6, :p99 => 316.46, :p95 => 310.3)",NaN,65.0,0.0,1.0986122886681096,0.0,0.0,"Dict(""mean_extraversion"" => 0.0, ""std_agreeableness"" => 0.0, ""std_extraversion"" => 0.0, ""mean_openness"" => 0.0, ""std_conscientiousness"" => 0.0, ""mean_agreeableness"" => 0.0, ""std_neuroticism"" => 0.0, ""std_openness"" => 0.0, ""mean_conscientiousness"" => 0.0, ""mean_neuroticism"" => 0.0)",2,1,"Dict(""blue_proportion"" => 0.3333333333333333, ""red_proportion"" => 0.6666666666666666)",0.0,0.0,0.0,0.0,3.0,0.0,0.0,0.0,0.0,0.0,0.0,0.0,0.0,0.0,0.0,0.00146484375,2048.0,3.0,0.0,0.0
66,3,0,1,22,24,0.0,0.0,0.0,0.24599483204134365,"Dict(:p25 => 162.5, :p75 => 281.5, :p50 => 243.0, :p90 => 304.6, :p99 => 318.46, :p95 => 312.3)",NaN,66.0,0.0,1.0986122886681096,0.0,0.0,"Dict(""mean_extraversion"" => 0.0, ""std_agreeableness"" => 0.0, ""std_extraversion"" => 0.0, ""mean_openness"" => 0.0, ""std_conscientiousness"" => 0.0, ""mean_agreeableness"" => 0.0, ""std_neuroticism"" => 0.0, ""std_openness"" => 0.0, ""mean_conscientiousness"" => 0.0, ""mean_neuroticism"" => 0.0)",2,1,"Dict(""blue_proportion"" => 0.3333333333333333, ""red_proportion"" => 0.6666666666666666)",0.0,0.0,0.0,0.0,3.0,0.0,0.0,0.0,0.0,0.0,0.0,0.0,0.0,0.0,0.0,0.00146484375,2048.0,3.0,0.0,0.0
67,2,0,2,22,24,0.0,0.0,0.0,0.06790123456790131,"Dict(:p25 => 264.25, :p75 => 302.75, :p50 => 283.5, :p90 => 314.29999999999995, :p99 => 321.22999999999996, :p95 => 318.15)",NaN,67.0,0.0,0.6931471805599453,0.0,0.0,"Dict(""mean_extraversion"" => 0.0, ""std_agreeableness"" => 0.0, ""std_extraversion"" => 0.0, ""mean_openness"" => 0.0, ""std_conscientiousness"" => 0.0, ""mean_agreeableness"" => 0.0, ""std_neuroticism"" => 0.0, ""std_openness"" => 0.0, ""mean_conscientiousness"" => 0.0, ""mean_neuroticism"" => 0.0)",1,1,"Dict(""blue_proportion"" => 0.5, ""red_proportion"" => 0.5)",0.0,0.0,0.0,0.0,2.0,0.0,0.0,0.0,0.0,0.0,0.0,0.0,0.0,0.0,0.0,0.0009765625,2048.0,2.0,0.0,0.0
68,1,0,3,22,24,0.0,0.0,0.0,0.0,"Dict(:p25 => 247.0, :p75 => 247.0, :p50 => 247.0, :p90 => 247.0, :p99 => 247.0, :p95 => 247.0)",NaN,68.0,0.0,0.0,0.0,0.0,"Dict(""mean_extraversion"" => 0.0, ""std_agreeableness"" => 0.0, ""std_extraversion"" => 0.0, ""mean_openness"" => 0.0, ""std_conscientiousness"" => 0.0, ""mean_agreeableness"" => 0.0, ""std_neuroticism"" => 0.0, ""std_openness"" => 0.0, ""mean_conscientiousness"" => 0.0, ""mean_neuroticism"" => 0.0)",0,1,"Dict(""blue_proportion"" => 1.0, ""red_proportion"" => 0.0)",0.0,0.0,0.0,0.0,1.0,0.0,0.0,0.0,0.0,0.0,0.0,0.0,0.0,0.0,0.0,0.00048828125,2048.0,1.0,0.0,0.0
69,1,0,3,22,24,0.0,0.0,0.0,0.0,"Dict(:p25 => 249.0, :p75 => 249.0, :p50 => 249.0, :p90 => 249.0, :p99 => 249.0, :p95 => 249.0)",NaN,69.0,0.0,0.0,0.0,0.0,"Dict(""mean_extraversion"" => 0.0, ""std_agreeableness"" => 0.0, ""std_extraversion"" => 0.0, ""mean_openness"" => 0.0, ""std_conscientiousness"" => 0.0, ""mean_agreeableness"" => 0.0, ""std_neuroticism"" => 0.0, ""std_openness"" => 0.0, ""mean_conscientiousness"" => 0.0, ""mean_neuroticism"" => 0.0)",0,1,"Dict(""blue_proportion"" => 1.0, ""red_proportion"" => 0.0)",0.0,0.0,0.0,0.0,1.0,0.0,0.0,0.0,0.0,0.0,0.0,0.0,0.0,0.0,0.0,0.00048828125,2048.0,1.0,0.0,0.0
70,1,0,3,22,24,0.0,0.0,0.0,0.0,"Dict(:p25 => 251.0, :p75 => 251.0, :p50 => 251.0, :p90 => 251.0, :p99 => 251.0, :p95 => 251.0)",NaN,70.0,0.0,0.0,0.0,0.0,"Dict(""mean_extraversion"" => 0.0, ""std_agreeableness"" => 0.0, ""std_extraversion"" => 0.0, ""mean_openness"" => 0.0, ""std_conscientiousness"" => 0.0, ""mean_agreeableness"" => 0.0, ""std_neuroticism"" => 0.0, ""std_openness"" => 0.0, ""mean_conscientiousness"" => 0.0, ""mean_neuroticism"" => 0.0)",0,1,"Dict(""blue_proportion"" => 1.0, ""red_proportion"" => 0.0)",0.0,0.0,0.0,0.0,1.0,0.0,0.0,0.0,0.0,0.0,0.0,0.0,0.0,0.0,0.0,0.00048828125,2048.0,1.0,0.0,0.0
71,1,0,3,22,24,0.0,0.0,0.0,0.0,"Dict(:p25 => 253.0, :p75 => 253.0, :p50 => 253.0, :p90 => 253.0, :p99 => 253.0, :p95 => 253.0)",NaN,71.0,0.0,0.0,0.0,0.0,"Dict(""mean_extraversion"" => 0.0, ""std_agreeableness"" => 0.0, ""std_extraversion"" => 0.0, ""mean_openness"" => 0.0, ""std_conscientiousness"" => 0.0, ""mean_agreeableness"" => 0.0, ""std_neuroticism"" => 0.0, ""std_openness"" => 0.0, ""mean_conscientiousness"" => 0.0, ""mean_neuroticism"" => 0.0)",0,1,"Dict(""blue_proportion"" => 1.0, ""red_proportion"" => 0.0)",0.0,0.0,0.0,0.0,1.0,0.0,0.0,0.0,0.0,0.0,0.0,0.0,0.0,0.0,0.0,0.00048828125,2048.0,1.0,0.0,0.0
72,1,0,3,22,24,0.0,0.0,0.0,0.0,"Dict(:p25 => 255.0, :p75 => 255.0, :p50 => 255.0, :p90 => 255.0, :p99 => 255.0, :p95 => 255.0)",NaN,72.0,0.0,0.0,0.0,0.0,"Dict(""mean_extraversion"" => 0.0, ""std_agreeableness"" => 0.0, ""std_extraversion"" => 0.0, ""mean_openness"" => 0.0, ""std_conscientiousness"" => 0.0, ""mean_agreeableness"" => 0.0, ""std_neuroticism"" => 0.0, ""std_openness"" => 0.0, ""mean_conscientiousness"" => 0.0, ""mean_neuroticism"" => 0.0)",0,1,"Dict(""blue_proportion"" => 1.0, ""red_proportion"" => 0.0)",0.0,0.0,0.0,0.0,1.0,0.0,0.0,0.0,0.0,0.0,0.0,0.0,0.0,0.0,0.0,0.00048828125,2048.0,1.0,0.0,0.0
73,1,0,3,22,24,0.0,0.0,0.0,0.0,"Dict(:p25 => 257.0, :p75 => 257.0, :p50 => 257.0, :p90 => 257.0, :p99 => 257.0, :p95 => 257.0)",NaN,73.0,0.0,0.0,0.0,0.0,"Dict(""mean_extraversion"" => 0.0, ""std_agreeableness"" => 0.0, ""std_extraversion"" => 0.0, ""mean_openness"" => 0.0, ""std_conscientiousness"" => 0.0, ""mean_agreeableness"" => 0.0, ""std_neuroticism"" => 0.0, ""std_openness"" => 0.0, ""mean_conscientiousness"" => 0.0, ""mean_neuroticism"" => 0.0)",0,1,"Dict(""blue_proportion"" => 1.0, ""red_proportion"" => 0.0)",0.0,0.0,0.0,0.0,1.0,0.0,0.0,0.0,0.0,0.0,0.0,0.0,0.0,0.0,0.0,0.00048828125,2048.0,1.0,0.0,0.0
74,1,0,3,22,24,0.0,0.0,0.0,0.0,"Dict(:p25 => 259.0, :p75 => 259.0, :p50 => 259.0, :p90 => 259.0, :p99 => 259.0, :p95 => 259.0)",NaN,74.0,0.0,0.0,0.0,0.0,"Dict(""mean_extraversion"" => 0.0, ""std_agreeableness"" => 0.0, ""std_extraversion"" => 0.0, ""mean_openness"" => 0.0, ""std_conscientiousness"" => 0.0, ""mean_agreeableness"" => 0.0, ""std_neuroticism"" => 0.0, ""std_openness"" => 0.0, ""mean_conscientiousness"" => 0.0, ""mean_neuroticism"" => 0.0)",0,1,"Dict(""blue_proportion"" => 1.0, ""red_proportion"" => 0.0)",0.0,0.0,0.0,0.0,1.0,0.0,0.0,0.0,0.0,0.0,0.0,0.0,0.0,0.0,0.0,0.00048828125,2048.0,1.0,0.0,0.0
75,1,0,3,22,24,0.0,0.0,0.0,0.0,"Dict(:p25 => 261.0, :p75 => 261.0, :p50 => 261.0, :p90 => 261.0, :p99 => 261.0, :p95 => 261.0)",NaN,75.0,0.0,0.0,0.0,0.0,"Dict(""mean_extraversion"" => 0.0, ""std_agreeableness"" => 0.0, ""std_extraversion"" => 0.0, ""mean_openness"" => 0.0, ""std_conscientiousness"" => 0.0, ""mean_agreeableness"" => 0.0, ""std_neuroticism"" => 0.0, ""std_openness"" => 0.0, ""mean_conscientiousness"" => 0.0, ""mean_neuroticism"" => 0.0)",0,1,"Dict(""blue_proportion"" => 1.0, ""red_proportion"" => 0.0)",0.0,0.0,0.0,0.0,1.0,0.0,0.0,0.0,0.0,0.0,0.0,0.0,0.0,0.0,0.0,0.00048828125,2048.0,1.0,0.0,0.0
76,1,0,3,22,24,0.0,0.0,0.0,0.0,"Dict(:p25 => 263.0, :p75 => 263.0, :p50 => 263.0, :p90 => 263.0, :p99 => 263.0, :p95 => 263.0)",NaN,76.0,0.0,0.0,0.0,0.0,"Dict(""mean_extraversion"" => 0.0, ""std_agreeableness"" => 0.0, ""std_extraversion"" => 0.0, ""mean_openness"" => 0.0, ""std_conscientiousness"" => 0.0, ""mean_agreeableness"" => 0.0, ""std_neuroticism"" => 0.0, ""std_openness"" => 0.0, ""mean_conscientiousness"" => 0.0, ""mean_neuroticism"" => 0.0)",0,1,"Dict(""blue_proportion"" => 1.0, ""red_proportion"" => 0.0)",0.0,0.0,0.0,0.0,1.0,0.0,0.0,0.0,0.0,0.0,0.0,0.0,0.0,0.0,0.0,0.00048828125,2048.0,1.0,0.0,0.0
77,1,0,3,22,24,0.0,0.0,0.0,0.0,"Dict(:p25 => 265.0, :p75 => 265.0, :p50 => 265.0, :p90 => 265.0, :p99 => 265.0, :p95 => 265.0)",NaN,77.0,0.0,0.0,0.0,0.0,"Dict(""mean_extraversion"" => 0.0, ""std_agreeableness"" => 0.0, ""std_extraversion"" => 0.0, ""mean_openness"" => 0.0, ""std_conscientiousness"" => 0.0, ""mean_agreeableness"" => 0.0, ""std_neuroticism"" => 0.0, ""std_openness"" => 0.0, ""mean_conscientiousness"" => 0.0, ""mean_neuroticism"" => 0.0)",0,1,"Dict(""blue_proportion"" => 1.0, ""red_proportion"" => 0.0)",0.0,0.0,0.0,0.0,1.0,0.0,0.0,0.0,0.0,0.0,0.0,0.0,0.0,0.0,0.0,0.00048828125,2048.0,1.0,0.0,0.0
78,1,0,3,22,24,0.0,0.0,0.0,0.0,"Dict(:p25 => 267.0, :p75 => 267.0, :p50 => 267.0, :p90 => 267.0, :p99 => 267.0, :p95 => 267.0)",NaN,78.0,0.0,0.0,0.0,0.0,"Dict(""mean_extraversion"" => 0.0, ""std_agreeableness"" => 0.0, ""std_extraversion"" => 0.0, ""mean_openness"" => 0.0, ""std_conscientiousness"" => 0.0, ""mean_agreeableness"" => 0.0, ""std_neuroticism"" => 0.0, ""std_openness"" => 0.0, ""mean_conscientiousness"" => 0.0, ""mean_neuroticism"" => 0.0)",0,1,"Dict(""blue_proportion"" => 1.0, ""red_proportion"" => 0.0)",0.0,0.0,0.0,0.0,1.0,0.0,0.0,0.0,0.0,0.0,0.0,0.0,0.0,0.0,0.0,0.00048828125,2048.0,1.0,0.0,0.0
79,1,0,3,22,24,0.0,0.0,0.0,0.0,"Dict(:p25 => 269.0, :p75 => 269.0, :p50 => 269.0, :p90 => 269.0, :p99 => 269.0, :p95 => 269.0)",NaN,79.0,0.0,0.0,0.0,0.0,"Dict(""mean_extraversion"" => 0.0, ""std_agreeableness"" => 0.0, ""std_extraversion"" => 0.0, ""mean_openness"" => 0.0, ""std_conscientiousness"" => 0.0, ""mean_agreeableness"" => 0.0, ""std_neuroticism"" => 0.0, ""std_openness"" => 0.0, ""mean_conscientiousness"" => 0.0, ""mean_neuroticism"" => 0.0)",0,1,"Dict(""blue_proportion"" => 1.0, ""red_proportion"" => 0.0)",0.0,0.0,0.0,0.0,1.0,0.0,0.0,0.0,0.0,0.0,0.0,0.0,0.0,0.0,0.0,0.00048828125,2048.0,1.0,0.0,0.0
80,1,0,3,22,24,0.0,0.0,0.0,0.0,"Dict(:p25 => 271.0, :p75 => 271.0, :p50 => 271.0, :p90 => 271.0, :p99 => 271.0, :p95 => 271.0)",NaN,80.0,0.0,0.0,0.0,0.0,"Dict(""mean_extraversion"" => 0.0, ""std_agreeableness"" => 0.0, ""std_extraversion"" => 0.0, ""mean_openness"" => 0.0, ""std_conscientiousness"" => 0.0, ""mean_agreeableness"" => 0.0, ""std_neuroticism"" => 0.0, ""std_openness"" => 0.0, ""mean_conscientiousness"" => 0.0, ""mean_neuroticism"" => 0.0)",0,1,"Dict(""blue_proportion"" => 1.0, ""red_proportion"" => 0.0)",0.0,0.0,0.0,0.0,1.0,0.0,0.0,0.0,0.0,0.0,0.0,0.0,0.0,0.0,0.0,0.00048828125,2048.0,1.0,0.0,0.0
81,1,0,3,22,24,0.0,0.0,0.0,0.0,"Dict(:p25 => 273.0, :p75 => 273.0, :p50 => 273.0, :p90 => 273.0, :p99 => 273.0, :p95 => 273.0)",NaN,81.0,0.0,0.0,0.0,0.0,"Dict(""mean_extraversion"" => 0.0, ""std_agreeableness"" => 0.0, ""std_extraversion"" => 0.0, ""mean_openness"" => 0.0, ""std_conscientiousness"" => 0.0, ""mean_agreeableness"" => 0.0, ""std_neuroticism"" => 0.0, ""std_openness"" => 0.0, ""mean_conscientiousness"" => 0.0, ""mean_neuroticism"" => 0.0)",0,1,"Dict(""blue_proportion"" => 1.0, ""red_proportion"" => 0.0)",0.0,0.0,0.0,0.0,1.0,0.0,0.0,0.0,0.0,0.0,0.0,0.0,0.0,0.0,0.0,0.00048828125,2048.0,1.0,0.0,0.0
82,1,0,3,22,24,0.0,0.0,0.0,0.0,"Dict(:p25 => 275.0, :p75 => 275.0, :p50 => 275.0, :p90 => 275.0, :p99 => 275.0, :p95 => 275.0)",NaN,82.0,0.0,0.0,0.0,0.0,"Dict(""mean_extraversion"" => 0.0, ""std_agreeableness"" => 0.0, ""std_extraversion"" => 0.0, ""mean_openness"" => 0.0, ""std_conscientiousness"" => 0.0, ""mean_agreeableness"" => 0.0, ""std_neuroticism"" => 0.0, ""std_openness"" => 0.0, ""mean_conscientiousness"" => 0.0, ""mean_neuroticism"" => 0.0)",0,1,"Dict(""blue_proportion"" => 1.0, ""red_proportion"" => 0.0)",0.0,0.0,0.0,0.0,1.0,0.0,0.0,0.0,0.0,0.0,0.0,0.0,0.0,0.0,0.0,0.00048828125,2048.0,1.0,0.0,0.0
83,1,0,3,22,24,0.0,0.0,0.0,0.0,"Dict(:p25 => 277.0, :p75 => 277.0, :p50 => 277.0, :p90 => 277.0, :p99 => 277.0, :p95 => 277.0)",NaN,83.0,0.0,0.0,0.0,0.0,"Dict(""mean_extraversion"" => 0.0, ""std_agreeableness"" => 0.0, ""std_extraversion"" => 0.0, ""mean_openness"" => 0.0, ""std_conscientiousness"" => 0.0, ""mean_agreeableness"" => 0.0, ""std_neuroticism"" => 0.0, ""std_openness"" => 0.0, ""mean_conscientiousness"" => 0.0, ""mean_neuroticism"" => 0.0)",0,1,"Dict(""blue_proportion"" => 1.0, ""red_proportion"" => 0.0)",0.0,0.0,0.0,0.0,1.0,0.0,0.0,0.0,0.0,0.0,0.0,0.0,0.0,0.0,0.0,0.00048828125,2048.0,1.0,0.0,0.0
84,1,0,3,22,24,0.0,0.0,0.0,0.0,"Dict(:p25 => 279.0, :p75 => 279.0, :p50 => 279.0, :p90 => 279.0, :p99 => 279.0, :p95 => 279.0)",NaN,84.0,0.0,0.0,0.0,0.0,"Dict(""mean_extraversion"" => 0.0, ""std_agreeableness"" => 0.0, ""std_extraversion"" => 0.0, ""mean_openness"" => 0.0, ""std_conscientiousness"" => 0.0, ""mean_agreeableness"" => 0.0, ""std_neuroticism"" => 0.0, ""std_openness"" => 0.0, ""mean_conscientiousness"" => 0.0, ""mean_neuroticism"" => 0.0)",0,1,"Dict(""blue_proportion"" => 1.0, ""red_proportion"" => 0.0)",0.0,0.0,0.0,0.0,1.0,0.0,0.0,0.0,0.0,0.0,0.0,0.0,0.0,0.0,0.0,0.00048828125,2048.0,1.0,0.0,0.0
85,1,0,3,22,24,0.0,0.0,0.0,0.0,"Dict(:p25 => 281.0, :p75 => 281.0, :p50 => 281.0, :p90 => 281.0, :p99 => 281.0, :p95 => 281.0)",NaN,85.0,0.0,0.0,0.0,0.0,"Dict(""mean_extraversion"" => 0.0, ""std_agreeableness"" => 0.0, ""std_extraversion"" => 0.0, ""mean_openness"" => 0.0, ""std_conscientiousness"" => 0.0, ""mean_agreeableness"" => 0.0, ""std_neuroticism"" => 0.0, ""std_openness"" => 0.0, ""mean_conscientiousness"" => 0.0, ""mean_neuroticism"" => 0.0)",0,1,"Dict(""blue_proportion"" => 1.0, ""red_proportion"" => 0.0)",0.0,0.0,0.0,0.0,1.0,0.0,0.0,0.0,0.0,0.0,0.0,0.0,0.0,0.0,0.0,0.00048828125,2048.0,1.0,0.0,0.0
86,1,0,3,22,24,0.0,0.0,0.0,0.0,"Dict(:p25 => 283.0, :p75 => 283.0, :p50 => 283.0, :p90 => 283.0, :p99 => 283.0, :p95 => 283.0)",NaN,86.0,0.0,0.0,0.0,0.0,"Dict(""mean_extraversion"" => 0.0, ""std_agreeableness"" => 0.0, ""std_extraversion"" => 0.0, ""mean_openness"" => 0.0, ""std_conscientiousness"" => 0.0, ""mean_agreeableness"" => 0.0, ""std_neuroticism"" => 0.0, ""std_openness"" => 0.0, ""mean_conscientiousness"" => 0.0, ""mean_neuroticism"" => 0.0)",0,1,"Dict(""blue_proportion"" => 1.0, ""red_proportion"" => 0.0)",0.0,0.0,0.0,0.0,1.0,0.0,0.0,0.0,0.0,0.0,0.0,0.0,0.0,0.0,0.0,0.00048828125,2048.0,1.0,0.0,0.0
87,1,0,3,22,24,0.0,0.0,0.0,0.0,"Dict(:p25 => 285.0, :p75 => 285.0, :p50 => 285.0, :p90 => 285.0, :p99 => 285.0, :p95 => 285.0)",NaN,87.0,0.0,0.0,0.0,0.0,"Dict(""mean_extraversion"" => 0.0, ""std_agreeableness"" => 0.0, ""std_extraversion"" => 0.0, ""mean_openness"" => 0.0, ""std_conscientiousness"" => 0.0, ""mean_agreeableness"" => 0.0, ""std_neuroticism"" => 0.0, ""std_openness"" => 0.0, ""mean_conscientiousness"" => 0.0, ""mean_neuroticism"" => 0.0)",0,1,"Dict(""blue_proportion"" => 1.0, ""red_proportion"" => 0.0)",0.0,0.0,0.0,0.0,1.0,0.0,0.0,0.0,0.0,0.0,0.0,0.0,0.0,0.0,0.0,0.00048828125,2048.0,1.0,0.0,0.0
88,0,0,4,22,24,0.0,0.0,0.0,0.0,"Dict(:p25 => 0.0, :p75 => 0.0, :p50 => 0.0, :p90 => 0.0, :p99 => 0.0, :p95 => 0.0)",NaN,0.0,0.0,0.0,0.0,0.0,"Dict(""mean_extraversion"" => 0.0, ""std_agreeableness"" => 0.0, ""std_extraversion"" => 0.0, ""mean_openness"" => 0.0, ""std_conscientiousness"" => 0.0, ""mean_agreeableness"" => 0.0, ""std_neuroticism"" => 0.0, ""std_openness"" => 0.0, ""mean_conscientiousness"" => 0.0, ""mean_neuroticism"" => 0.0)",0,0,"Dict(""blue_proportion"" => 0.0, ""red_proportion"" => 0.0)",0.0,0.0,0.0,0.0,0.0,0.0,0.0,0.0,0.0,0.0,0.0,0.0,0.0,0.0,0.0,0.0,0.0,0.0,0.0,0.0
89,0,0,4,22,24,0.0,0.0,0.0,0.0,"Dict(:p25 => 0.0, :p75 => 0.0, :p50 => 0.0, :p90 => 0.0, :p99 => 0.0, :p95 => 0.0)",NaN,0.0,0.0,0.0,0.0,0.0,"Dict(""mean_extraversion"" => 0.0, ""std_agreeableness"" => 0.0, ""std_extraversion"" => 0.0, ""mean_openness"" => 0.0, ""std_conscientiousness"" => 0.0, ""mean_agreeableness"" => 0.0, ""std_neuroticism"" => 0.0, ""std_openness"" => 0.0, ""mean_conscientiousness"" => 0.0, ""mean_neuroticism"" => 0.0)",0,0,"Dict(""blue_proportion"" => 0.0, ""red_proportion"" => 0.0)",0.0,0.0,0.0,0.0,0.0,0.0,0.0,0.0,0.0,0.0,0.0,0.0,0.0,0.0,0.0,0.0,0.0,0.0,0.0,0.0
90,0,0,4,22,24,0.0,0.0,0.0,0.0,"Dict(:p25 => 0.0, :p75 => 0.0, :p50 => 0.0, :p90 => 0.0, :p99 => 0.0, :p95 => 0.0)",NaN,0.0,0.0,0.0,0.0,0.0,"Dict(""mean_extraversion"" => 0.0, ""std_agreeableness"" => 0.0, ""std_extraversion"" => 0.0, ""mean_openness"" => 0.0, ""std_conscientiousness"" => 0.0, ""mean_agreeableness"" => 0.0, ""std_neuroticism"" => 0.0, ""std_openness"" => 0.0, ""mean_conscientiousness"" => 0.0, ""mean_neuroticism"" => 0.0)",0,0,"Dict(""blue_proportion"" => 0.0, ""red_proportion"" => 0.0)",0.0,0.0,0.0,0.0,0.0,0.0,0.0,0.0,0.0,0.0,0.0,0.0,0.0,0.0,0.0,0.0,0.0,0.0,0.0,0.0
91,0,0,4,22,24,0.0,0.0,0.0,0.0,"Dict(:p25 => 0.0, :p75 => 0.0, :p50 => 0.0, :p90 => 0.0, :p99 => 0.0, :p95 => 0.0)",NaN,0.0,0.0,0.0,0.0,0.0,"Dict(""mean_extraversion"" => 0.0, ""std_agreeableness"" => 0.0, ""std_extraversion"" => 0.0, ""mean_openness"" => 0.0, ""std_conscientiousness"" => 0.0, ""mean_agreeableness"" => 0.0, ""std_neuroticism"" => 0.0, ""std_openness"" => 0.0, ""mean_conscientiousness"" => 0.0, ""mean_neuroticism"" => 0.0)",0,0,"Dict(""blue_proportion"" => 0.0, ""red_proportion"" => 0.0)",0.0,0.0,0.0,0.0,0.0,0.0,0.0,0.0,0.0,0.0,0.0,0.0,0.0,0.0,0.0,0.0,0.0,0.0,0.0,0.0
92,0,0,4,22,24,0.0,0.0,0.0,0.0,"Dict(:p25 => 0.0, :p75 => 0.0, :p50 => 0.0, :p90 => 0.0, :p99 => 0.0, :p95 => 0.0)",NaN,0.0,0.0,0.0,0.0,0.0,"Dict(""mean_extraversion"" => 0.0, ""std_agreeableness"" => 0.0, ""std_extraversion"" => 0.0, ""mean_openness"" => 0.0, ""std_conscientiousness"" => 0.0, ""mean_agreeableness"" => 0.0, ""std_neuroticism"" => 0.0, ""std_openness"" => 0.0, ""mean_conscientiousness"" => 0.0, ""mean_neuroticism"" => 0.0)",0,0,"Dict(""blue_proportion"" => 0.0, ""red_proportion"" => 0.0)",0.0,0.0,0.0,0.0,0.0,0.0,0.0,0.0,0.0,0.0,0.0,0.0,0.0,0.0,0.0,0.0,0.0,0.0,0.0,0.0
93,0,0,4,22,24,0.0,0.0,0.0,0.0,"Dict(:p25 => 0.0, :p75 => 0.0, :p50 => 0.0, :p90 => 0.0, :p99 => 0.0, :p95 => 0.0)",NaN,0.0,0.0,0.0,0.0,0.0,"Dict(""mean_extraversion"" => 0.0, ""std_agreeableness"" => 0.0, ""std_extraversion"" => 0.0, ""mean_openness"" => 0.0, ""std_conscientiousness"" => 0.0, ""mean_agreeableness"" => 0.0, ""std_neuroticism"" => 0.0, ""std_openness"" => 0.0, ""mean_conscientiousness"" => 0.0, ""mean_neuroticism"" => 0.0)",0,0,"Dict(""blue_proportion"" => 0.0, ""red_proportion"" => 0.0)",0.0,0.0,0.0,0.0,0.0,0.0,0.0,0.0,0.0,0.0,0.0,0.0,0.0,0.0,0.0,0.0,0.0,0.0,0.0,0.0
94,0,0,4,22,24,0.0,0.0,0.0,0.0,"Dict(:p25 => 0.0, :p75 => 0.0, :p50 => 0.0, :p90 => 0.0, :p99 => 0.0, :p95 => 0.0)",NaN,0.0,0.0,0.0,0.0,0.0,"Dict(""mean_extraversion"" => 0.0, ""std_agreeableness"" => 0.0, ""std_extraversion"" => 0.0, ""mean_openness"" => 0.0, ""std_conscientiousness"" => 0.0, ""mean_agreeableness"" => 0.0, ""std_neuroticism"" => 0.0, ""std_openness"" => 0.0, ""mean_conscientiousness"" => 0.0, ""mean_neuroticism"" => 0.0)",0,0,"Dict(""blue_proportion"" => 0.0, ""red_proportion"" => 0.0)",0.0,0.0,0.0,0.0,0.0,0.0,0.0,0.0,0.0,0.0,0.0,0.0,0.0,0.0,0.0,0.0,0.0,0.0,0.0,0.0
95,0,0,4,22,24,0.0,0.0,0.0,0.0,"Dict(:p25 => 0.0, :p75 => 0.0, :p50 => 0.0, :p90 => 0.0, :p99 => 0.0, :p95 => 0.0)",NaN,0.0,0.0,0.0,0.0,0.0,"Dict(""mean_extraversion"" => 0.0, ""std_agreeableness"" => 0.0, ""std_extraversion"" => 0.0, ""mean_openness"" => 0.0, ""std_conscientiousness"" => 0.0, ""mean_agreeableness"" => 0.0, ""std_neuroticism"" => 0.0, ""std_openness"" => 0.0, ""mean_conscientiousness"" => 0.0, ""mean_neuroticism"" => 0.0)",0,0,"Dict(""blue_proportion"" => 0.0, ""red_proportion"" => 0.0)",0.0,0.0,0.0,0.0,0.0,0.0,0.0,0.0,0.0,0.0,0.0,0.0,0.0,0.0,0.0,0.0,0.0,0.0,0.0,0.0
96,0,0,4,22,24,0.0,0.0,0.0,0.0,"Dict(:p25 => 0.0, :p75 => 0.0, :p50 => 0.0, :p90 => 0.0, :p99 => 0.0, :p95 => 0.0)",NaN,0.0,0.0,0.0,0.0,0.0,"Dict(""mean_extraversion"" => 0.0, ""std_agreeableness"" => 0.0, ""std_extraversion"" => 0.0, ""mean_openness"" => 0.0, ""std_conscientiousness"" => 0.0, ""mean_agreeableness"" => 0.0, ""std_neuroticism"" => 0.0, ""std_openness"" => 0.0, ""mean_conscientiousness"" => 0.0, ""mean_neuroticism"" => 0.0)",0,0,"Dict(""blue_proportion"" => 0.0, ""red_proportion"" => 0.0)",0.0,0.0,0.0,0.0,0.0,0.0,0.0,0.0,0.0,0.0,0.0,0.0,0.0,0.0,0.0,0.0,0.0,0.0,0.0,0.0
97,0,0,4,22,24,0.0,0.0,0.0,0.0,"Dict(:p25 => 0.0, :p75 => 0.0, :p50 => 0.0, :p90 => 0.0, :p99 => 0.0, :p95 => 0.0)",NaN,0.0,0.0,0.0,0.0,0.0,"Dict(""mean_extraversion"" => 0.0, ""std_agreeableness"" => 0.0, ""std_extraversion"" => 0.0, ""mean_openness"" => 0.0, ""std_conscientiousness"" => 0.0, ""mean_agreeableness"" => 0.0, ""std_neuroticism"" => 0.0, ""std_openness"" => 0.0, ""mean_conscientiousness"" => 0.0, ""mean_neuroticism"" => 0.0)",0,0,"Dict(""blue_proportion"" => 0.0, ""red_proportion"" => 0.0)",0.0,0.0,0.0,0.0,0.0,0.0,0.0,0.0,0.0,0.0,0.0,0.0,0.0,0.0,0.0,0.0,0.0,0.0,0.0,0.0
98,0,0,4,22,24,0.0,0.0,0.0,0.0,"Dict(:p25 => 0.0, :p75 => 0.0, :p50 => 0.0, :p90 => 0.0, :p99 => 0.0, :p95 => 0.0)",NaN,0.0,0.0,0.0,0.0,0.0,"Dict(""mean_extraversion"" => 0.0, ""std_agreeableness"" => 0.0, ""std_extraversion"" => 0.0, ""mean_openness"" => 0.0, ""std_conscientiousness"" => 0.0, ""mean_agreeableness"" => 0.0, ""std_neuroticism"" => 0.0, ""std_openness"" => 0.0, ""mean_conscientiousness"" => 0.0, ""mean_neuroticism"" => 0.0)",0,0,"Dict(""blue_proportion"" => 0.0, ""red_proportion"" => 0.0)",0.0,0.0,0.0,0.0,0.0,0.0,0.0,0.0,0.0,0.0,0.0,0.0,0.0,0.0,0.0,0.0,0.0,0.0,0.0,0.0
99,0,0,4,22,24,0.0,0.0,0.0,0.0,"Dict(:p25 => 0.0, :p75 => 0.0, :p50 => 0.0, :p90 => 0.0, :p99 => 0.0, :p95 => 0.0)",NaN,0.0,0.0,0.0,0.0,0.0,"Dict(""mean_extraversion"" => 0.0, ""std_agreeableness"" => 0.0, ""std_extraversion"" => 0.0, ""mean_openness"" => 0.0, ""std_conscientiousness"" => 0.0, ""mean_agreeableness"" => 0.0, ""std_neuroticism"" => 0.0, ""std_openness"" => 0.0, ""mean_conscientiousness"" => 0.0, ""mean_neuroticism"" => 0.0)",0,0,"Dict(""blue_proportion"" => 0.0, ""red_proportion"" => 0.0)",0.0,0.0,0.0,0.0,0.0,0.0,0.0,0.0,0.0,0.0,0.0,0.0,0.0,0.0,0.0,0.0,0.0,0.0,0.0,0.0
100,0,0,4,22,24,0.0,0.0,0.0,0.0,"Dict(:p25 => 0.0, :p75 => 0.0, :p50 => 0.0, :p90 => 0.0, :p99 => 0.0, :p95 => 0.0)",NaN,0.0,0.0,0.0,0.0,0.0,"Dict(""mean_extraversion"" => 0.0, ""std_agreeableness"" => 0.0, ""std_extraversion"" => 0.0, ""mean_openness"" => 0.0, ""std_conscientiousness"" => 0.0, ""mean_agreeableness"" => 0.0, ""std_neuroticism"" => 0.0, ""std_openness"" => 0.0, ""mean_conscientiousness"" => 0.0, ""mean_neuroticism"" => 0.0)",0,0,"Dict(""blue_proportion"" => 0.0, ""red_proportion"" => 0.0)",0.0,0.0,0.0,0.0,0.0,0.0,0.0,0.0,0.0,0.0,0.0,0.0,0.0,0.0,0.0,0.0,0.0,0.0,0.0,0.0
101,0,0,4,22,24,0.0,0.0,0.0,0.0,"Dict(:p25 => 0.0, :p75 => 0.0, :p50 => 0.0, :p90 => 0.0, :p99 => 0.0, :p95 => 0.0)",NaN,0.0,0.0,0.0,0.0,0.0,"Dict(""mean_extraversion"" => 0.0, ""std_agreeableness"" => 0.0, ""std_extraversion"" => 0.0, ""mean_openness"" => 0.0, ""std_conscientiousness"" => 0.0, ""mean_agreeableness"" => 0.0, ""std_neuroticism"" => 0.0, ""std_openness"" => 0.0, ""mean_conscientiousness"" => 0.0, ""mean_neuroticism"" => 0.0)",0,0,"Dict(""blue_proportion"" => 0.0, ""red_proportion"" => 0.0)",0.0,0.0,0.0,0.0,0.0,0.0,0.0,0.0,0.0,0.0,0.0,0.0,0.0,0.0,0.0,0.0,0.0,0.0,0.0,0.0
102,0,0,4,22,24,0.0,0.0,0.0,0.0,"Dict(:p25 => 0.0, :p75 => 0.0, :p50 => 0.0, :p90 => 0.0, :p99 => 0.0, :p95 => 0.0)",NaN,0.0,0.0,0.0,0.0,0.0,"Dict(""mean_extraversion"" => 0.0, ""std_agreeableness"" => 0.0, ""std_extraversion"" => 0.0, ""mean_openness"" => 0.0, ""std_conscientiousness"" => 0.0, ""mean_agreeableness"" => 0.0, ""std_neuroticism"" => 0.0, ""std_openness"" => 0.0, ""mean_conscientiousness"" => 0.0, ""mean_neuroticism"" => 0.0)",0,0,"Dict(""blue_proportion"" => 0.0, ""red_proportion"" => 0.0)",0.0,0.0,0.0,0.0,0.0,0.0,0.0,0.0,0.0,0.0,0.0,0.0,0.0,0.0,0.0,0.0,0.0,0.0,0.0,0.0
103,0,0,4,22,24,0.0,0.0,0.0,0.0,"Dict(:p25 => 0.0, :p75 => 0.0, :p50 => 0.0, :p90 => 0.0, :p99 => 0.0, :p95 => 0.0)",NaN,0.0,0.0,0.0,0.0,0.0,"Dict(""mean_extraversion"" => 0.0, ""std_agreeableness"" => 0.0, ""std_extraversion"" => 0.0, ""mean_openness"" => 0.0, ""std_conscientiousness"" => 0.0, ""mean_agreeableness"" => 0.0, ""std_neuroticism"" => 0.0, ""std_openness"" => 0.0, ""mean_conscientiousness"" => 0.0, ""mean_neuroticism"" => 0.0)",0,0,"Dict(""blue_proportion"" => 0.0, ""red_proportion"" => 0.0)",0.0,0.0,0.0,0.0,0.0,0.0,0.0,0.0,0.0,0.0,0.0,0.0,0.0,0.0,0.0,0.0,0.0,0.0,0.0,0.0
104,0,0,4,22,24,0.0,0.0,0.0,0.0,"Dict(:p25 => 0.0, :p75 => 0.0, :p50 => 0.0, :p90 => 0.0, :p99 => 0.0, :p95 => 0.0)",NaN,0.0,0.0,0.0,0.0,0.0,"Dict(""mean_extraversion"" => 0.0, ""std_agreeableness"" => 0.0, ""std_extraversion"" => 0.0, ""mean_openness"" => 0.0, ""std_conscientiousness"" => 0.0, ""mean_agreeableness"" => 0.0, ""std_neuroticism"" => 0.0, ""std_openness"" => 0.0, ""mean_conscientiousness"" => 0.0, ""mean_neuroticism"" => 0.0)",0,0,"Dict(""blue_proportion"" => 0.0, ""red_proportion"" => 0.0)",0.0,0.0,0.0,0.0,0.0,0.0,0.0,0.0,0.0,0.0,0.0,0.0,0.0,0.0,0.0,0.0,0.0,0.0,0.0,0.0
105,0,0,4,22,24,0.0,0.0,0.0,0.0,"Dict(:p25 => 0.0, :p75 => 0.0, :p50 => 0.0, :p90 => 0.0, :p99 => 0.0, :p95 => 0.0)",NaN,0.0,0.0,0.0,0.0,0.0,"Dict(""mean_extraversion"" => 0.0, ""std_agreeableness"" => 0.0, ""std_extraversion"" => 0.0, ""mean_openness"" => 0.0, ""std_conscientiousness"" => 0.0, ""mean_agreeableness"" => 0.0, ""std_neuroticism"" => 0.0, ""std_openness"" => 0.0, ""mean_conscientiousness"" => 0.0, ""mean_neuroticism"" => 0.0)",0,0,"Dict(""blue_proportion"" => 0.0, ""red_proportion"" => 0.0)",0.0,0.0,0.0,0.0,0.0,0.0,0.0,0.0,0.0,0.0,0.0,0.0,0.0,0.0,0.0,0.0,0.0,0.0,0.0,0.0
106,0,0,4,22,24,0.0,0.0,0.0,0.0,"Dict(:p25 => 0.0, :p75 => 0.0, :p50 => 0.0, :p90 => 0.0, :p99 => 0.0, :p95 => 0.0)",NaN,0.0,0.0,0.0,0.0,0.0,"Dict(""mean_extraversion"" => 0.0, ""std_agreeableness"" => 0.0, ""std_extraversion"" => 0.0, ""mean_openness"" => 0.0, ""std_conscientiousness"" => 0.0, ""mean_agreeableness"" => 0.0, ""std_neuroticism"" => 0.0, ""std_openness"" => 0.0, ""mean_conscientiousness"" => 0.0, ""mean_neuroticism"" => 0.0)",0,0,"Dict(""blue_proportion"" => 0.0, ""red_proportion"" => 0.0)",0.0,0.0,0.0,0.0,0.0,0.0,0.0,0.0,0.0,0.0,0.0,0.0,0.0,0.0,0.0,0.0,0.0,0.0,0.0,0.0
107,0,0,4,22,24,0.0,0.0,0.0,0.0,"Dict(:p25 => 0.0, :p75 => 0.0, :p50 => 0.0, :p90 => 0.0, :p99 => 0.0, :p95 => 0.0)",NaN,0.0,0.0,0.0,0.0,0.0,"Dict(""mean_extraversion"" => 0.0, ""std_agreeableness"" => 0.0, ""std_extraversion"" => 0.0, ""mean_openness"" => 0.0, ""std_conscientiousness"" => 0.0, ""mean_agreeableness"" => 0.0, ""std_neuroticism"" => 0.0, ""std_openness"" => 0.0, ""mean_conscientiousness"" => 0.0, ""mean_neuroticism"" => 0.0)",0,0,"Dict(""blue_proportion"" => 0.0, ""red_proportion"" => 0.0)",0.0,0.0,0.0,0.0,0.0,0.0,0.0,0.0,0.0,0.0,0.0,0.0,0.0,0.0,0.0,0.0,0.0,0.0,0.0,0.0
108,0,0,4,22,24,0.0,0.0,0.0,0.0,"Dict(:p25 => 0.0, :p75 => 0.0, :p50 => 0.0, :p90 => 0.0, :p99 => 0.0, :p95 => 0.0)",NaN,0.0,0.0,0.0,0.0,0.0,"Dict(""mean_extraversion"" => 0.0, ""std_agreeableness"" => 0.0, ""std_extraversion"" => 0.0, ""mean_openness"" => 0.0, ""std_conscientiousness"" => 0.0, ""mean_agreeableness"" => 0.0, ""std_neuroticism"" => 0.0, ""std_openness"" => 0.0, ""mean_conscientiousness"" => 0.0, ""mean_neuroticism"" => 0.0)",0,0,"Dict(""blue_proportion"" => 0.0, ""red_proportion"" => 0.0)",0.0,0.0,0.0,0.0,0.0,0.0,0.0,0.0,0.0,0.0,0.0,0.0,0.0,0.0,0.0,0.0,0.0,0.0,0.0,0.0
109,0,0,4,22,24,0.0,0.0,0.0,0.0,"Dict(:p25 => 0.0, :p75 => 0.0, :p50 => 0.0, :p90 => 0.0, :p99 => 0.0, :p95 => 0.0)",NaN,0.0,0.0,0.0,0.0,0.0,"Dict(""mean_extraversion"" => 0.0, ""std_agreeableness"" => 0.0, ""std_extraversion"" => 0.0, ""mean_openness"" => 0.0, ""std_conscientiousness"" => 0.0, ""mean_agreeableness"" => 0.0, ""std_neuroticism"" => 0.0, ""std_openness"" => 0.0, ""mean_conscientiousness"" => 0.0, ""mean_neuroticism"" => 0.0)",0,0,"Dict(""blue_proportion"" => 0.0, ""red_proportion"" => 0.0)",0.0,0.0,0.0,0.0,0.0,0.0,0.0,0.0,0.0,0.0,0.0,0.0,0.0,0.0,0.0,0.0,0.0,0.0,0.0,0.0
110,0,0,4,22,24,0.0,0.0,0.0,0.0,"Dict(:p25 => 0.0, :p75 => 0.0, :p50 => 0.0, :p90 => 0.0, :p99 => 0.0, :p95 => 0.0)",NaN,0.0,0.0,0.0,0.0,0.0,"Dict(""mean_extraversion"" => 0.0, ""std_agreeableness"" => 0.0, ""std_extraversion"" => 0.0, ""mean_openness"" => 0.0, ""std_conscientiousness"" => 0.0, ""mean_agreeableness"" => 0.0, ""std_neuroticism"" => 0.0, ""std_openness"" => 0.0, ""mean_conscientiousness"" => 0.0, ""mean_neuroticism"" => 0.0)",0,0,"Dict(""blue_proportion"" => 0.0, ""red_proportion"" => 0.0)",0.0,0.0,0.0,0.0,0.0,0.0,0.0,0.0,0.0,0.0,0.0,0.0,0.0,0.0,0.0,0.0,0.0,0.0,0.0,0.0
111,0,0,4,22,24,0.0,0.0,0.0,0.0,"Dict(:p25 => 0.0, :p75 => 0.0, :p50 => 0.0, :p90 => 0.0, :p99 => 0.0, :p95 => 0.0)",NaN,0.0,0.0,0.0,0.0,0.0,"Dict(""mean_extraversion"" => 0.0, ""std_agreeableness"" => 0.0, ""std_extraversion"" => 0.0, ""mean_openness"" => 0.0, ""std_conscientiousness"" => 0.0, ""mean_agreeableness"" => 0.0, ""std_neuroticism"" => 0.0, ""std_openness"" => 0.0, ""mean_conscientiousness"" => 0.0, ""mean_neuroticism"" => 0.0)",0,0,"Dict(""blue_proportion"" => 0.0, ""red_proportion"" => 0.0)",0.0,0.0,0.0,0.0,0.0,0.0,0.0,0.0,0.0,0.0,0.0,0.0,0.0,0.0,0.0,0.0,0.0,0.0,0.0,0.0
112,0,0,4,22,24,0.0,0.0,0.0,0.0,"Dict(:p25 => 0.0, :p75 => 0.0, :p50 => 0.0, :p90 => 0.0, :p99 => 0.0, :p95 => 0.0)",NaN,0.0,0.0,0.0,0.0,0.0,"Dict(""mean_extraversion"" => 0.0, ""std_agreeableness"" => 0.0, ""std_extraversion"" => 0.0, ""mean_openness"" => 0.0, ""std_conscientiousness"" => 0.0, ""mean_agreeableness"" => 0.0, ""std_neuroticism"" => 0.0, ""std_openness"" => 0.0, ""mean_conscientiousness"" => 0.0, ""mean_neuroticism"" => 0.0)",0,0,"Dict(""blue_proportion"" => 0.0, ""red_proportion"" => 0.0)",0.0,0.0,0.0,0.0,0.0,0.0,0.0,0.0,0.0,0.0,0.0,0.0,0.0,0.0,0.0,0.0,0.0,0.0,0.0,0.0
113,0,0,4,22,24,0.0,0.0,0.0,0.0,"Dict(:p25 => 0.0, :p75 => 0.0, :p50 => 0.0, :p90 => 0.0, :p99 => 0.0, :p95 => 0.0)",NaN,0.0,0.0,0.0,0.0,0.0,"Dict(""mean_extraversion"" => 0.0, ""std_agreeableness"" => 0.0, ""std_extraversion"" => 0.0, ""mean_openness"" => 0.0, ""std_conscientiousness"" => 0.0, ""mean_agreeableness"" => 0.0, ""std_neuroticism"" => 0.0, ""std_openness"" => 0.0, ""mean_conscientiousness"" => 0.0, ""mean_neuroticism"" => 0.0)",0,0,"Dict(""blue_proportion"" => 0.0, ""red_proportion"" => 0.0)",0.0,0.0,0.0,0.0,0.0,0.0,0.0,0.0,0.0,0.0,0.0,0.0,0.0,0.0,0.0,0.0,0.0,0.0,0.0,0.0
114,0,0,4,22,24,0.0,0.0,0.0,0.0,"Dict(:p25 => 0.0, :p75 => 0.0, :p50 => 0.0, :p90 => 0.0, :p99 => 0.0, :p95 => 0.0)",NaN,0.0,0.0,0.0,0.0,0.0,"Dict(""mean_extraversion"" => 0.0, ""std_agreeableness"" => 0.0, ""std_extraversion"" => 0.0, ""mean_openness"" => 0.0, ""std_conscientiousness"" => 0.0, ""mean_agreeableness"" => 0.0, ""std_neuroticism"" => 0.0, ""std_openness"" => 0.0, ""mean_conscientiousness"" => 0.0, ""mean_neuroticism"" => 0.0)",0,0,"Dict(""blue_proportion"" => 0.0, ""red_proportion"" => 0.0)",0.0,0.0,0.0,0.0,0.0,0.0,0.0,0.0,0.0,0.0,0.0,0.0,0.0,0.0,0.0,0.0,0.0,0.0,0.0,0.0
115,0,0,4,22,24,0.0,0.0,0.0,0.0,"Dict(:p25 => 0.0, :p75 => 0.0, :p50 => 0.0, :p90 => 0.0, :p99 => 0.0, :p95 => 0.0)",NaN,0.0,0.0,0.0,0.0,0.0,"Dict(""mean_extraversion"" => 0.0, ""std_agreeableness"" => 0.0, ""std_extraversion"" => 0.0, ""mean_openness"" => 0.0, ""std_conscientiousness"" => 0.0, ""mean_agreeableness"" => 0.0, ""std_neuroticism"" => 0.0, ""std_openness"" => 0.0, ""mean_conscientiousness"" => 0.0, ""mean_neuroticism"" => 0.0)",0,0,"Dict(""blue_proportion"" => 0.0, ""red_proportion"" => 0.0)",0.0,0.0,0.0,0.0,0.0,0.0,0.0,0.0,0.0,0.0,0.0,0.0,0.0,0.0,0.0,0.0,0.0,0.0,0.0,0.0
116,0,0,4,22,24,0.0,0.0,0.0,0.0,"Dict(:p25 => 0.0, :p75 => 0.0, :p50 => 0.0, :p90 => 0.0, :p99 => 0.0, :p95 => 0.0)",NaN,0.0,0.0,0.0,0.0,0.0,"Dict(""mean_extraversion"" => 0.0, ""std_agreeableness"" => 0.0, ""std_extraversion"" => 0.0, ""mean_openness"" => 0.0, ""std_conscientiousness"" => 0.0, ""mean_agreeableness"" => 0.0, ""std_neuroticism"" => 0.0, ""std_openness"" => 0.0, ""mean_conscientiousness"" => 0.0, ""mean_neuroticism"" => 0.0)",0,0,"Dict(""blue_proportion"" => 0.0, ""red_proportion"" => 0.0)",0.0,0.0,0.0,0.0,0.0,0.0,0.0,0.0,0.0,0.0,0.0,0.0,0.0,0.0,0.0,0.0,0.0,0.0,0.0,0.0
117,0,0,4,22,24,0.0,0.0,0.0,0.0,"Dict(:p25 => 0.0, :p75 => 0.0, :p50 => 0.0, :p90 => 0.0, :p99 => 0.0, :p95 => 0.0)",NaN,0.0,0.0,0.0,0.0,0.0,"Dict(""mean_extraversion"" => 0.0, ""std_agreeableness"" => 0.0, ""std_extraversion"" => 0.0, ""mean_openness"" => 0.0, ""std_conscientiousness"" => 0.0, ""mean_agreeableness"" => 0.0, ""std_neuroticism"" => 0.0, ""std_openness"" => 0.0, ""mean_conscientiousness"" => 0.0, ""mean_neuroticism"" => 0.0)",0,0,"Dict(""blue_proportion"" => 0.0, ""red_proportion"" => 0.0)",0.0,0.0,0.0,0.0,0.0,0.0,0.0,0.0,0.0,0.0,0.0,0.0,0.0,0.0,0.0,0.0,0.0,0.0,0.0,0.0
118,0,0,4,22,24,0.0,0.0,0.0,0.0,"Dict(:p25 => 0.0, :p75 => 0.0, :p50 => 0.0, :p90 => 0.0, :p99 => 0.0, :p95 => 0.0)",NaN,0.0,0.0,0.0,0.0,0.0,"Dict(""mean_extraversion"" => 0.0, ""std_agreeableness"" => 0.0, ""std_extraversion"" => 0.0, ""mean_openness"" => 0.0, ""std_conscientiousness"" => 0.0, ""mean_agreeableness"" => 0.0, ""std_neuroticism"" => 0.0, ""std_openness"" => 0.0, ""mean_conscientiousness"" => 0.0, ""mean_neuroticism"" => 0.0)",0,0,"Dict(""blue_proportion"" => 0.0, ""red_proportion"" => 0.0)",0.0,0.0,0.0,0.0,0.0,0.0,0.0,0.0,0.0,0.0,0.0,0.0,0.0,0.0,0.0,0.0,0.0,0.0,0.0,0.0
119,0,0,4,22,24,0.0,0.0,0.0,0.0,"Dict(:p25 => 0.0, :p75 => 0.0, :p50 => 0.0, :p90 => 0.0, :p99 => 0.0, :p95 => 0.0)",NaN,0.0,0.0,0.0,0.0,0.0,"Dict(""mean_extraversion"" => 0.0, ""std_agreeableness"" => 0.0, ""std_extraversion"" => 0.0, ""mean_openness"" => 0.0, ""std_conscientiousness"" => 0.0, ""mean_agreeableness"" => 0.0, ""std_neuroticism"" => 0.0, ""std_openness"" => 0.0, ""mean_conscientiousness"" => 0.0, ""mean_neuroticism"" => 0.0)",0,0,"Dict(""blue_proportion"" => 0.0, ""red_proportion"" => 0.0)",0.0,0.0,0.0,0.0,0.0,0.0,0.0,0.0,0.0,0.0,0.0,0.0,0.0,0.0,0.0,0.0,0.0,0.0,0.0,0.0
120,0,0,4,22,24,0.0,0.0,0.0,0.0,"Dict(:p25 => 0.0, :p75 => 0.0, :p50 => 0.0, :p90 => 0.0, :p99 => 0.0, :p95 => 0.0)",NaN,0.0,0.0,0.0,0.0,0.0,"Dict(""mean_extraversion"" => 0.0, ""std_agreeableness"" => 0.0, ""std_extraversion"" => 0.0, ""mean_openness"" => 0.0, ""std_conscientiousness"" => 0.0, ""mean_agreeableness"" => 0.0, ""std_neuroticism"" => 0.0, ""std_openness"" => 0.0, ""mean_conscientiousness"" => 0.0, ""mean_neuroticism"" => 0.0)",0,0,"Dict(""blue_proportion"" => 0.0, ""red_proportion"" => 0.0)",0.0,0.0,0.0,0.0,0.0,0.0,0.0,0.0,0.0,0.0,0.0,0.0,0.0,0.0,0.0,0.0,0.0,0.0,0.0,0.0
121,0,0,4,22,24,0.0,0.0,0.0,0.0,"Dict(:p25 => 0.0, :p75 => 0.0, :p50 => 0.0, :p90 => 0.0, :p99 => 0.0, :p95 => 0.0)",NaN,0.0,0.0,0.0,0.0,0.0,"Dict(""mean_extraversion"" => 0.0, ""std_agreeableness"" => 0.0, ""std_extraversion"" => 0.0, ""mean_openness"" => 0.0, ""std_conscientiousness"" => 0.0, ""mean_agreeableness"" => 0.0, ""std_neuroticism"" => 0.0, ""std_openness"" => 0.0, ""mean_conscientiousness"" => 0.0, ""mean_neuroticism"" => 0.0)",0,0,"Dict(""blue_proportion"" => 0.0, ""red_proportion"" => 0.0)",0.0,0.0,0.0,0.0,0.0,0.0,0.0,0.0,0.0,0.0,0.0,0.0,0.0,0.0,0.0,0.0,0.0,0.0,0.0,0.0
122,0,0,4,22,24,0.0,0.0,0.0,0.0,"Dict(:p25 => 0.0, :p75 => 0.0, :p50 => 0.0, :p90 => 0.0, :p99 => 0.0, :p95 => 0.0)",NaN,0.0,0.0,0.0,0.0,0.0,"Dict(""mean_extraversion"" => 0.0, ""std_agreeableness"" => 0.0, ""std_extraversion"" => 0.0, ""mean_openness"" => 0.0, ""std_conscientiousness"" => 0.0, ""mean_agreeableness"" => 0.0, ""std_neuroticism"" => 0.0, ""std_openness"" => 0.0, ""mean_conscientiousness"" => 0.0, ""mean_neuroticism"" => 0.0)",0,0,"Dict(""blue_proportion"" => 0.0, ""red_proportion"" => 0.0)",0.0,0.0,0.0,0.0,0.0,0.0,0.0,0.0,0.0,0.0,0.0,0.0,0.0,0.0,0.0,0.0,0.0,0.0,0.0,0.0
123,0,0,4,22,24,0.0,0.0,0.0,0.0,"Dict(:p25 => 0.0, :p75 => 0.0, :p50 => 0.0, :p90 => 0.0, :p99 => 0.0, :p95 => 0.0)",NaN,0.0,0.0,0.0,0.0,0.0,"Dict(""mean_extraversion"" => 0.0, ""std_agreeableness"" => 0.0, ""std_extraversion"" => 0.0, ""mean_openness"" => 0.0, ""std_conscientiousness"" => 0.0, ""mean_agreeableness"" => 0.0, ""std_neuroticism"" => 0.0, ""std_openness"" => 0.0, ""mean_conscientiousness"" => 0.0, ""mean_neuroticism"" => 0.0)",0,0,"Dict(""blue_proportion"" => 0.0, ""red_proportion"" => 0.0)",0.0,0.0,0.0,0.0,0.0,0.0,0.0,0.0,0.0,0.0,0.0,0.0,0.0,0.0,0.0,0.0,0.0,0.0,0.0,0.0
124,0,0,4,22,24,0.0,0.0,0.0,0.0,"Dict(:p25 => 0.0, :p75 => 0.0, :p50 => 0.0, :p90 => 0.0, :p99 => 0.0, :p95 => 0.0)",NaN,0.0,0.0,0.0,0.0,0.0,"Dict(""mean_extraversion"" => 0.0, ""std_agreeableness"" => 0.0, ""std_extraversion"" => 0.0, ""mean_openness"" => 0.0, ""std_conscientiousness"" => 0.0, ""mean_agreeableness"" => 0.0, ""std_neuroticism"" => 0.0, ""std_openness"" => 0.0, ""mean_conscientiousness"" => 0.0, ""mean_neuroticism"" => 0.0)",0,0,"Dict(""blue_proportion"" => 0.0, ""red_proportion"" => 0.0)",0.0,0.0,0.0,0.0,0.0,0.0,0.0,0.0,0.0,0.0,0.0,0.0,0.0,0.0,0.0,0.0,0.0,0.0,0.0,0.0
125,0,0,4,22,24,0.0,0.0,0.0,0.0,"Dict(:p25 => 0.0, :p75 => 0.0, :p50 => 0.0, :p90 => 0.0, :p99 => 0.0, :p95 => 0.0)",NaN,0.0,0.0,0.0,0.0,0.0,"Dict(""mean_extraversion"" => 0.0, ""std_agreeableness"" => 0.0, ""std_extraversion"" => 0.0, ""mean_openness"" => 0.0, ""std_conscientiousness"" => 0.0, ""mean_agreeableness"" => 0.0, ""std_neuroticism"" => 0.0, ""std_openness"" => 0.0, ""mean_conscientiousness"" => 0.0, ""mean_neuroticism"" => 0.0)",0,0,"Dict(""blue_proportion"" => 0.0, ""red_proportion"" => 0.0)",0.0,0.0,0.0,0.0,0.0,0.0,0.0,0.0,0.0,0.0,0.0,0.0,0.0,0.0,0.0,0.0,0.0,0.0,0.0,0.0
126,0,0,4,22,24,0.0,0.0,0.0,0.0,"Dict(:p25 => 0.0, :p75 => 0.0, :p50 => 0.0, :p90 => 0.0, :p99 => 0.0, :p95 => 0.0)",NaN,0.0,0.0,0.0,0.0,0.0,"Dict(""mean_extraversion"" => 0.0, ""std_agreeableness"" => 0.0, ""std_extraversion"" => 0.0, ""mean_openness"" => 0.0, ""std_conscientiousness"" => 0.0, ""mean_agreeableness"" => 0.0, ""std_neuroticism"" => 0.0, ""std_openness"" => 0.0, ""mean_conscientiousness"" => 0.0, ""mean_neuroticism"" => 0.0)",0,0,"Dict(""blue_proportion"" => 0.0, ""red_proportion"" => 0.0)",0.0,0.0,0.0,0.0,0.0,0.0,0.0,0.0,0.0,0.0,0.0,0.0,0.0,0.0,0.0,0.0,0.0,0.0,0.0,0.0
127,0,0,4,22,24,0.0,0.0,0.0,0.0,"Dict(:p25 => 0.0, :p75 => 0.0, :p50 => 0.0, :p90 => 0.0, :p99 => 0.0, :p95 => 0.0)",NaN,0.0,0.0,0.0,0.0,0.0,"Dict(""mean_extraversion"" => 0.0, ""std_agreeableness"" => 0.0, ""std_extraversion"" => 0.0, ""mean_openness"" => 0.0, ""std_conscientiousness"" => 0.0, ""mean_agreeableness"" => 0.0, ""std_neuroticism"" => 0.0, ""std_openness"" => 0.0, ""mean_conscientiousness"" => 0.0, ""mean_neuroticism"" => 0.0)",0,0,"Dict(""blue_proportion"" => 0.0, ""red_proportion"" => 0.0)",0.0,0.0,0.0,0.0,0.0,0.0,0.0,0.0,0.0,0.0,0.0,0.0,0.0,0.0,0.0,0.0,0.0,0.0,0.0,0.0
128,0,0,4,22,24,0.0,0.0,0.0,0.0,"Dict(:p25 => 0.0, :p75 => 0.0, :p50 => 0.0, :p90 => 0.0, :p99 => 0.0, :p95 => 0.0)",NaN,0.0,0.0,0.0,0.0,0.0,"Dict(""mean_extraversion"" => 0.0, ""std_agreeableness"" => 0.0, ""std_extraversion"" => 0.0, ""mean_openness"" => 0.0, ""std_conscientiousness"" => 0.0, ""mean_agreeableness"" => 0.0, ""std_neuroticism"" => 0.0, ""std_openness"" => 0.0, ""mean_conscientiousness"" => 0.0, ""mean_neuroticism"" => 0.0)",0,0,"Dict(""blue_proportion"" => 0.0, ""red_proportion"" => 0.0)",0.0,0.0,0.0,0.0,0.0,0.0,0.0,0.0,0.0,0.0,0.0,0.0,0.0,0.0,0.0,0.0,0.0,0.0,0.0,0.0
129,0,0,4,22,24,0.0,0.0,0.0,0.0,"Dict(:p25 => 0.0, :p75 => 0.0, :p50 => 0.0, :p90 => 0.0, :p99 => 0.0, :p95 => 0.0)",NaN,0.0,0.0,0.0,0.0,0.0,"Dict(""mean_extraversion"" => 0.0, ""std_agreeableness"" => 0.0, ""std_extraversion"" => 0.0, ""mean_openness"" => 0.0, ""std_conscientiousness"" => 0.0, ""mean_agreeableness"" => 0.0, ""std_neuroticism"" => 0.0, ""std_openness"" => 0.0, ""mean_conscientiousness"" => 0.0, ""mean_neuroticism"" => 0.0)",0,0,"Dict(""blue_proportion"" => 0.0, ""red_proportion"" => 0.0)",0.0,0.0,0.0,0.0,0.0,0.0,0.0,0.0,0.0,0.0,0.0,0.0,0.0,0.0,0.0,0.0,0.0,0.0,0.0,0.0
130,0,0,4,22,24,0.0,0.0,0.0,0.0,"Dict(:p25 => 0.0, :p75 => 0.0, :p50 => 0.0, :p90 => 0.0, :p99 => 0.0, :p95 => 0.0)",NaN,0.0,0.0,0.0,0.0,0.0,"Dict(""mean_extraversion"" => 0.0, ""std_agreeableness"" => 0.0, ""std_extraversion"" => 0.0, ""mean_openness"" => 0.0, ""std_conscientiousness"" => 0.0, ""mean_agreeableness"" => 0.0, ""std_neuroticism"" => 0.0, ""std_openness"" => 0.0, ""mean_conscientiousness"" => 0.0, ""mean_neuroticism"" => 0.0)",0,0,"Dict(""blue_proportion"" => 0.0, ""red_proportion"" => 0.0)",0.0,0.0,0.0,0.0,0.0,0.0,0.0,0.0,0.0,0.0,0.0,0.0,0.0,0.0,0.0,0.0,0.0,0.0,0.0,0.0
131,0,0,4,22,24,0.0,0.0,0.0,0.0,"Dict(:p25 => 0.0, :p75 => 0.0, :p50 => 0.0, :p90 => 0.0, :p99 => 0.0, :p95 => 0.0)",NaN,0.0,0.0,0.0,0.0,0.0,"Dict(""mean_extraversion"" => 0.0, ""std_agreeableness"" => 0.0, ""std_extraversion"" => 0.0, ""mean_openness"" => 0.0, ""std_conscientiousness"" => 0.0, ""mean_agreeableness"" => 0.0, ""std_neuroticism"" => 0.0, ""std_openness"" => 0.0, ""mean_conscientiousness"" => 0.0, ""mean_neuroticism"" => 0.0)",0,0,"Dict(""blue_proportion"" => 0.0, ""red_proportion"" => 0.0)",0.0,0.0,0.0,0.0,0.0,0.0,0.0,0.0,0.0,0.0,0.0,0.0,0.0,0.0,0.0,0.0,0.0,0.0,0.0,0.0
132,0,0,4,22,24,0.0,0.0,0.0,0.0,"Dict(:p25 => 0.0, :p75 => 0.0, :p50 => 0.0, :p90 => 0.0, :p99 => 0.0, :p95 => 0.0)",NaN,0.0,0.0,0.0,0.0,0.0,"Dict(""mean_extraversion"" => 0.0, ""std_agreeableness"" => 0.0, ""std_extraversion"" => 0.0, ""mean_openness"" => 0.0, ""std_conscientiousness"" => 0.0, ""mean_agreeableness"" => 0.0, ""std_neuroticism"" => 0.0, ""std_openness"" => 0.0, ""mean_conscientiousness"" => 0.0, ""mean_neuroticism"" => 0.0)",0,0,"Dict(""blue_proportion"" => 0.0, ""red_proportion"" => 0.0)",0.0,0.0,0.0,0.0,0.0,0.0,0.0,0.0,0.0,0.0,0.0,0.0,0.0,0.0,0.0,0.0,0.0,0.0,0.0,0.0
133,0,0,4,22,24,0.0,0.0,0.0,0.0,"Dict(:p25 => 0.0, :p75 => 0.0, :p50 => 0.0, :p90 => 0.0, :p99 => 0.0, :p95 => 0.0)",NaN,0.0,0.0,0.0,0.0,0.0,"Dict(""mean_extraversion"" => 0.0, ""std_agreeableness"" => 0.0, ""std_extraversion"" => 0.0, ""mean_openness"" => 0.0, ""std_conscientiousness"" => 0.0, ""mean_agreeableness"" => 0.0, ""std_neuroticism"" => 0.0, ""std_openness"" => 0.0, ""mean_conscientiousness"" => 0.0, ""mean_neuroticism"" => 0.0)",0,0,"Dict(""blue_proportion"" => 0.0, ""red_proportion"" => 0.0)",0.0,0.0,0.0,0.0,0.0,0.0,0.0,0.0,0.0,0.0,0.0,0.0,0.0,0.0,0.0,0.0,0.0,0.0,0.0,0.0
134,0,0,4,22,24,0.0,0.0,0.0,0.0,"Dict(:p25 => 0.0, :p75 => 0.0, :p50 => 0.0, :p90 => 0.0, :p99 => 0.0, :p95 => 0.0)",NaN,0.0,0.0,0.0,0.0,0.0,"Dict(""mean_extraversion"" => 0.0, ""std_agreeableness"" => 0.0, ""std_extraversion"" => 0.0, ""mean_openness"" => 0.0, ""std_conscientiousness"" => 0.0, ""mean_agreeableness"" => 0.0, ""std_neuroticism"" => 0.0, ""std_openness"" => 0.0, ""mean_conscientiousness"" => 0.0, ""mean_neuroticism"" => 0.0)",0,0,"Dict(""blue_proportion"" => 0.0, ""red_proportion"" => 0.0)",0.0,0.0,0.0,0.0,0.0,0.0,0.0,0.0,0.0,0.0,0.0,0.0,0.0,0.0,0.0,0.0,0.0,0.0,0.0,0.0
135,0,0,4,22,24,0.0,0.0,0.0,0.0,"Dict(:p25 => 0.0, :p75 => 0.0, :p50 => 0.0, :p90 => 0.0, :p99 => 0.0, :p95 => 0.0)",NaN,0.0,0.0,0.0,0.0,0.0,"Dict(""mean_extraversion"" => 0.0, ""std_agreeableness"" => 0.0, ""std_extraversion"" => 0.0, ""mean_openness"" => 0.0, ""std_conscientiousness"" => 0.0, ""mean_agreeableness"" => 0.0, ""std_neuroticism"" => 0.0, ""std_openness"" => 0.0, ""mean_conscientiousness"" => 0.0, ""mean_neuroticism"" => 0.0)",0,0,"Dict(""blue_proportion"" => 0.0, ""red_proportion"" => 0.0)",0.0,0.0,0.0,0.0,0.0,0.0,0.0,0.0,0.0,0.0,0.0,0.0,0.0,0.0,0.0,0.0,0.0,0.0,0.0,0.0
136,0,0,4,22,24,0.0,0.0,0.0,0.0,"Dict(:p25 => 0.0, :p75 => 0.0, :p50 => 0.0, :p90 => 0.0, :p99 => 0.0, :p95 => 0.0)",NaN,0.0,0.0,0.0,0.0,0.0,"Dict(""mean_extraversion"" => 0.0, ""std_agreeableness"" => 0.0, ""std_extraversion"" => 0.0, ""mean_openness"" => 0.0, ""std_conscientiousness"" => 0.0, ""mean_agreeableness"" => 0.0, ""std_neuroticism"" => 0.0, ""std_openness"" => 0.0, ""mean_conscientiousness"" => 0.0, ""mean_neuroticism"" => 0.0)",0,0,"Dict(""blue_proportion"" => 0.0, ""red_proportion"" => 0.0)",0.0,0.0,0.0,0.0,0.0,0.0,0.0,0.0,0.0,0.0,0.0,0.0,0.0,0.0,0.0,0.0,0.0,0.0,0.0,0.0
137,0,0,4,22,24,0.0,0.0,0.0,0.0,"Dict(:p25 => 0.0, :p75 => 0.0, :p50 => 0.0, :p90 => 0.0, :p99 => 0.0, :p95 => 0.0)",NaN,0.0,0.0,0.0,0.0,0.0,"Dict(""mean_extraversion"" => 0.0, ""std_agreeableness"" => 0.0, ""std_extraversion"" => 0.0, ""mean_openness"" => 0.0, ""std_conscientiousness"" => 0.0, ""mean_agreeableness"" => 0.0, ""std_neuroticism"" => 0.0, ""std_openness"" => 0.0, ""mean_conscientiousness"" => 0.0, ""mean_neuroticism"" => 0.0)",0,0,"Dict(""blue_proportion"" => 0.0, ""red_proportion"" => 0.0)",0.0,0.0,0.0,0.0,0.0,0.0,0.0,0.0,0.0,0.0,0.0,0.0,0.0,0.0,0.0,0.0,0.0,0.0,0.0,0.0
138,0,0,4,22,24,0.0,0.0,0.0,0.0,"Dict(:p25 => 0.0, :p75 => 0.0, :p50 => 0.0, :p90 => 0.0, :p99 => 0.0, :p95 => 0.0)",NaN,0.0,0.0,0.0,0.0,0.0,"Dict(""mean_extraversion"" => 0.0, ""std_agreeableness"" => 0.0, ""std_extraversion"" => 0.0, ""mean_openness"" => 0.0, ""std_conscientiousness"" => 0.0, ""mean_agreeableness"" => 0.0, ""std_neuroticism"" => 0.0, ""std_openness"" => 0.0, ""mean_conscientiousness"" => 0.0, ""mean_neuroticism"" => 0.0)",0,0,"Dict(""blue_proportion"" => 0.0, ""red_proportion"" => 0.0)",0.0,0.0,0.0,0.0,0.0,0.0,0.0,0.0,0.0,0.0,0.0,0.0,0.0,0.0,0.0,0.0,0.0,0.0,0.0,0.0
139,0,0,4,22,24,0.0,0.0,0.0,0.0,"Dict(:p25 => 0.0, :p75 => 0.0, :p50 => 0.0, :p90 => 0.0, :p99 => 0.0, :p95 => 0.0)",NaN,0.0,0.0,0.0,0.0,0.0,"Dict(""mean_extraversion"" => 0.0, ""std_agreeableness"" => 0.0, ""std_extraversion"" => 0.0, ""mean_openness"" => 0.0, ""std_conscientiousness"" => 0.0, ""mean_agreeableness"" => 0.0, ""std_neuroticism"" => 0.0, ""std_openness"" => 0.0, ""mean_conscientiousness"" => 0.0, ""mean_neuroticism"" => 0.0)",0,0,"Dict(""blue_proportion"" => 0.0, ""red_proportion"" => 0.0)",0.0,0.0,0.0,0.0,0.0,0.0,0.0,0.0,0.0,0.0,0.0,0.0,0.0,0.0,0.0,0.0,0.0,0.0,0.0,0.0
140,0,0,4,22,24,0.0,0.0,0.0,0.0,"Dict(:p25 => 0.0, :p75 => 0.0, :p50 => 0.0, :p90 => 0.0, :p99 => 0.0, :p95 => 0.0)",NaN,0.0,0.0,0.0,0.0,0.0,"Dict(""mean_extraversion"" => 0.0, ""std_agreeableness"" => 0.0, ""std_extraversion"" => 0.0, ""mean_openness"" => 0.0, ""std_conscientiousness"" => 0.0, ""mean_agreeableness"" => 0.0, ""std_neuroticism"" => 0.0, ""std_openness"" => 0.0, ""mean_conscientiousness"" => 0.0, ""mean_neuroticism"" => 0.0)",0,0,"Dict(""blue_proportion"" => 0.0, ""red_proportion"" => 0.0)",0.0,0.0,0.0,0.0,0.0,0.0,0.0,0.0,0.0,0.0,0.0,0.0,0.0,0.0,0.0,0.0,0.0,0.0,0.0,0.0
141,0,0,4,22,24,0.0,0.0,0.0,0.0,"Dict(:p25 => 0.0, :p75 => 0.0, :p50 => 0.0, :p90 => 0.0, :p99 => 0.0, :p95 => 0.0)",NaN,0.0,0.0,0.0,0.0,0.0,"Dict(""mean_extraversion"" => 0.0, ""std_agreeableness"" => 0.0, ""std_extraversion"" => 0.0, ""mean_openness"" => 0.0, ""std_conscientiousness"" => 0.0, ""mean_agreeableness"" => 0.0, ""std_neuroticism"" => 0.0, ""std_openness"" => 0.0, ""mean_conscientiousness"" => 0.0, ""mean_neuroticism"" => 0.0)",0,0,"Dict(""blue_proportion"" => 0.0, ""red_proportion"" => 0.0)",0.0,0.0,0.0,0.0,0.0,0.0,0.0,0.0,0.0,0.0,0.0,0.0,0.0,0.0,0.0,0.0,0.0,0.0,0.0,0.0
142,0,0,4,22,24,0.0,0.0,0.0,0.0,"Dict(:p25 => 0.0, :p75 => 0.0, :p50 => 0.0, :p90 => 0.0, :p99 => 0.0, :p95 => 0.0)",NaN,0.0,0.0,0.0,0.0,0.0,"Dict(""mean_extraversion"" => 0.0, ""std_agreeableness"" => 0.0, ""std_extraversion"" => 0.0, ""mean_openness"" => 0.0, ""std_conscientiousness"" => 0.0, ""mean_agreeableness"" => 0.0, ""std_neuroticism"" => 0.0, ""std_openness"" => 0.0, ""mean_conscientiousness"" => 0.0, ""mean_neuroticism"" => 0.0)",0,0,"Dict(""blue_proportion"" => 0.0, ""red_proportion"" => 0.0)",0.0,0.0,0.0,0.0,0.0,0.0,0.0,0.0,0.0,0.0,0.0,0.0,0.0,0.0,0.0,0.0,0.0,0.0,0.0,0.0
143,0,0,4,22,24,0.0,0.0,0.0,0.0,"Dict(:p25 => 0.0, :p75 => 0.0, :p50 => 0.0, :p90 => 0.0, :p99 => 0.0, :p95 => 0.0)",NaN,0.0,0.0,0.0,0.0,0.0,"Dict(""mean_extraversion"" => 0.0, ""std_agreeableness"" => 0.0, ""std_extraversion"" => 0.0, ""mean_openness"" => 0.0, ""std_conscientiousness"" => 0.0, ""mean_agreeableness"" => 0.0, ""std_neuroticism"" => 0.0, ""std_openness"" => 0.0, ""mean_conscientiousness"" => 0.0, ""mean_neuroticism"" => 0.0)",0,0,"Dict(""blue_proportion"" => 0.0, ""red_proportion"" => 0.0)",0.0,0.0,0.0,0.0,0.0,0.0,0.0,0.0,0.0,0.0,0.0,0.0,0.0,0.0,0.0,0.0,0.0,0.0,0.0,0.0
144,0,0,4,22,24,0.0,0.0,0.0,0.0,"Dict(:p25 => 0.0, :p75 => 0.0, :p50 => 0.0, :p90 => 0.0, :p99 => 0.0, :p95 => 0.0)",NaN,0.0,0.0,0.0,0.0,0.0,"Dict(""mean_extraversion"" => 0.0, ""std_agreeableness"" => 0.0, ""std_extraversion"" => 0.0, ""mean_openness"" => 0.0, ""std_conscientiousness"" => 0.0, ""mean_agreeableness"" => 0.0, ""std_neuroticism"" => 0.0, ""std_openness"" => 0.0, ""mean_conscientiousness"" => 0.0, ""mean_neuroticism"" => 0.0)",0,0,"Dict(""blue_proportion"" => 0.0, ""red_proportion"" => 0.0)",0.0,0.0,0.0,0.0,0.0,0.0,0.0,0.0,0.0,0.0,0.0,0.0,0.0,0.0,0.0,0.0,0.0,0.0,0.0,0.0
145,0,0,4,22,24,0.0,0.0,0.0,0.0,"Dict(:p25 => 0.0, :p75 => 0.0, :p50 => 0.0, :p90 => 0.0, :p99 => 0.0, :p95 => 0.0)",NaN,0.0,0.0,0.0,0.0,0.0,"Dict(""mean_extraversion"" => 0.0, ""std_agreeableness"" => 0.0, ""std_extraversion"" => 0.0, ""mean_openness"" => 0.0, ""std_conscientiousness"" => 0.0, ""mean_agreeableness"" => 0.0, ""std_neuroticism"" => 0.0, ""std_openness"" => 0.0, ""mean_conscientiousness"" => 0.0, ""mean_neuroticism"" => 0.0)",0,0,"Dict(""blue_proportion"" => 0.0, ""red_proportion"" => 0.0)",0.0,0.0,0.0,0.0,0.0,0.0,0.0,0.0,0.0,0.0,0.0,0.0,0.0,0.0,0.0,0.0,0.0,0.0,0.0,0.0
146,0,0,4,22,24,0.0,0.0,0.0,0.0,"Dict(:p25 => 0.0, :p75 => 0.0, :p50 => 0.0, :p90 => 0.0, :p99 => 0.0, :p95 => 0.0)",NaN,0.0,0.0,0.0,0.0,0.0,"Dict(""mean_extraversion"" => 0.0, ""std_agreeableness"" => 0.0, ""std_extraversion"" => 0.0, ""mean_openness"" => 0.0, ""std_conscientiousness"" => 0.0, ""mean_agreeableness"" => 0.0, ""std_neuroticism"" => 0.0, ""std_openness"" => 0.0, ""mean_conscientiousness"" => 0.0, ""mean_neuroticism"" => 0.0)",0,0,"Dict(""blue_proportion"" => 0.0, ""red_proportion"" => 0.0)",0.0,0.0,0.0,0.0,0.0,0.0,0.0,0.0,0.0,0.0,0.0,0.0,0.0,0.0,0.0,0.0,0.0,0.0,0.0,0.0
147,0,0,4,22,24,0.0,0.0,0.0,0.0,"Dict(:p25 => 0.0, :p75 => 0.0, :p50 => 0.0, :p90 => 0.0, :p99 => 0.0, :p95 => 0.0)",NaN,0.0,0.0,0.0,0.0,0.0,"Dict(""mean_extraversion"" => 0.0, ""std_agreeableness"" => 0.0, ""std_extraversion"" => 0.0, ""mean_openness"" => 0.0, ""std_conscientiousness"" => 0.0, ""mean_agreeableness"" => 0.0, ""std_neuroticism"" => 0.0, ""std_openness"" => 0.0, ""mean_conscientiousness"" => 0.0, ""mean_neuroticism"" => 0.0)",0,0,"Dict(""blue_proportion"" => 0.0, ""red_proportion"" => 0.0)",0.0,0.0,0.0,0.0,0.0,0.0,0.0,0.0,0.0,0.0,0.0,0.0,0.0,0.0,0.0,0.0,0.0,0.0,0.0,0.0
148,0,0,4,22,24,0.0,0.0,0.0,0.0,"Dict(:p25 => 0.0, :p75 => 0.0, :p50 => 0.0, :p90 => 0.0, :p99 => 0.0, :p95 => 0.0)",NaN,0.0,0.0,0.0,0.0,0.0,"Dict(""mean_extraversion"" => 0.0, ""std_agreeableness"" => 0.0, ""std_extraversion"" => 0.0, ""mean_openness"" => 0.0, ""std_conscientiousness"" => 0.0, ""mean_agreeableness"" => 0.0, ""std_neuroticism"" => 0.0, ""std_openness"" => 0.0, ""mean_conscientiousness"" => 0.0, ""mean_neuroticism"" => 0.0)",0,0,"Dict(""blue_proportion"" => 0.0, ""red_proportion"" => 0.0)",0.0,0.0,0.0,0.0,0.0,0.0,0.0,0.0,0.0,0.0,0.0,0.0,0.0,0.0,0.0,0.0,0.0,0.0,0.0,0.0
149,0,0,4,22,24,0.0,0.0,0.0,0.0,"Dict(:p25 => 0.0, :p75 => 0.0, :p50 => 0.0, :p90 => 0.0, :p99 => 0.0, :p95 => 0.0)",NaN,0.0,0.0,0.0,0.0,0.0,"Dict(""mean_extraversion"" => 0.0, ""std_agreeableness"" => 0.0, ""std_extraversion"" => 0.0, ""mean_openness"" => 0.0, ""std_conscientiousness"" => 0.0, ""mean_agreeableness"" => 0.0, ""std_neuroticism"" => 0.0, ""std_openness"" => 0.0, ""mean_conscientiousness"" => 0.0, ""mean_neuroticism"" => 0.0)",0,0,"Dict(""blue_proportion"" => 0.0, ""red_proportion"" => 0.0)",0.0,0.0,0.0,0.0,0.0,0.0,0.0,0.0,0.0,0.0,0.0,0.0,0.0,0.0,0.0,0.0,0.0,0.0,0.0,0.0
150,0,0,4,22,24,0.0,0.0,0.0,0.0,"Dict(:p25 => 0.0, :p75 => 0.0, :p50 => 0.0, :p90 => 0.0, :p99 => 0.0, :p95 => 0.0)",NaN,0.0,0.0,0.0,0.0,0.0,"Dict(""mean_extraversion"" => 0.0, ""std_agreeableness"" => 0.0, ""std_extraversion"" => 0.0, ""mean_openness"" => 0.0, ""std_conscientiousness"" => 0.0, ""mean_agreeableness"" => 0.0, ""std_neuroticism"" => 0.0, ""std_openness"" => 0.0, ""mean_conscientiousness"" => 0.0, ""mean_neuroticism"" => 0.0)",0,0,"Dict(""blue_proportion"" => 0.0, ""red_proportion"" => 0.0)",0.0,0.0,0.0,0.0,0.0,0.0,0.0,0.0,0.0,0.0,0.0,0.0,0.0,0.0,0.0,0.0,0.0,0.0,0.0,0.0
