id,pos_1,pos_2,vision,metabolism,sugar,age,max_age,sex,has_reproduced,has_spread_culture,has_accepted_culture,initial_sugar,children,total_inheritance_received,culture,loans_given,loans_owed,diseases,immunity,last_partner_id,last_credit_partner,last_combat_partner,chose_not_to_attack,chose_not_to_borrow,chose_not_to_lend,chose_not_to_reproduce,chose_not_to_spread_culture,traits
5,3,34,6,1,22.0,0,89,female,false,false,false,22.0,Int64[],0.0,"Bool[1, 1, 0, 1, 1, 0, 0, 1, 0, 0, 0]","Dict{Int64, Vector{Sugarscape.Loan}}()","Dict{Int64, Vector{Sugarscape.Loan}}()",BitVector[],"Bool[0, 0, 0, 0, 0, 0, 0, 0, 0, 0, 0, 0, 0, 0, 0, 0, 0, 0, 0, 0, 0, 0, 0, 0, 0, 0, 0, 0, 0, 0, 0, 0]",Int64[],Int64[],Int64[],false,false,false,false,false,"(openness = 4.24, conscientiousness = 2.77, extraversion = 2.93, agreeableness = 3.77, neuroticism = 2.86)"
35,31,50,4,2,13.0,0,76,male,false,false,false,13.0,Int64[],0.0,"Bool[0, 0, 0, 1, 0, 0, 0, 1, 0, 0, 0]","Dict{Int64, Vector{Sugarscape.Loan}}()","Dict{Int64, Vector{Sugarscape.Loan}}()",BitVector[],"Bool[0, 0, 0, 0, 0, 0, 0, 0, 0, 0, 0, 0, 0, 0, 0, 0, 0, 0, 0, 0, 0, 0, 0, 0, 0, 0, 0, 0, 0, 0, 0, 0]",Int64[],Int64[],Int64[],false,false,false,false,false,"(openness = 4.46, conscientiousness = 5.0, extraversion = 2.95, agreeableness = 4.03, neuroticism = 2.9)"
30,17,36,2,3,19.0,0,91,female,false,false,false,19.0,Int64[],0.0,"Bool[0, 1, 1, 1, 0, 0, 1, 1, 1, 0, 0]","Dict{Int64, Vector{Sugarscape.Loan}}()","Dict{Int64, Vector{Sugarscape.Loan}}()",BitVector[],"Bool[0, 0, 0, 0, 0, 0, 0, 0, 0, 0, 0, 0, 0, 0, 0, 0, 0, 0, 0, 0, 0, 0, 0, 0, 0, 0, 0, 0, 0, 0, 0, 0]",Int64[],Int64[],Int64[],false,false,false,false,false,"(openness = 4.14, conscientiousness = 4.38, extraversion = 1.0, agreeableness = 3.89, neuroticism = 2.84)"
32,25,41,2,4,16.0,0,74,female,false,false,false,16.0,Int64[],0.0,"Bool[1, 1, 1, 0, 1, 0, 0, 1, 1, 0, 1]","Dict{Int64, Vector{Sugarscape.Loan}}()","Dict{Int64, Vector{Sugarscape.Loan}}()",BitVector[],"Bool[0, 0, 0, 0, 0, 0, 0, 0, 0, 0, 0, 0, 0, 0, 0, 0, 0, 0, 0, 0, 0, 0, 0, 0, 0, 0, 0, 0, 0, 0, 0, 0]",Int64[],Int64[],Int64[],false,false,false,false,false,"(openness = 4.36, conscientiousness = 4.36, extraversion = 2.97, agreeableness = 3.46, neuroticism = 3.79)"
6,26,27,3,2,11.0,0,92,female,false,false,false,11.0,Int64[],0.0,"Bool[0, 0, 0, 1, 0, 0, 0, 0, 1, 1, 0]","Dict{Int64, Vector{Sugarscape.Loan}}()","Dict{Int64, Vector{Sugarscape.Loan}}()",BitVector[],"Bool[0, 0, 0, 0, 0, 0, 0, 0, 0, 0, 0, 0, 0, 0, 0, 0, 0, 0, 0, 0, 0, 0, 0, 0, 0, 0, 0, 0, 0, 0, 0, 0]",Int64[],Int64[],Int64[],false,false,false,false,false,"(openness = 3.72, conscientiousness = 3.6, extraversion = 2.78, agreeableness = 3.96, neuroticism = 1.21)"
45,44,32,6,3,14.0,0,92,male,false,false,false,14.0,Int64[],0.0,"Bool[0, 0, 1, 1, 1, 0, 0, 1, 0, 0, 1]","Dict{Int64, Vector{Sugarscape.Loan}}()","Dict{Int64, Vector{Sugarscape.Loan}}()",BitVector[],"Bool[0, 0, 0, 0, 0, 0, 0, 0, 0, 0, 0, 0, 0, 0, 0, 0, 0, 0, 0, 0, 0, 0, 0, 0, 0, 0, 0, 0, 0, 0, 0, 0]",Int64[],Int64[],Int64[],false,false,false,false,false,"(openness = 3.74, conscientiousness = 3.99, extraversion = 1.34, agreeableness = 3.82, neuroticism = 1.58)"
4,9,13,6,2,16.0,0,86,male,false,false,false,16.0,Int64[],0.0,"Bool[1, 1, 1, 0, 0, 1, 1, 0, 1, 0, 0]","Dict{Int64, Vector{Sugarscape.Loan}}()","Dict{Int64, Vector{Sugarscape.Loan}}()",BitVector[],"Bool[0, 0, 0, 0, 0, 0, 0, 0, 0, 0, 0, 0, 0, 0, 0, 0, 0, 0, 0, 0, 0, 0, 0, 0, 0, 0, 0, 0, 0, 0, 0, 0]",Int64[],Int64[],Int64[],false,false,false,false,false,"(openness = 3.24, conscientiousness = 3.93, extraversion = 3.31, agreeableness = 3.48, neuroticism = 2.09)"
13,17,26,6,4,14.0,0,65,male,false,false,false,14.0,Int64[],0.0,"Bool[0, 1, 0, 0, 0, 1, 1, 1, 1, 0, 0]","Dict{Int64, Vector{Sugarscape.Loan}}()","Dict{Int64, Vector{Sugarscape.Loan}}()",BitVector[],"Bool[0, 0, 0, 0, 0, 0, 0, 0, 0, 0, 0, 0, 0, 0, 0, 0, 0, 0, 0, 0, 0, 0, 0, 0, 0, 0, 0, 0, 0, 0, 0, 0]",Int64[],Int64[],Int64[],false,false,false,false,false,"(openness = 4.12, conscientiousness = 3.07, extraversion = 3.21, agreeableness = 1.95, neuroticism = 2.72)"
12,21,9,6,2,8.0,0,88,male,false,false,false,8.0,Int64[],0.0,"Bool[1, 0, 0, 0, 0, 0, 0, 1, 0, 0, 1]","Dict{Int64, Vector{Sugarscape.Loan}}()","Dict{Int64, Vector{Sugarscape.Loan}}()",BitVector[],"Bool[0, 0, 0, 0, 0, 0, 0, 0, 0, 0, 0, 0, 0, 0, 0, 0, 0, 0, 0, 0, 0, 0, 0, 0, 0, 0, 0, 0, 0, 0, 0, 0]",Int64[],Int64[],Int64[],false,false,false,false,false,"(openness = 2.87, conscientiousness = 3.91, extraversion = 3.14, agreeableness = 3.34, neuroticism = 3.56)"
28,26,19,2,4,5.0,0,91,male,false,false,false,5.0,Int64[],0.0,"Bool[0, 0, 1, 0, 1, 0, 0, 0, 0, 0, 1]","Dict{Int64, Vector{Sugarscape.Loan}}()","Dict{Int64, Vector{Sugarscape.Loan}}()",BitVector[],"Bool[0, 0, 0, 0, 0, 0, 0, 0, 0, 0, 0, 0, 0, 0, 0, 0, 0, 0, 0, 0, 0, 0, 0, 0, 0, 0, 0, 0, 0, 0, 0, 0]",Int64[],Int64[],Int64[],false,false,false,false,false,"(openness = 3.59, conscientiousness = 2.37, extraversion = 3.92, agreeableness = 3.77, neuroticism = 2.84)"
23,31,2,2,1,23.0,0,60,male,false,false,false,23.0,Int64[],0.0,"Bool[1, 1, 0, 0, 1, 0, 0, 0, 1, 1, 0]","Dict{Int64, Vector{Sugarscape.Loan}}()","Dict{Int64, Vector{Sugarscape.Loan}}()",BitVector[],"Bool[0, 0, 0, 0, 0, 0, 0, 0, 0, 0, 0, 0, 0, 0, 0, 0, 0, 0, 0, 0, 0, 0, 0, 0, 0, 0, 0, 0, 0, 0, 0, 0]",Int64[],Int64[],Int64[],false,false,false,false,false,"(openness = 3.82, conscientiousness = 3.36, extraversion = 3.42, agreeableness = 4.12, neuroticism = 3.75)"
41,2,18,1,3,6.0,0,72,female,false,false,false,6.0,Int64[],0.0,"Bool[0, 1, 0, 0, 0, 1, 0, 1, 0, 1, 0]","Dict{Int64, Vector{Sugarscape.Loan}}()","Dict{Int64, Vector{Sugarscape.Loan}}()",BitVector[],"Bool[0, 0, 0, 0, 0, 0, 0, 0, 0, 0, 0, 0, 0, 0, 0, 0, 0, 0, 0, 0, 0, 0, 0, 0, 0, 0, 0, 0, 0, 0, 0, 0]",Int64[],Int64[],Int64[],false,false,false,false,false,"(openness = 3.43, conscientiousness = 2.87, extraversion = 3.56, agreeableness = 3.77, neuroticism = 3.24)"
43,48,9,3,4,10.0,0,63,male,false,false,false,10.0,Int64[],0.0,"Bool[1, 1, 1, 1, 0, 1, 1, 1, 0, 0, 0]","Dict{Int64, Vector{Sugarscape.Loan}}()","Dict{Int64, Vector{Sugarscape.Loan}}()",BitVector[],"Bool[0, 0, 0, 0, 0, 0, 0, 0, 0, 0, 0, 0, 0, 0, 0, 0, 0, 0, 0, 0, 0, 0, 0, 0, 0, 0, 0, 0, 0, 0, 0, 0]",Int64[],Int64[],Int64[],false,false,false,false,false,"(openness = 4.83, conscientiousness = 3.28, extraversion = 3.09, agreeableness = 4.13, neuroticism = 2.72)"
11,35,1,2,2,8.0,0,92,male,false,false,false,8.0,Int64[],0.0,"Bool[1, 1, 0, 0, 0, 0, 1, 1, 1, 1, 0]","Dict{Int64, Vector{Sugarscape.Loan}}()","Dict{Int64, Vector{Sugarscape.Loan}}()",BitVector[],"Bool[0, 0, 0, 0, 0, 0, 0, 0, 0, 0, 0, 0, 0, 0, 0, 0, 0, 0, 0, 0, 0, 0, 0, 0, 0, 0, 0, 0, 0, 0, 0, 0]",Int64[],Int64[],Int64[],false,false,false,false,false,"(openness = 4.43, conscientiousness = 3.7, extraversion = 5.0, agreeableness = 5.0, neuroticism = 2.38)"
36,43,42,1,1,6.0,0,64,female,false,false,false,6.0,Int64[],0.0,"Bool[1, 1, 1, 0, 1, 1, 0, 1, 1, 1, 1]","Dict{Int64, Vector{Sugarscape.Loan}}()","Dict{Int64, Vector{Sugarscape.Loan}}()",BitVector[],"Bool[0, 0, 0, 0, 0, 0, 0, 0, 0, 0, 0, 0, 0, 0, 0, 0, 0, 0, 0, 0, 0, 0, 0, 0, 0, 0, 0, 0, 0, 0, 0, 0]",Int64[],Int64[],Int64[],false,false,false,false,false,"(openness = 3.24, conscientiousness = 3.46, extraversion = 2.41, agreeableness = 4.31, neuroticism = 3.33)"
39,9,24,1,1,15.0,0,99,female,false,false,false,15.0,Int64[],0.0,"Bool[0, 0, 0, 1, 1, 0, 1, 1, 1, 1, 1]","Dict{Int64, Vector{Sugarscape.Loan}}()","Dict{Int64, Vector{Sugarscape.Loan}}()",BitVector[],"Bool[0, 0, 0, 0, 0, 0, 0, 0, 0, 0, 0, 0, 0, 0, 0, 0, 0, 0, 0, 0, 0, 0, 0, 0, 0, 0, 0, 0, 0, 0, 0, 0]",Int64[],Int64[],Int64[],false,false,false,false,false,"(openness = 3.17, conscientiousness = 3.07, extraversion = 2.58, agreeableness = 2.32, neuroticism = 3.02)"
7,9,40,1,1,8.0,0,76,male,false,false,false,8.0,Int64[],0.0,"Bool[1, 0, 0, 1, 0, 0, 1, 0, 0, 1, 0]","Dict{Int64, Vector{Sugarscape.Loan}}()","Dict{Int64, Vector{Sugarscape.Loan}}()",BitVector[],"Bool[0, 0, 0, 0, 0, 0, 0, 0, 0, 0, 0, 0, 0, 0, 0, 0, 0, 0, 0, 0, 0, 0, 0, 0, 0, 0, 0, 0, 0, 0, 0, 0]",Int64[],Int64[],Int64[],false,false,false,false,false,"(openness = 4.78, conscientiousness = 3.51, extraversion = 2.08, agreeableness = 3.46, neuroticism = 4.11)"
25,10,9,2,3,18.0,0,89,female,false,false,false,18.0,Int64[],0.0,"Bool[1, 0, 1, 1, 0, 1, 1, 0, 1, 0, 0]","Dict{Int64, Vector{Sugarscape.Loan}}()","Dict{Int64, Vector{Sugarscape.Loan}}()",BitVector[],"Bool[0, 0, 0, 0, 0, 0, 0, 0, 0, 0, 0, 0, 0, 0, 0, 0, 0, 0, 0, 0, 0, 0, 0, 0, 0, 0, 0, 0, 0, 0, 0, 0]",Int64[],Int64[],Int64[],false,false,false,false,false,"(openness = 4.05, conscientiousness = 3.85, extraversion = 4.22, agreeableness = 3.45, neuroticism = 2.87)"
34,5,33,1,4,24.0,0,69,male,false,false,false,24.0,Int64[],0.0,"Bool[1, 0, 1, 1, 1, 1, 1, 0, 1, 0, 0]","Dict{Int64, Vector{Sugarscape.Loan}}()","Dict{Int64, Vector{Sugarscape.Loan}}()",BitVector[],"Bool[0, 0, 0, 0, 0, 0, 0, 0, 0, 0, 0, 0, 0, 0, 0, 0, 0, 0, 0, 0, 0, 0, 0, 0, 0, 0, 0, 0, 0, 0, 0, 0]",Int64[],Int64[],Int64[],false,false,false,false,false,"(openness = 4.13, conscientiousness = 2.9, extraversion = 4.28, agreeableness = 3.05, neuroticism = 2.82)"
50,14,21,5,2,25.0,0,62,female,false,false,false,25.0,Int64[],0.0,"Bool[1, 1, 1, 1, 1, 1, 0, 1, 1, 0, 1]","Dict{Int64, Vector{Sugarscape.Loan}}()","Dict{Int64, Vector{Sugarscape.Loan}}()",BitVector[],"Bool[0, 0, 0, 0, 0, 0, 0, 0, 0, 0, 0, 0, 0, 0, 0, 0, 0, 0, 0, 0, 0, 0, 0, 0, 0, 0, 0, 0, 0, 0, 0, 0]",Int64[],Int64[],Int64[],false,false,false,false,false,"(openness = 3.32, conscientiousness = 3.97, extraversion = 2.96, agreeableness = 3.77, neuroticism = 2.59)"
2,10,47,6,1,6.0,0,93,male,false,false,false,6.0,Int64[],0.0,"Bool[0, 0, 1, 0, 0, 1, 1, 0, 0, 1, 1]","Dict{Int64, Vector{Sugarscape.Loan}}()","Dict{Int64, Vector{Sugarscape.Loan}}()",BitVector[],"Bool[0, 0, 0, 0, 0, 0, 0, 0, 0, 0, 0, 0, 0, 0, 0, 0, 0, 0, 0, 0, 0, 0, 0, 0, 0, 0, 0, 0, 0, 0, 0, 0]",Int64[],Int64[],Int64[],false,false,false,false,false,"(openness = 4.8, conscientiousness = 3.94, extraversion = 3.82, agreeableness = 4.03, neuroticism = 2.87)"
10,39,45,6,1,14.0,0,71,male,false,false,false,14.0,Int64[],0.0,"Bool[0, 1, 0, 0, 0, 0, 1, 1, 0, 1, 0]","Dict{Int64, Vector{Sugarscape.Loan}}()","Dict{Int64, Vector{Sugarscape.Loan}}()",BitVector[],"Bool[0, 0, 0, 0, 0, 0, 0, 0, 0, 0, 0, 0, 0, 0, 0, 0, 0, 0, 0, 0, 0, 0, 0, 0, 0, 0, 0, 0, 0, 0, 0, 0]",Int64[],Int64[],Int64[],false,false,false,false,false,"(openness = 4.51, conscientiousness = 3.82, extraversion = 3.77, agreeableness = 4.26, neuroticism = 3.36)"
18,50,21,5,4,11.0,0,61,female,false,false,false,11.0,Int64[],0.0,"Bool[1, 0, 1, 0, 1, 0, 1, 0, 1, 0, 1]","Dict{Int64, Vector{Sugarscape.Loan}}()","Dict{Int64, Vector{Sugarscape.Loan}}()",BitVector[],"Bool[0, 0, 0, 0, 0, 0, 0, 0, 0, 0, 0, 0, 0, 0, 0, 0, 0, 0, 0, 0, 0, 0, 0, 0, 0, 0, 0, 0, 0, 0, 0, 0]",Int64[],Int64[],Int64[],false,false,false,false,false,"(openness = 4.46, conscientiousness = 3.08, extraversion = 3.27, agreeableness = 3.93, neuroticism = 3.57)"
26,44,18,2,3,19.0,0,61,female,false,false,false,19.0,Int64[],0.0,"Bool[1, 0, 1, 1, 0, 0, 1, 1, 1, 0, 1]","Dict{Int64, Vector{Sugarscape.Loan}}()","Dict{Int64, Vector{Sugarscape.Loan}}()",BitVector[],"Bool[0, 0, 0, 0, 0, 0, 0, 0, 0, 0, 0, 0, 0, 0, 0, 0, 0, 0, 0, 0, 0, 0, 0, 0, 0, 0, 0, 0, 0, 0, 0, 0]",Int64[],Int64[],Int64[],false,false,false,false,false,"(openness = 3.21, conscientiousness = 4.41, extraversion = 3.02, agreeableness = 3.56, neuroticism = 5.0)"
27,37,1,1,3,25.0,0,76,male,false,false,false,25.0,Int64[],0.0,"Bool[0, 0, 1, 1, 0, 1, 1, 0, 0, 1, 1]","Dict{Int64, Vector{Sugarscape.Loan}}()","Dict{Int64, Vector{Sugarscape.Loan}}()",BitVector[],"Bool[0, 0, 0, 0, 0, 0, 0, 0, 0, 0, 0, 0, 0, 0, 0, 0, 0, 0, 0, 0, 0, 0, 0, 0, 0, 0, 0, 0, 0, 0, 0, 0]",Int64[],Int64[],Int64[],false,false,false,false,false,"(openness = 3.26, conscientiousness = 2.42, extraversion = 1.78, agreeableness = 3.66, neuroticism = 3.16)"
42,23,13,2,1,16.0,0,67,male,false,false,false,16.0,Int64[],0.0,"Bool[1, 1, 1, 0, 1, 0, 1, 0, 1, 1, 0]","Dict{Int64, Vector{Sugarscape.Loan}}()","Dict{Int64, Vector{Sugarscape.Loan}}()",BitVector[],"Bool[0, 0, 0, 0, 0, 0, 0, 0, 0, 0, 0, 0, 0, 0, 0, 0, 0, 0, 0, 0, 0, 0, 0, 0, 0, 0, 0, 0, 0, 0, 0, 0]",Int64[],Int64[],Int64[],false,false,false,false,false,"(openness = 3.76, conscientiousness = 2.06, extraversion = 4.22, agreeableness = 4.45, neuroticism = 2.54)"
16,38,38,6,3,11.0,0,91,female,false,false,false,11.0,Int64[],0.0,"Bool[1, 1, 0, 1, 1, 0, 0, 1, 1, 1, 1]","Dict{Int64, Vector{Sugarscape.Loan}}()","Dict{Int64, Vector{Sugarscape.Loan}}()",BitVector[],"Bool[0, 0, 0, 0, 0, 0, 0, 0, 0, 0, 0, 0, 0, 0, 0, 0, 0, 0, 0, 0, 0, 0, 0, 0, 0, 0, 0, 0, 0, 0, 0, 0]",Int64[],Int64[],Int64[],false,false,false,false,false,"(openness = 3.59, conscientiousness = 2.73, extraversion = 1.75, agreeableness = 3.96, neuroticism = 4.54)"
20,13,9,4,1,14.0,0,87,male,false,false,false,14.0,Int64[],0.0,"Bool[0, 1, 1, 1, 0, 0, 1, 1, 0, 1, 0]","Dict{Int64, Vector{Sugarscape.Loan}}()","Dict{Int64, Vector{Sugarscape.Loan}}()",BitVector[],"Bool[0, 0, 0, 0, 0, 0, 0, 0, 0, 0, 0, 0, 0, 0, 0, 0, 0, 0, 0, 0, 0, 0, 0, 0, 0, 0, 0, 0, 0, 0, 0, 0]",Int64[],Int64[],Int64[],false,false,false,false,false,"(openness = 5.0, conscientiousness = 3.83, extraversion = 3.15, agreeableness = 3.73, neuroticism = 1.23)"
19,48,27,4,2,22.0,0,98,female,false,false,false,22.0,Int64[],0.0,"Bool[0, 1, 1, 0, 0, 0, 1, 0, 1, 1, 1]","Dict{Int64, Vector{Sugarscape.Loan}}()","Dict{Int64, Vector{Sugarscape.Loan}}()",BitVector[],"Bool[0, 0, 0, 0, 0, 0, 0, 0, 0, 0, 0, 0, 0, 0, 0, 0, 0, 0, 0, 0, 0, 0, 0, 0, 0, 0, 0, 0, 0, 0, 0, 0]",Int64[],Int64[],Int64[],false,false,false,false,false,"(openness = 3.89, conscientiousness = 3.5, extraversion = 2.81, agreeableness = 4.09, neuroticism = 1.39)"
49,6,24,1,1,13.0,0,82,female,false,false,false,13.0,Int64[],0.0,"Bool[1, 1, 1, 0, 1, 1, 0, 0, 0, 0, 1]","Dict{Int64, Vector{Sugarscape.Loan}}()","Dict{Int64, Vector{Sugarscape.Loan}}()",BitVector[],"Bool[0, 0, 0, 0, 0, 0, 0, 0, 0, 0, 0, 0, 0, 0, 0, 0, 0, 0, 0, 0, 0, 0, 0, 0, 0, 0, 0, 0, 0, 0, 0, 0]",Int64[],Int64[],Int64[],false,false,false,false,false,"(openness = 4.42, conscientiousness = 4.14, extraversion = 1.45, agreeableness = 4.67, neuroticism = 3.83)"
44,10,1,2,3,18.0,0,100,female,false,false,false,18.0,Int64[],0.0,"Bool[1, 1, 1, 1, 0, 0, 1, 1, 0, 1, 1]","Dict{Int64, Vector{Sugarscape.Loan}}()","Dict{Int64, Vector{Sugarscape.Loan}}()",BitVector[],"Bool[0, 0, 0, 0, 0, 0, 0, 0, 0, 0, 0, 0, 0, 0, 0, 0, 0, 0, 0, 0, 0, 0, 0, 0, 0, 0, 0, 0, 0, 0, 0, 0]",Int64[],Int64[],Int64[],false,false,false,false,false,"(openness = 2.7, conscientiousness = 4.15, extraversion = 1.84, agreeableness = 4.43, neuroticism = 3.09)"
9,13,19,2,4,13.0,0,95,male,false,false,false,13.0,Int64[],0.0,"Bool[0, 0, 1, 0, 0, 1, 1, 0, 0, 1, 1]","Dict{Int64, Vector{Sugarscape.Loan}}()","Dict{Int64, Vector{Sugarscape.Loan}}()",BitVector[],"Bool[0, 0, 0, 0, 0, 0, 0, 0, 0, 0, 0, 0, 0, 0, 0, 0, 0, 0, 0, 0, 0, 0, 0, 0, 0, 0, 0, 0, 0, 0, 0, 0]",Int64[],Int64[],Int64[],false,false,false,false,false,"(openness = 4.03, conscientiousness = 3.52, extraversion = 3.1, agreeableness = 3.76, neuroticism = 4.4)"
31,19,39,5,2,20.0,0,60,female,false,false,false,20.0,Int64[],0.0,"Bool[0, 1, 1, 0, 0, 1, 0, 1, 1, 1, 1]","Dict{Int64, Vector{Sugarscape.Loan}}()","Dict{Int64, Vector{Sugarscape.Loan}}()",BitVector[],"Bool[0, 0, 0, 0, 0, 0, 0, 0, 0, 0, 0, 0, 0, 0, 0, 0, 0, 0, 0, 0, 0, 0, 0, 0, 0, 0, 0, 0, 0, 0, 0, 0]",Int64[],Int64[],Int64[],false,false,false,false,false,"(openness = 3.73, conscientiousness = 2.38, extraversion = 3.08, agreeableness = 3.42, neuroticism = 1.72)"
29,43,15,5,4,14.0,0,98,male,false,false,false,14.0,Int64[],0.0,"Bool[0, 0, 0, 1, 1, 0, 1, 1, 1, 0, 0]","Dict{Int64, Vector{Sugarscape.Loan}}()","Dict{Int64, Vector{Sugarscape.Loan}}()",BitVector[],"Bool[0, 0, 0, 0, 0, 0, 0, 0, 0, 0, 0, 0, 0, 0, 0, 0, 0, 0, 0, 0, 0, 0, 0, 0, 0, 0, 0, 0, 0, 0, 0, 0]",Int64[],Int64[],Int64[],false,false,false,false,false,"(openness = 3.97, conscientiousness = 3.24, extraversion = 2.47, agreeableness = 3.47, neuroticism = 3.8)"
46,23,40,6,2,21.0,0,68,male,false,false,false,21.0,Int64[],0.0,"Bool[1, 1, 0, 0, 1, 0, 1, 0, 1, 1, 0]","Dict{Int64, Vector{Sugarscape.Loan}}()","Dict{Int64, Vector{Sugarscape.Loan}}()",BitVector[],"Bool[0, 0, 0, 0, 0, 0, 0, 0, 0, 0, 0, 0, 0, 0, 0, 0, 0, 0, 0, 0, 0, 0, 0, 0, 0, 0, 0, 0, 0, 0, 0, 0]",Int64[],Int64[],Int64[],false,false,false,false,false,"(openness = 3.78, conscientiousness = 4.53, extraversion = 2.22, agreeableness = 3.78, neuroticism = 3.02)"
21,6,20,4,1,24.0,0,91,female,false,false,false,24.0,Int64[],0.0,"Bool[1, 1, 1, 1, 1, 0, 1, 0, 1, 1, 0]","Dict{Int64, Vector{Sugarscape.Loan}}()","Dict{Int64, Vector{Sugarscape.Loan}}()",BitVector[],"Bool[0, 0, 0, 0, 0, 0, 0, 0, 0, 0, 0, 0, 0, 0, 0, 0, 0, 0, 0, 0, 0, 0, 0, 0, 0, 0, 0, 0, 0, 0, 0, 0]",Int64[],Int64[],Int64[],false,false,false,false,false,"(openness = 3.37, conscientiousness = 4.33, extraversion = 2.56, agreeableness = 4.03, neuroticism = 2.81)"
38,38,17,2,1,17.0,0,60,female,false,false,false,17.0,Int64[],0.0,"Bool[0, 1, 1, 0, 1, 0, 0, 0, 0, 1, 1]","Dict{Int64, Vector{Sugarscape.Loan}}()","Dict{Int64, Vector{Sugarscape.Loan}}()",BitVector[],"Bool[0, 0, 0, 0, 0, 0, 0, 0, 0, 0, 0, 0, 0, 0, 0, 0, 0, 0, 0, 0, 0, 0, 0, 0, 0, 0, 0, 0, 0, 0, 0, 0]",Int64[],Int64[],Int64[],false,false,false,false,false,"(openness = 4.12, conscientiousness = 3.21, extraversion = 2.9, agreeableness = 4.26, neuroticism = 3.93)"
24,12,50,6,2,14.0,0,83,female,false,false,false,14.0,Int64[],0.0,"Bool[1, 0, 0, 1, 0, 0, 0, 1, 1, 0, 1]","Dict{Int64, Vector{Sugarscape.Loan}}()","Dict{Int64, Vector{Sugarscape.Loan}}()",BitVector[],"Bool[0, 0, 0, 0, 0, 0, 0, 0, 0, 0, 0, 0, 0, 0, 0, 0, 0, 0, 0, 0, 0, 0, 0, 0, 0, 0, 0, 0, 0, 0, 0, 0]",Int64[],Int64[],Int64[],false,false,false,false,false,"(openness = 3.03, conscientiousness = 3.64, extraversion = 2.95, agreeableness = 3.29, neuroticism = 2.63)"
8,33,22,4,3,15.0,0,74,male,false,false,false,15.0,Int64[],0.0,"Bool[1, 1, 1, 0, 0, 0, 1, 1, 0, 0, 1]","Dict{Int64, Vector{Sugarscape.Loan}}()","Dict{Int64, Vector{Sugarscape.Loan}}()",BitVector[],"Bool[0, 0, 0, 0, 0, 0, 0, 0, 0, 0, 0, 0, 0, 0, 0, 0, 0, 0, 0, 0, 0, 0, 0, 0, 0, 0, 0, 0, 0, 0, 0, 0]",Int64[],Int64[],Int64[],false,false,false,false,false,"(openness = 4.14, conscientiousness = 3.27, extraversion = 4.37, agreeableness = 4.88, neuroticism = 2.82)"
17,13,44,1,2,22.0,0,93,male,false,false,false,22.0,Int64[],0.0,"Bool[1, 0, 1, 1, 1, 0, 1, 0, 0, 1, 0]","Dict{Int64, Vector{Sugarscape.Loan}}()","Dict{Int64, Vector{Sugarscape.Loan}}()",BitVector[],"Bool[0, 0, 0, 0, 0, 0, 0, 0, 0, 0, 0, 0, 0, 0, 0, 0, 0, 0, 0, 0, 0, 0, 0, 0, 0, 0, 0, 0, 0, 0, 0, 0]",Int64[],Int64[],Int64[],false,false,false,false,false,"(openness = 3.86, conscientiousness = 3.36, extraversion = 3.08, agreeableness = 4.6, neuroticism = 4.11)"
37,24,8,6,3,5.0,0,91,female,false,false,false,5.0,Int64[],0.0,"Bool[1, 1, 0, 1, 1, 0, 1, 0, 1, 0, 0]","Dict{Int64, Vector{Sugarscape.Loan}}()","Dict{Int64, Vector{Sugarscape.Loan}}()",BitVector[],"Bool[0, 0, 0, 0, 0, 0, 0, 0, 0, 0, 0, 0, 0, 0, 0, 0, 0, 0, 0, 0, 0, 0, 0, 0, 0, 0, 0, 0, 0, 0, 0, 0]",Int64[],Int64[],Int64[],false,false,false,false,false,"(openness = 4.15, conscientiousness = 3.69, extraversion = 2.43, agreeableness = 3.71, neuroticism = 4.01)"
1,2,21,6,2,9.0,0,92,male,false,false,false,9.0,Int64[],0.0,"Bool[0, 0, 1, 1, 1, 0, 0, 0, 0, 1, 1]","Dict{Int64, Vector{Sugarscape.Loan}}()","Dict{Int64, Vector{Sugarscape.Loan}}()",BitVector[],"Bool[0, 0, 0, 0, 0, 0, 0, 0, 0, 0, 0, 0, 0, 0, 0, 0, 0, 0, 0, 0, 0, 0, 0, 0, 0, 0, 0, 0, 0, 0, 0, 0]",Int64[],Int64[],Int64[],false,false,false,false,false,"(openness = 3.83, conscientiousness = 4.27, extraversion = 3.76, agreeableness = 4.93, neuroticism = 3.06)"
22,20,18,1,3,25.0,0,97,male,false,false,false,25.0,Int64[],0.0,"Bool[1, 1, 0, 0, 0, 0, 1, 0, 1, 1, 1]","Dict{Int64, Vector{Sugarscape.Loan}}()","Dict{Int64, Vector{Sugarscape.Loan}}()",BitVector[],"Bool[0, 0, 0, 0, 0, 0, 0, 0, 0, 0, 0, 0, 0, 0, 0, 0, 0, 0, 0, 0, 0, 0, 0, 0, 0, 0, 0, 0, 0, 0, 0, 0]",Int64[],Int64[],Int64[],false,false,false,false,false,"(openness = 4.22, conscientiousness = 3.39, extraversion = 3.73, agreeableness = 4.73, neuroticism = 1.53)"
47,5,12,2,4,11.0,0,62,female,false,false,false,11.0,Int64[],0.0,"Bool[0, 0, 0, 1, 1, 0, 1, 1, 0, 0, 0]","Dict{Int64, Vector{Sugarscape.Loan}}()","Dict{Int64, Vector{Sugarscape.Loan}}()",BitVector[],"Bool[0, 0, 0, 0, 0, 0, 0, 0, 0, 0, 0, 0, 0, 0, 0, 0, 0, 0, 0, 0, 0, 0, 0, 0, 0, 0, 0, 0, 0, 0, 0, 0]",Int64[],Int64[],Int64[],false,false,false,false,false,"(openness = 4.04, conscientiousness = 2.86, extraversion = 3.47, agreeableness = 4.55, neuroticism = 3.15)"
14,13,40,2,2,10.0,0,69,male,false,false,false,10.0,Int64[],0.0,"Bool[0, 1, 0, 0, 0, 0, 1, 0, 0, 1, 1]","Dict{Int64, Vector{Sugarscape.Loan}}()","Dict{Int64, Vector{Sugarscape.Loan}}()",BitVector[],"Bool[0, 0, 0, 0, 0, 0, 0, 0, 0, 0, 0, 0, 0, 0, 0, 0, 0, 0, 0, 0, 0, 0, 0, 0, 0, 0, 0, 0, 0, 0, 0, 0]",Int64[],Int64[],Int64[],false,false,false,false,false,"(openness = 4.44, conscientiousness = 3.11, extraversion = 1.95, agreeableness = 2.21, neuroticism = 2.93)"
3,30,6,1,4,14.0,0,97,female,false,false,false,14.0,Int64[],0.0,"Bool[0, 1, 1, 0, 1, 0, 1, 1, 1, 0, 1]","Dict{Int64, Vector{Sugarscape.Loan}}()","Dict{Int64, Vector{Sugarscape.Loan}}()",BitVector[],"Bool[0, 0, 0, 0, 0, 0, 0, 0, 0, 0, 0, 0, 0, 0, 0, 0, 0, 0, 0, 0, 0, 0, 0, 0, 0, 0, 0, 0, 0, 0, 0, 0]",Int64[],Int64[],Int64[],false,false,false,false,false,"(openness = 4.14, conscientiousness = 5.0, extraversion = 3.86, agreeableness = 4.58, neuroticism = 1.86)"
33,26,2,2,4,7.0,0,88,female,false,false,false,7.0,Int64[],0.0,"Bool[0, 1, 0, 1, 0, 1, 1, 0, 0, 0, 1]","Dict{Int64, Vector{Sugarscape.Loan}}()","Dict{Int64, Vector{Sugarscape.Loan}}()",BitVector[],"Bool[0, 0, 0, 0, 0, 0, 0, 0, 0, 0, 0, 0, 0, 0, 0, 0, 0, 0, 0, 0, 0, 0, 0, 0, 0, 0, 0, 0, 0, 0, 0, 0]",Int64[],Int64[],Int64[],false,false,false,false,false,"(openness = 3.65, conscientiousness = 3.67, extraversion = 3.07, agreeableness = 3.86, neuroticism = 3.92)"
40,19,35,5,4,21.0,0,95,female,false,false,false,21.0,Int64[],0.0,"Bool[0, 0, 1, 0, 0, 0, 0, 0, 1, 0, 1]","Dict{Int64, Vector{Sugarscape.Loan}}()","Dict{Int64, Vector{Sugarscape.Loan}}()",BitVector[],"Bool[0, 0, 0, 0, 0, 0, 0, 0, 0, 0, 0, 0, 0, 0, 0, 0, 0, 0, 0, 0, 0, 0, 0, 0, 0, 0, 0, 0, 0, 0, 0, 0]",Int64[],Int64[],Int64[],false,false,false,false,false,"(openness = 4.82, conscientiousness = 2.58, extraversion = 3.0, agreeableness = 2.91, neuroticism = 2.86)"
48,44,33,5,4,18.0,0,90,female,false,false,false,18.0,Int64[],0.0,"Bool[0, 1, 0, 1, 0, 1, 1, 1, 1, 0, 0]","Dict{Int64, Vector{Sugarscape.Loan}}()","Dict{Int64, Vector{Sugarscape.Loan}}()",BitVector[],"Bool[0, 0, 0, 0, 0, 0, 0, 0, 0, 0, 0, 0, 0, 0, 0, 0, 0, 0, 0, 0, 0, 0, 0, 0, 0, 0, 0, 0, 0, 0, 0, 0]",Int64[],Int64[],Int64[],false,false,false,false,false,"(openness = 3.9, conscientiousness = 2.79, extraversion = 1.99, agreeableness = 4.39, neuroticism = 4.49)"
15,28,20,4,2,5.0,0,60,female,false,false,false,5.0,Int64[],0.0,"Bool[1, 0, 0, 1, 1, 0, 0, 1, 0, 1, 1]","Dict{Int64, Vector{Sugarscape.Loan}}()","Dict{Int64, Vector{Sugarscape.Loan}}()",BitVector[],"Bool[0, 0, 0, 0, 0, 0, 0, 0, 0, 0, 0, 0, 0, 0, 0, 0, 0, 0, 0, 0, 0, 0, 0, 0, 0, 0, 0, 0, 0, 0, 0, 0]",Int64[],Int64[],Int64[],false,false,false,false,false,"(openness = 4.77, conscientiousness = 3.82, extraversion = 3.32, agreeableness = 4.17, neuroticism = 1.73)"
