time,nagents,#215,#216,#217,#218,#219,#220,#221,#222,#223,#224,#225,#226,#227
0,50,3.884297118205747,"Dict{String, Real}(""unique_cultures"" => 49, ""max_possible"" => 2048, ""diversity_ratio"" => 0.02392578125)",0.0,0.0,"Dict(:p25 => 10.25, :p75 => 19.0, :p50 => 14.0, :p90 => 23.1, :p99 => 25.0, :p95 => 24.549999999999997)",9.797632143947327,0,0,"Dict{String, Real}(""red_transmission_rate"" => 0.0, ""blue_transmission_rate"" => 0.0, ""blue_initiated_transmissions"" => 0, ""red_initiated_transmissions"" => 0, ""total_transmissions"" => 0)",0.0,0.0,"Dict{String, Real}(""n_edges"" => 0, ""density"" => 0.0, ""avg_degree"" => 0.0, ""n_nodes"" => 50, ""max_degree"" => 0)",0.23110204081632646
1,50,3.884297118205747,"Dict{String, Real}(""unique_cultures"" => 49, ""max_possible"" => 2048, ""diversity_ratio"" => 0.02392578125)",0.0,0.0,"Dict(:p25 => 8.25, :p75 => 19.75, :p50 => 13.0, :p90 => 23.0, :p99 => 24.509999999999998, :p95 => 23.549999999999997)",22.977338591455364,0,0,"Dict{String, Real}(""red_transmission_rate"" => 0.0, ""blue_transmission_rate"" => 1.0, ""blue_initiated_transmissions"" => 2, ""red_initiated_transmissions"" => 0, ""total_transmissions"" => 2)",0.0,0.0,"Dict{String, Real}(""n_edges"" => 0, ""density"" => 0.0, ""avg_degree"" => 0.0, ""n_nodes"" => 50, ""max_degree"" => 0)",0.2593604651162791
2,50,3.884297118205747,"Dict{String, Real}(""unique_cultures"" => 49, ""max_possible"" => 2048, ""diversity_ratio"" => 0.02392578125)",0.0,0.0,"Dict(:p25 => 8.25, :p75 => 18.75, :p50 => 12.0, :p90 => 24.0, :p99 => 26.019999999999996, :p95 => 24.0)",9.113401132554415,0,1,"Dict{String, Real}(""red_transmission_rate"" => 0.2857142857142857, ""blue_transmission_rate"" => 0.7142857142857143, ""blue_initiated_transmissions"" => 5, ""red_initiated_transmissions"" => 2, ""total_transmissions"" => 7)",0.0,0.0,"Dict{String, Real}(""n_edges"" => 0, ""density"" => 0.0, ""avg_degree"" => 0.0, ""n_nodes"" => 50, ""max_degree"" => 0)",0.2939301972685888
3,50,3.912023005428145,"Dict{String, Real}(""unique_cultures"" => 50, ""max_possible"" => 2048, ""diversity_ratio"" => 0.0244140625)",0.0,0.0,"Dict(:p25 => 7.25, :p75 => 19.0, :p50 => 11.0, :p90 => 25.0, :p99 => 28.509999999999998, :p95 => 26.0)",6.36811966835726,0,3,"Dict{String, Real}(""red_transmission_rate"" => 0.4, ""blue_transmission_rate"" => 0.6, ""blue_initiated_transmissions"" => 3, ""red_initiated_transmissions"" => 2, ""total_transmissions"" => 5)",0.0,0.0,"Dict{String, Real}(""n_edges"" => 0, ""density"" => 0.0, ""avg_degree"" => 0.0, ""n_nodes"" => 50, ""max_degree"" => 0)",0.3291297709923664
4,50,3.8842971182057475,"Dict{String, Real}(""unique_cultures"" => 49, ""max_possible"" => 2048, ""diversity_ratio"" => 0.02392578125)",0.0,0.0,"Dict(:p25 => 7.25, :p75 => 20.0, :p50 => 12.0, :p90 => 26.1, :p99 => 31.0, :p95 => 28.0)",4.692572257095971,0,6,"Dict{String, Real}(""red_transmission_rate"" => 0.4444444444444444, ""blue_transmission_rate"" => 0.5555555555555556, ""blue_initiated_transmissions"" => 5, ""red_initiated_transmissions"" => 4, ""total_transmissions"" => 9)",0.0,0.0,"Dict{String, Real}(""n_edges"" => 0, ""density"" => 0.0, ""avg_degree"" => 0.0, ""n_nodes"" => 50, ""max_degree"" => 0)",0.3447337278106508
5,50,3.912023005428145,"Dict{String, Real}(""unique_cultures"" => 50, ""max_possible"" => 2048, ""diversity_ratio"" => 0.0244140625)",0.0,0.0,"Dict(:p25 => 7.0, :p75 => 20.0, :p50 => 12.0, :p90 => 28.1, :p99 => 33.51, :p95 => 30.0)",4.320091061721625,0,9,"Dict{String, Real}(""red_transmission_rate"" => 0.42857142857142855, ""blue_transmission_rate"" => 0.5714285714285714, ""blue_initiated_transmissions"" => 4, ""red_initiated_transmissions"" => 3, ""total_transmissions"" => 7)",0.0,0.0,"Dict{String, Real}(""n_edges"" => 0, ""density"" => 0.0, ""avg_degree"" => 0.0, ""n_nodes"" => 50, ""max_degree"" => 0)",0.3581294964028776
6,50,3.912023005428145,"Dict{String, Real}(""unique_cultures"" => 50, ""max_possible"" => 2048, ""diversity_ratio"" => 0.0244140625)",0.0,0.0,"Dict(:p25 => 7.25, :p75 => 22.0, :p50 => 12.5, :p90 => 31.0, :p99 => 36.019999999999996, :p95 => 32.0)",4.603194106800915,0,12,"Dict{String, Real}(""red_transmission_rate"" => 0.7777777777777778, ""blue_transmission_rate"" => 0.2222222222222222, ""blue_initiated_transmissions"" => 2, ""red_initiated_transmissions"" => 7, ""total_transmissions"" => 9)",0.0,0.0,"Dict{String, Real}(""n_edges"" => 0, ""density"" => 0.0, ""avg_degree"" => 0.0, ""n_nodes"" => 50, ""max_degree"" => 0)",0.3613793103448275
7,50,3.912023005428145,"Dict{String, Real}(""unique_cultures"" => 50, ""max_possible"" => 2048, ""diversity_ratio"" => 0.0244140625)",0.0,0.0,"Dict(:p25 => 7.0, :p75 => 23.0, :p50 => 13.0, :p90 => 33.1, :p99 => 38.529999999999994, :p95 => 34.0)",4.165206615227643,0,13,"Dict{String, Real}(""red_transmission_rate"" => 0.5294117647058824, ""blue_transmission_rate"" => 0.47058823529411764, ""blue_initiated_transmissions"" => 8, ""red_initiated_transmissions"" => 9, ""total_transmissions"" => 17)",0.0,0.0,"Dict{String, Real}(""n_edges"" => 0, ""density"" => 0.0, ""avg_degree"" => 0.0, ""n_nodes"" => 50, ""max_degree"" => 0)",0.38189500640204854
8,50,3.912023005428145,"Dict{String, Real}(""unique_cultures"" => 50, ""max_possible"" => 2048, ""diversity_ratio"" => 0.0244140625)",0.0,0.0,"Dict(:p25 => 7.25, :p75 => 24.0, :p50 => 15.5, :p90 => 34.1, :p99 => 41.03999999999999, :p95 => 36.55)",3.8751897892579206,0,16,"Dict{String, Real}(""red_transmission_rate"" => 0.4117647058823529, ""blue_transmission_rate"" => 0.5882352941176471, ""blue_initiated_transmissions"" => 10, ""red_initiated_transmissions"" => 7, ""total_transmissions"" => 17)",0.0,0.0,"Dict{String, Real}(""n_edges"" => 0, ""density"" => 0.0, ""avg_degree"" => 0.0, ""n_nodes"" => 50, ""max_degree"" => 0)",0.36887323943661965
9,50,3.8842971182057475,"Dict{String, Real}(""unique_cultures"" => 49, ""max_possible"" => 2048, ""diversity_ratio"" => 0.02392578125)",0.0,0.0,"Dict(:p25 => 6.75, :p75 => 25.75, :p50 => 16.5, :p90 => 36.0, :p99 => 43.03999999999999, :p95 => 38.55)",5.0384956616845145,0,18,"Dict{String, Real}(""red_transmission_rate"" => 0.5, ""blue_transmission_rate"" => 0.5, ""blue_initiated_transmissions"" => 8, ""red_initiated_transmissions"" => 8, ""total_transmissions"" => 16)",0.0,0.0,"Dict{String, Real}(""n_edges"" => 0, ""density"" => 0.0, ""avg_degree"" => 0.0, ""n_nodes"" => 50, ""max_degree"" => 0)",0.37124579124579116
10,50,3.8842971182057475,"Dict{String, Real}(""unique_cultures"" => 49, ""max_possible"" => 2048, ""diversity_ratio"" => 0.02392578125)",0.0,0.0,"Dict(:p25 => 8.75, :p75 => 27.5, :p50 => 17.0, :p90 => 38.0, :p99 => 45.54999999999999, :p95 => 40.64999999999999)",6.223920723170318,0,20,"Dict{String, Real}(""red_transmission_rate"" => 0.36363636363636365, ""blue_transmission_rate"" => 0.6363636363636364, ""blue_initiated_transmissions"" => 7, ""red_initiated_transmissions"" => 4, ""total_transmissions"" => 11)",0.0,0.0,"Dict{String, Real}(""n_edges"" => 0, ""density"" => 0.0, ""avg_degree"" => 0.0, ""n_nodes"" => 50, ""max_degree"" => 0)",0.36890295358649783
11,50,3.884297118205747,"Dict{String, Real}(""unique_cultures"" => 49, ""max_possible"" => 2048, ""diversity_ratio"" => 0.02392578125)",0.0,0.0,"Dict(:p25 => 11.25, :p75 => 28.75, :p50 => 17.0, :p90 => 40.0, :p99 => 48.05999999999999, :p95 => 42.749999999999986)",6.615502806103238,0,22,"Dict{String, Real}(""red_transmission_rate"" => 0.3076923076923077, ""blue_transmission_rate"" => 0.6923076923076923, ""blue_initiated_transmissions"" => 9, ""red_initiated_transmissions"" => 4, ""total_transmissions"" => 13)",0.0,0.0,"Dict{String, Real}(""n_edges"" => 0, ""density"" => 0.0, ""avg_degree"" => 0.0, ""n_nodes"" => 50, ""max_degree"" => 0)",0.3633500501504514
